2026-01-13 15:56:43,044 [main] INFO  c.d.canton.CantonCommunityApp$ - Starting Canton version 2.10.0
2026-01-13 15:56:43,481 [main] INFO  c.d.canton.CantonCommunityApp$ - Starting up with resolved config:
domains {
    local {
        admin-api {
            port=6868
        }
        init {
            domain-parameters {
                protocol-version="7"
            }
        }
        public-api {
            port=6867
        }
        storage {
            type=memory
        }
    }
}
parameters {
    dev-version-support=true
    non-standard-config=true
    ports-file="/var/folders/6h/h_td7sys15x4866r9hv1k8xc0000gn/T/extra-dir-95270520674/sandbox-portfile"
}
participants {
    sandbox {
        admin-api {
            port=6866
        }
        ledger-api {
            port=6865
            user-management-service {
                enabled=true
            }
        }
        parameters {
            dev-version-support=true
        }
        storage {
            type=memory
        }
    }
}

2026-01-13 15:56:43,495 [main] INFO  c.d.c.e.CommunityEnvironment - Deriving 8 as number of threads from 'sys.runtime.availableProcessors()'. Please use '-Dscala.concurrent.context.numThreads' to override.
2026-01-13 15:56:43,594 [canton-env-ec-20] INFO  o.a.pekko.event.slf4j.Slf4jLogger - Slf4jLogger started
2026-01-13 15:56:43,631 [main] INFO  c.d.c.t.OpenTelemetryFactory$ - Initializing open telemetry with Exporter.Disabled
2026-01-13 15:56:43,661 [main] INFO  c.d.c.e.CommunityEnvironment tid:387a5958a053ec63c668a620563322a5 - Automatically starting all instances
2026-01-13 15:56:43,773 [canton-env-ec-29] INFO  c.d.c.crypto.Crypto:domain=local - 'crypto' is now in state Ok(). Previous state was Not Initialized.
2026-01-13 15:56:43,775 [canton-env-ec-22] INFO  c.d.c.d.DomainNodeBootstrap:domain=local - Starting admin-api services on CommunityAdminServerConfig(127.0.0.1,Some(6868),None,Some(BasicKeepAliveServerConfig(40s,20s,20s,false)),10485760)
2026-01-13 15:56:43,805 [canton-env-ec-29] INFO  c.d.c.c.Crypto:participant=sandbox - 'crypto' is now in state Ok(). Previous state was Not Initialized.
2026-01-13 15:56:43,806 [canton-env-ec-28] INFO  c.d.c.p.ParticipantNodeBootstrap:participant=sandbox - Starting admin-api services on CommunityAdminServerConfig(127.0.0.1,Some(6866),None,Some(BasicKeepAliveServerConfig(40s,20s,20s,false)),10485760)
2026-01-13 15:56:43,932 [main] ERROR c.d.c.e.CommunityEnvironment tid:387a5958a053ec63c668a620563322a5 - Failed to start local: Failed to bind to address /127.0.0.1:6868
2026-01-13 15:56:43,934 [Thread-0] INFO  c.d.canton.CantonCommunityApp$ - Shutting down...
2026-01-13 15:56:43,935 [Thread-0] INFO  c.d.c.e.CommunityEnvironment - Closing environment...
2026-01-13 15:56:43,949 [canton-env-ec-20] INFO  o.a.pekko.actor.CoordinatedShutdown - Running CoordinatedShutdown with reason [ActorSystemTerminateReason]
2026-01-13 15:56:43,972 [Thread-0] INFO  c.d.canton.CantonCommunityApp$ - Shutdown complete.
2026-01-13 15:56:43,972 [Thread-0] INFO  c.d.canton.CantonCommunityApp$ - Shutting down logger. Bye bye.
2026-01-13 16:14:28,566 [main] INFO  c.d.canton.CantonCommunityApp$ - Starting Canton version 2.10.0
2026-01-13 16:14:29,038 [main] INFO  c.d.canton.CantonCommunityApp$ - Starting up with resolved config:
domains {
    local {
        admin-api {
            port=6868
        }
        init {
            domain-parameters {
                protocol-version="7"
            }
        }
        public-api {
            port=6867
        }
        storage {
            type=memory
        }
    }
}
parameters {
    dev-version-support=true
    non-standard-config=true
    ports-file="/var/folders/6h/h_td7sys15x4866r9hv1k8xc0000gn/T/extra-dir-81887976684/sandbox-portfile"
}
participants {
    sandbox {
        admin-api {
            port=6866
        }
        ledger-api {
            port=6865
            user-management-service {
                enabled=true
            }
        }
        parameters {
            dev-version-support=true
        }
        storage {
            type=memory
        }
    }
}

2026-01-13 16:14:29,062 [main] INFO  c.d.c.e.CommunityEnvironment - Deriving 8 as number of threads from 'sys.runtime.availableProcessors()'. Please use '-Dscala.concurrent.context.numThreads' to override.
2026-01-13 16:14:29,171 [canton-env-ec-20] INFO  o.a.pekko.event.slf4j.Slf4jLogger - Slf4jLogger started
2026-01-13 16:14:29,212 [main] INFO  c.d.c.t.OpenTelemetryFactory$ - Initializing open telemetry with Exporter.Disabled
2026-01-13 16:14:29,243 [main] INFO  c.d.c.e.CommunityEnvironment tid:b6c40180afff8d3ed04ac9fdcad673f7 - Automatically starting all instances
2026-01-13 16:14:29,371 [canton-env-ec-24] INFO  c.d.c.crypto.Crypto:domain=local - 'crypto' is now in state Ok(). Previous state was Not Initialized.
2026-01-13 16:14:29,373 [canton-env-ec-23] INFO  c.d.c.d.DomainNodeBootstrap:domain=local - Starting admin-api services on CommunityAdminServerConfig(127.0.0.1,Some(6868),None,Some(BasicKeepAliveServerConfig(40s,20s,20s,false)),10485760)
2026-01-13 16:14:29,423 [canton-env-ec-24] INFO  c.d.c.c.Crypto:participant=sandbox - 'crypto' is now in state Ok(). Previous state was Not Initialized.
2026-01-13 16:14:29,423 [canton-env-ec-29] INFO  c.d.c.p.ParticipantNodeBootstrap:participant=sandbox - Starting admin-api services on CommunityAdminServerConfig(127.0.0.1,Some(6866),None,Some(BasicKeepAliveServerConfig(40s,20s,20s,false)),10485760)
2026-01-13 16:14:29,612 [canton-env-ec-23] INFO  c.d.c.d.DomainNodeBootstrap:domain=local - 'domain' is now in state ServingStatus(status = 'SERVING'). Previous state was ServingStatus(status = 'NOT_SERVING').
2026-01-13 16:14:29,614 [canton-env-ec-29] INFO  c.d.c.p.ParticipantNodeBootstrap:participant=sandbox - 'participant' is now in state ServingStatus(status = 'SERVING'). Previous state was ServingStatus(status = 'NOT_SERVING').
2026-01-13 16:14:29,686 [canton-env-ec-30] INFO  c.d.c.p.ParticipantNodeBootstrap:participant=sandbox - Node is not initialized yet. Performing automated default initialization.
2026-01-13 16:14:29,686 [canton-env-ec-29] INFO  c.d.c.d.DomainNodeBootstrap:domain=local - Node is not initialized yet. Performing automated default initialization.
2026-01-13 16:14:29,848 [canton-env-ec-22] INFO  c.d.c.d.t.DomainTopologyManager:domain=local tid:06656ac69b03c6f89670badf8bb3fc59 - Applied topology transaction Add NamespaceDelegation(1220ed54d96b..., SigningPublicKey(id = 1220ed54d96b..., format = Tink, scheme = Ed25519), true) at 2026-01-13T10:44:29.847213Z
2026-01-13 16:14:29,848 [canton-env-ec-23] INFO  c.d.c.p.t.ParticipantTopologyManager:participant=sandbox tid:f0f91e0b49b7ebf8d5e524a50b115626 - Applied topology transaction Add NamespaceDelegation(122089928cb4..., SigningPublicKey(id = 122089928cb4..., format = Tink, scheme = Ed25519), true) at 2026-01-13T10:44:29.847245Z
2026-01-13 16:14:29,869 [canton-env-ec-29] INFO  c.d.c.d.t.DomainTopologyManager:domain=local tid:06656ac69b03c6f89670badf8bb3fc59 - Applied topology transaction Replace DomainParametersChange(
  local::1220ed54d96b...,
  DynamicDomainParameters(
    participant response timeout = 30s,
    mediator reaction timeout = 30s,
    transfer exclusivity timeout = 1m,
    topology change delay = 0.25s,
    ledger time record time tolerance = 1m,
    mediator deduplication timeout = 2m,
    reconciliation interval = 1m,
    max rate per participant = 1000000,
    max request size = 10485760,
    catchup config = CatchUpConfig(catchUpIntervalSkip = 5, nrIntervalsToTriggerCatchUp = 2)
  )
) at 2026-01-13T10:44:29.868071Z
2026-01-13 16:14:29,876 [canton-env-ec-22] INFO  c.d.c.d.t.DomainTopologyManager:domain=local tid:06656ac69b03c6f89670badf8bb3fc59 - Applied topology transaction Add OwnerToKeyMapping(DOM::local::1220ed54d96b..., SigningPublicKey(id = 1220f3b3bbb5..., format = Tink, scheme = Ed25519)) at 2026-01-13T10:44:29.876320Z
2026-01-13 16:14:29,883 [canton-env-ec-22] INFO  c.d.c.d.t.DomainTopologyManager:domain=local - Applied topology transaction Add OwnerToKeyMapping(MED::local::1220ed54d96b..., SigningPublicKey(id = 122037e50e5f..., format = Tink, scheme = Ed25519)) at 2026-01-13T10:44:29.882743Z
2026-01-13 16:14:29,890 [canton-env-ec-21] INFO  c.d.c.d.t.DomainTopologyManager:domain=local - Applied topology transaction Add MediatorDomainState(Both, local::1220ed54d96b..., MED::local::1220ed54d96b...) at 2026-01-13T10:44:29.890112Z
2026-01-13 16:14:29,896 [canton-env-ec-30] INFO  c.d.c.p.a.PackageUploader:participant=sandbox - Initializing Upgradable Package Resolution View
2026-01-13 16:14:29,897 [canton-env-ec-24] INFO  c.d.c.p.a.PackageUploader:participant=sandbox - Upgradable Package Resolution View has been initialized (1 ms)
2026-01-13 16:14:29,899 [canton-env-ec-28] INFO  c.d.c.d.t.DomainTopologyManager:domain=local - Applied topology transaction Add OwnerToKeyMapping(SEQ::local::1220ed54d96b..., SigningPublicKey(id = 12201ec68094..., format = Tink, scheme = Ed25519)) at 2026-01-13T10:44:29.899493Z
2026-01-13 16:14:29,901 [canton-env-ec-21] INFO  c.d.c.d.DomainNodeBootstrap:domain=local - Initializing node with id NodeId(local::1220ed54d96b...)
2026-01-13 16:14:29,941 [canton-env-ec-29] INFO  c.d.c.p.s.CantonSyncService:participant=sandbox tid:1cc91189f4ef382cf7cc1ac44bcfc84f - Recovering published timely rejections
2026-01-13 16:14:29,948 [canton-env-ec-24] INFO  c.d.c.p.s.CantonSyncService:participant=sandbox tid:1cc91189f4ef382cf7cc1ac44bcfc84f - Publishing the unpublished events from the ParticipantEventLog
2026-01-13 16:14:29,996 [canton-env-ec-24] INFO  c.d.c.p.l.a.StartableStoppableLedgerApiServer:participant=sandbox - Creating storage, num-indexer: 16, num-ledger-api: 4
2026-01-13 16:14:30,019 [canton-env-ec-28] INFO  c.d.c.d.s.SequencerRuntime:domain=local - Sequencer is healthy
2026-01-13 16:14:30,034 [canton-env-ec-24] INFO  c.d.c.h.MutableHealthQuasiComponent:domain=local - 'sequencer' is now in state SequencerHealthStatus(active = true). Previous state was SequencerHealthStatus(active = false).
2026-01-13 16:14:30,035 [canton-env-ec-24] INFO  c.d.c.d.DomainNodeBootstrap:domain=local - 'sequencer-health-check-service' is now in state ServingStatus(status = 'SERVING'). Previous state was ServingStatus(status = 'NOT_SERVING').
2026-01-13 16:14:30,098 [canton-env-ec-22] INFO  c.d.c.p.s.b.VerifiedDataSource$:participant=sandbox - Attempting to connect to the database (attempt 1/600)
2026-01-13 16:14:30,212 [canton-env-ec-21] INFO  c.d.c.p.s.FlywayMigrations:participant=sandbox - Ensuring Flyway migration has either not started or there are no pending migrations...
2026-01-13 16:14:30,217 [canton-env-ec-21] INFO  o.f.c.i.license.VersionPrinter - Flyway Community Edition 9.15.2 by Redgate
2026-01-13 16:14:30,217 [canton-env-ec-21] INFO  o.f.c.i.license.VersionPrinter - See release notes here: https://rd.gt/416ObMi
2026-01-13 16:14:30,217 [canton-env-ec-21] INFO  o.f.c.i.license.VersionPrinter - 
2026-01-13 16:14:30,239 [canton-env-ec-21] INFO  o.f.c.i.d.base.BaseDatabaseType - Database: jdbc:h2:mem:ledger_api_sandbox122089928cb4f1e635eb6d445a9019a7c5b062c235f4e358b24d992a87a00e8e0f83_20e2c907f5c6426fb4a8e2731710e8cd (H2 2.1)
2026-01-13 16:14:30,243 [canton-env-ec-23] INFO  c.d.c.s.c.SequencerClientImpl:domain=local/client=topology-manager - No event found up to 0001-01-01T00:00:00Z. Resubscribing from the beginning.
2026-01-13 16:14:30,243 [canton-env-ec-23] INFO  c.d.c.s.c.SequencerClientImpl:domain=local/client=topology-manager - Processing events from the SequencedEventStore from 0001-01-01T00:00:00.000001Z on
2026-01-13 16:14:30,258 [canton-env-ec-29] INFO  c.d.c.s.c.SequencerClientImpl:domain=local/client=topology-manager - Starting subscription for alias=SEQ::local::1220ed54d96b... at timestamp None; next counter 0
2026-01-13 16:14:30,260 [canton-env-ec-21] INFO  c.d.c.p.s.FlywayMigrations:participant=sandbox - Running Flyway migration on empty database with 1 migrations pending...
2026-01-13 16:14:30,262 [canton-env-ec-29] INFO  c.d.c.h.DelegatingMutableHealthComponent:domain=local/client=topology-manager - 'sequencer-client' is now in state Ok(). Previous state was Not Initialized.
2026-01-13 16:14:30,263 [canton-env-ec-21] INFO  o.f.c.internal.command.DbValidate - Successfully validated 1 migration (execution time 00:00.000s)
2026-01-13 16:14:30,264 [canton-env-ec-21] INFO  o.f.c.i.s.JdbcTableSchemaHistory - Creating Schema History table "PUBLIC"."flyway_schema_history" ...
2026-01-13 16:14:30,289 [canton-env-ec-21] INFO  o.f.core.internal.command.DbMigrate - Current version of schema "PUBLIC": << Empty Schema >>
2026-01-13 16:14:30,302 [canton-env-ec-20] INFO  c.d.c.d.i.TopologyManagementInitialization$:domain=local - Sending initial topology transactions to domain members Set(DOM::local::1220ed54d96b..., MED::local::1220ed54d96b...) as DOM::local::1220ed54d96b...
2026-01-13 16:14:30,306 [canton-env-ec-21] INFO  o.f.core.internal.command.DbMigrate - Migrating schema "PUBLIC" to version "1 - Append only schema"
2026-01-13 16:14:30,326 [canton-env-ec-23] INFO  c.d.c.d.s.a.MemberAuthenticationServiceOld:domain=local - DOM::local::1220ed54d96b... authenticated new token with expiry 2026-01-13T11:44:30.324453Z
2026-01-13 16:14:30,340 [canton-env-ec-21] INFO  o.f.core.internal.command.DbMigrate - Successfully applied 1 migration to schema "PUBLIC", now at version v1 (execution time 00:00.056s)
2026-01-13 16:14:30,341 [canton-env-ec-21] INFO  c.d.c.p.s.FlywayMigrations:participant=sandbox - Flyway schema migration finished successfully, applying 1 steps on empty database.
2026-01-13 16:14:30,353 [canton-env-ec-20] INFO  c.d.c.d.s.s.GrpcSequencerService:domain=local - DOM::local::1220ed54d96b... subscribes from counter=0
2026-01-13 16:14:30,360 [canton-env-ec-22] INFO  c.d.c.p.i.RecoveringIndexer:participant=sandbox - Starting Indexer Server
2026-01-13 16:14:30,367 [canton-env-ec-29] INFO  com.zaxxer.hikari.HikariDataSource - daml.index.db.connection.indexer - Starting...
2026-01-13 16:14:30,373 [canton-env-ec-29] INFO  com.zaxxer.hikari.HikariDataSource - daml.index.db.connection.indexer - Start completed.
2026-01-13 16:14:30,393 [canton-env-ec-20] INFO  c.d.c.p.i.p.InitializeParallelIngestion:participant=sandbox - Attempting to initialize with participant ID sandbox::122089928cb4f1e635eb6d445a9019a7c5b062c235f4e358b24d992a87a00e8e0f83
2026-01-13 16:14:30,395 [daml.index.db.threadpool.connection.indexer-1] INFO  c.d.c.p.s.b.c.ParameterStorageBackendImpl$:participant=sandbox - Initializing new database for participantId 'sandbox::122089928cb4f1e635eb6d445a9019a7c5b062c235f4e358b24d992a87a00e8e0f83'
2026-01-13 16:14:30,397 [canton-env-ec-24] INFO  c.d.c.d.s.s.GrpcSequencerService:domain=local tid:7dde89895009225968b26efa404458eb - 'DOM::local::1220ed54d96b...' sends request with id '47a43ef0-e154-4b30-9146-d550a4f0d0c6' of size 1788 bytes with 2 envelopes.
2026-01-13 16:14:30,403 [canton-env-ec-22] INFO  c.d.c.p.InMemoryState:participant=sandbox - Initializing participant in-memory state to ledger end: LedgerEnd(Offset(Bytes()),0,0)
2026-01-13 16:14:30,411 [canton-env-ec-29] INFO  c.d.c.p.i.UpdatePackageMetadataView$:participant=sandbox - Package Metadata View has been initialized (3 ms)
2026-01-13 16:14:30,413 [canton-env-ec-20] INFO  c.d.c.p.DispatcherState:participant=sandbox - Started a Ledger API offset dispatcher at initialization offset: Offset(Bytes()).
2026-01-13 16:14:30,422 [canton-env-ec-23] INFO  c.d.c.d.s.s.SequencerReader$EventsReader:domain=local/subscriber=DOM::local::1220ed54d96b tid:7dde89895009225968b26efa404458eb - Using approximate topology snapshot at 0001-01-01T00:00:00.000001Z for desired timestamp 2026-01-13T10:44:30.413730Z
2026-01-13 16:14:30,437 [canton-env-ec-20] INFO  c.d.c.p.i.p.ParallelIndexerFactory$:participant=sandbox - Indexer initialized, indexing started.
2026-01-13 16:14:30,437 [canton-env-ec-28] INFO  c.d.c.p.i.RecoveringIndexer:participant=sandbox - Started Indexer Server
2026-01-13 16:14:30,438 [canton-env-ec-22] INFO  com.zaxxer.hikari.HikariDataSource - daml.index.db.connection.api-server - Starting...
2026-01-13 16:14:30,439 [canton-env-ec-22] INFO  com.zaxxer.hikari.HikariDataSource - daml.index.db.connection.api-server - Start completed.
2026-01-13 16:14:30,440 [canton-env-ec-21] INFO  c.d.c.s.c.SequencedEventValidatorImpl:domain=local/client=topology-manager tid:7dde89895009225968b26efa404458eb - Skipping signature verification of the first sequenced event due to a fresh subscription from SEQ::local::1220ed54d96b...
2026-01-13 16:14:30,448 [input-mapping-pool-0] INFO  c.d.c.p.i.p.ParallelIndexerSubscription:participant=sandbox tid:1cc91189f4ef382cf7cc1ac44bcfc84f - Storing at offset=000000000000000001 ConfigurationChanged(
  recordTime = 2026-01-13T10:44:29.955656Z,
  configuration = Configuration(generation = 1, maxDeduplicationDuration = 168h, timeModel = LedgerTimeModel(avgTransactionLatency = 0s, minSkew = 8760h, maxSkew = 8760h)),
  ...
)
2026-01-13 16:14:30,468 [canton-env-ec-30] INFO  c.d.c.p.i.IndexServiceOwner:participant=sandbox - Found existing participant with ID: sandbox::122089928cb4f1e635eb6d445a9019a7c5b062c235f4e358b24d992a87a00e8e0f83`
2026-01-13 16:14:30,480 [canton-env-ec-28] INFO  c.d.c.t.p.DomainTopologyTransactionMessageValidator$Impl:domain=local/client=topology-manager tid:7dde89895009225968b26efa404458eb - Using approximate topology snapshot at 0001-01-01T00:00:00.000001Z for desired timestamp 2026-01-13T10:44:30.413730Z
2026-01-13 16:14:30,490 [canton-env-ec-23] INFO  c.d.c.t.p.TopologyTransactionProcessor:domain=local/client=topology-manager tid:7dde89895009225968b26efa404458eb - Updated topology change delay from=0s to 0.25s
2026-01-13 16:14:30,491 [canton-env-ec-29] INFO  c.d.c.t.p.TopologyTransactionProcessor:domain=local/client=topology-manager tid:7dde89895009225968b26efa404458eb - Storing topology transaction 1/6 Add NamespaceDelegation(1220ed54d96b..., SigningPublicKey(id = 1220ed54d96b..., format = Tink, scheme = Ed25519), true) with ts=EffectiveTime(2026-01-13T10:44:30.413730Z) (epsilon=0 ms)
2026-01-13 16:14:30,492 [canton-env-ec-29] INFO  c.d.c.t.p.TopologyTransactionProcessor:domain=local/client=topology-manager tid:7dde89895009225968b26efa404458eb - Storing topology transaction 2/6 Replace DomainParametersChange(
  local::1220ed54d96b...,
  DynamicDomainParameters(
    participant response timeout = 30s,
    mediator reaction timeout = 30s,
    transfer exclusivity timeout = 1m,
    topology change delay = 0.25s,
    ledger time record time tolerance = 1m,
    mediator deduplication timeout = 2m,
    reconciliation interval = 1m,
    max rate per participant = 1000000,
    max request size = 10485760,
    catchup config = CatchUpConfig(catchUpIntervalSkip = 5, nrIntervalsToTriggerCatchUp = 2)
  )
) with ts=EffectiveTime(2026-01-13T10:44:30.413730Z) (epsilon=0 ms)
2026-01-13 16:14:30,492 [canton-env-ec-29] INFO  c.d.c.t.p.TopologyTransactionProcessor:domain=local/client=topology-manager tid:7dde89895009225968b26efa404458eb - Storing topology transaction 3/6 Add OwnerToKeyMapping(DOM::local::1220ed54d96b..., SigningPublicKey(id = 1220f3b3bbb5..., format = Tink, scheme = Ed25519)) with ts=EffectiveTime(2026-01-13T10:44:30.413730Z) (epsilon=0 ms)
2026-01-13 16:14:30,492 [canton-env-ec-29] INFO  c.d.c.t.p.TopologyTransactionProcessor:domain=local/client=topology-manager tid:7dde89895009225968b26efa404458eb - Storing topology transaction 4/6 Add OwnerToKeyMapping(MED::local::1220ed54d96b..., SigningPublicKey(id = 122037e50e5f..., format = Tink, scheme = Ed25519)) with ts=EffectiveTime(2026-01-13T10:44:30.413730Z) (epsilon=0 ms)
2026-01-13 16:14:30,492 [canton-env-ec-29] INFO  c.d.c.t.p.TopologyTransactionProcessor:domain=local/client=topology-manager tid:7dde89895009225968b26efa404458eb - Storing topology transaction 5/6 Add MediatorDomainState(Both, local::1220ed54d96b..., MED::local::1220ed54d96b...) with ts=EffectiveTime(2026-01-13T10:44:30.413730Z) (epsilon=0 ms)
2026-01-13 16:14:30,493 [canton-env-ec-29] INFO  c.d.c.t.p.TopologyTransactionProcessor:domain=local/client=topology-manager tid:7dde89895009225968b26efa404458eb - Storing topology transaction 6/6 Add OwnerToKeyMapping(SEQ::local::1220ed54d96b..., SigningPublicKey(id = 12201ec68094..., format = Tink, scheme = Ed25519)) with ts=EffectiveTime(2026-01-13T10:44:30.413730Z) (epsilon=0 ms)
2026-01-13 16:14:30,497 [canton-env-ec-21] INFO  c.d.c.p.a.r.MemoryCheck$:participant=sandbox - Using 'tenured' memory pool G1 Old Gen.  Setting its collection pool threshold to 2147483648
2026-01-13 16:14:30,514 [canton-env-ec-54] INFO  c.d.c.h.MutableHealthComponent:domain=local - 'domain-topology-sender' is now in state Ok(). Previous state was Not Initialized.
2026-01-13 16:14:30,516 [canton-env-ec-29] INFO  c.d.c.p.a.ApiServices$Owner:participant=sandbox - Daml-LF Engine supports LF versions: 1.14, 1.15, 1.17, 1.dev
2026-01-13 16:14:30,522 [canton-env-ec-54] INFO  c.d.c.p.a.c.LedgerConfigurationSubscriptionFromIndex:participant=sandbox - Initial ledger configuration lookup found configuration Configuration(1,LedgerTimeModel(PT0S,PT8760H,PT8760H),PT168H) at Absolute(000000000000000001). Looking for new ledger configurations from this offset.
2026-01-13 16:14:30,551 [canton-env-ec-30] INFO  c.d.c.s.c.SequencerClientImpl:domain=local/client=mediator - No event found up to 0001-01-01T00:00:00Z. Resubscribing from the beginning.
2026-01-13 16:14:30,551 [canton-env-ec-30] INFO  c.d.c.s.c.SequencerClientImpl:domain=local/client=mediator - Processing events from the SequencedEventStore from 0001-01-01T00:00:00.000001Z on
2026-01-13 16:14:30,552 [canton-env-ec-23] INFO  c.d.c.s.c.SequencerClientImpl:domain=local/client=mediator - Starting subscription for alias=SEQ::local::1220ed54d96b... at timestamp None; next counter 0
2026-01-13 16:14:30,553 [canton-env-ec-23] INFO  c.d.c.h.DelegatingMutableHealthComponent:domain=local/client=mediator - 'sequencer-client' is now in state Ok(). Previous state was Not Initialized.
2026-01-13 16:14:30,564 [canton-env-ec-23] INFO  c.d.c.d.s.a.MemberAuthenticationServiceOld:domain=local - MED::local::1220ed54d96b... authenticated new token with expiry 2026-01-13T11:44:30.564467Z
2026-01-13 16:14:30,568 [canton-env-ec-24] INFO  c.d.c.d.s.s.GrpcSequencerService:domain=local - MED::local::1220ed54d96b... subscribes from counter=0
2026-01-13 16:14:30,575 [canton-env-ec-29] INFO  c.d.c.s.c.SequencedEventValidatorImpl:domain=local/client=mediator tid:7dde89895009225968b26efa404458eb - Skipping signature verification of the first sequenced event due to a fresh subscription from SEQ::local::1220ed54d96b...
2026-01-13 16:14:30,580 [canton-env-ec-21] INFO  c.d.c.d.m.Mediator:domain=local/node=mediator tid:7dde89895009225968b26efa404458eb - Caught up with batch with counter=0 with sequencer with 167 ms delay
2026-01-13 16:14:30,581 [canton-env-ec-21] INFO  c.d.c.t.p.DomainTopologyTransactionMessageValidator$Impl:domain=local/node=mediator/client=mediator tid:7dde89895009225968b26efa404458eb - Using approximate topology snapshot at 0001-01-01T00:00:00.000001Z for desired timestamp 2026-01-13T10:44:30.413730Z
2026-01-13 16:14:30,584 [canton-env-ec-30] INFO  c.d.c.t.p.TopologyTransactionProcessor:domain=local/node=mediator/client=mediator tid:7dde89895009225968b26efa404458eb - Updated topology change delay from=0s to 0.25s
2026-01-13 16:14:30,585 [canton-env-ec-23] INFO  c.d.c.t.p.TopologyTransactionProcessor:domain=local/node=mediator/client=mediator tid:7dde89895009225968b26efa404458eb - Storing topology transaction 1/6 Add NamespaceDelegation(1220ed54d96b..., SigningPublicKey(id = 1220ed54d96b..., format = Tink, scheme = Ed25519), true) with ts=EffectiveTime(2026-01-13T10:44:30.413730Z) (epsilon=0 ms)
2026-01-13 16:14:30,585 [canton-env-ec-23] INFO  c.d.c.t.p.TopologyTransactionProcessor:domain=local/node=mediator/client=mediator tid:7dde89895009225968b26efa404458eb - Storing topology transaction 2/6 Replace DomainParametersChange(
  local::1220ed54d96b...,
  DynamicDomainParameters(
    participant response timeout = 30s,
    mediator reaction timeout = 30s,
    transfer exclusivity timeout = 1m,
    topology change delay = 0.25s,
    ledger time record time tolerance = 1m,
    mediator deduplication timeout = 2m,
    reconciliation interval = 1m,
    max rate per participant = 1000000,
    max request size = 10485760,
    catchup config = CatchUpConfig(catchUpIntervalSkip = 5, nrIntervalsToTriggerCatchUp = 2)
  )
) with ts=EffectiveTime(2026-01-13T10:44:30.413730Z) (epsilon=0 ms)
2026-01-13 16:14:30,586 [canton-env-ec-23] INFO  c.d.c.t.p.TopologyTransactionProcessor:domain=local/node=mediator/client=mediator tid:7dde89895009225968b26efa404458eb - Storing topology transaction 3/6 Add OwnerToKeyMapping(DOM::local::1220ed54d96b..., SigningPublicKey(id = 1220f3b3bbb5..., format = Tink, scheme = Ed25519)) with ts=EffectiveTime(2026-01-13T10:44:30.413730Z) (epsilon=0 ms)
2026-01-13 16:14:30,586 [canton-env-ec-23] INFO  c.d.c.t.p.TopologyTransactionProcessor:domain=local/node=mediator/client=mediator tid:7dde89895009225968b26efa404458eb - Storing topology transaction 4/6 Add OwnerToKeyMapping(MED::local::1220ed54d96b..., SigningPublicKey(id = 122037e50e5f..., format = Tink, scheme = Ed25519)) with ts=EffectiveTime(2026-01-13T10:44:30.413730Z) (epsilon=0 ms)
2026-01-13 16:14:30,586 [canton-env-ec-23] INFO  c.d.c.t.p.TopologyTransactionProcessor:domain=local/node=mediator/client=mediator tid:7dde89895009225968b26efa404458eb - Storing topology transaction 5/6 Add MediatorDomainState(Both, local::1220ed54d96b..., MED::local::1220ed54d96b...) with ts=EffectiveTime(2026-01-13T10:44:30.413730Z) (epsilon=0 ms)
2026-01-13 16:14:30,586 [canton-env-ec-23] INFO  c.d.c.t.p.TopologyTransactionProcessor:domain=local/node=mediator/client=mediator tid:7dde89895009225968b26efa404458eb - Storing topology transaction 6/6 Add OwnerToKeyMapping(SEQ::local::1220ed54d96b..., SigningPublicKey(id = 12201ec68094..., format = Tink, scheme = Ed25519)) with ts=EffectiveTime(2026-01-13T10:44:30.413730Z) (epsilon=0 ms)
2026-01-13 16:14:30,651 [canton-env-ec-22] INFO  c.d.c.p.a.LedgerApiService:participant=sandbox - Listening on 127.0.0.1:6865 over plain text with LedgerApiKeepAliveServerConfig(10m,20s,10s,true).
2026-01-13 16:14:30,652 [canton-env-ec-21] INFO  c.d.c.p.a.ApiServiceOwner$:participant=sandbox - Initialized API server version {component version not found on classpath} with ledger-id = sandbox, port = 6865.
2026-01-13 16:14:30,673 [canton-env-ec-28] INFO  c.d.c.p.a.s.ApiLedgerIdentityService:participant=sandbox tid:ceeb75715c6f2f06b19905a4b35e9a4f - Received request for ledger identity: GetLedgerIdentityRequest().
2026-01-13 16:14:31,381 [canton-env-ec-74] INFO  c.d.c.p.a.s.ApiPackageService:participant=sandbox tid:df228a1cc98ef522511daa8dcaa6222e - Received request for a package status: GetPackageStatusRequest(sandbox,8abf89c9b4a8d85b16ec66b58c6dc2eb41fb1eba02c36d67e21ca5a4dfa01552), packageId -> '8abf89c9b4a8d85b16ec66b58c6dc2eb41fb1eba02c36d67e21ca5a4dfa01552'.
2026-01-13 16:14:31,381 [canton-env-ec-28] INFO  c.d.c.p.a.s.ApiPackageService:participant=sandbox tid:158e1f26f24808d4d228a76ff6d221df - Received request for a package status: GetPackageStatusRequest(sandbox,3f4deaf145a15cdcfa762c058005e2edb9baa75bb7f95a4f8f6f937378e86415), packageId -> '3f4deaf145a15cdcfa762c058005e2edb9baa75bb7f95a4f8f6f937378e86415'.
2026-01-13 16:14:31,381 [canton-env-ec-20] INFO  c.d.c.p.a.s.ApiPackageService:participant=sandbox tid:2bcae21c3b34bc16f77d5ad747b47154 - Received request for a package status: GetPackageStatusRequest(sandbox,65921e553a353588e950cbc87e98a127730e63295f7ad8d3adae952ef0133b3e), packageId -> '65921e553a353588e950cbc87e98a127730e63295f7ad8d3adae952ef0133b3e'.
2026-01-13 16:14:31,381 [canton-env-ec-24] INFO  c.d.c.p.a.s.ApiPackageService:participant=sandbox tid:39e1258afa3b828bdb59e65d7986542f - Received request for a package status: GetPackageStatusRequest(sandbox,bfcd37bd6b84768e86e432f5f6c33e25d9e7724a9d42e33875ff74f6348e733f), packageId -> 'bfcd37bd6b84768e86e432f5f6c33e25d9e7724a9d42e33875ff74f6348e733f'.
2026-01-13 16:14:31,381 [canton-env-ec-54] INFO  c.d.c.p.a.s.ApiPackageService:participant=sandbox tid:b4713137a4dfd31a1f0fa5809c467548 - Received request for a package status: GetPackageStatusRequest(sandbox,733e38d36a2759688a4b2c4cec69d48e7b55ecc8dedc8067b815926c917a182a), packageId -> '733e38d36a2759688a4b2c4cec69d48e7b55ecc8dedc8067b815926c917a182a'.
2026-01-13 16:14:31,382 [canton-env-ec-23] INFO  c.d.c.p.a.s.ApiPackageService:participant=sandbox tid:b5659a48e04bf8e298070121ddb391a5 - Received request for a package status: GetPackageStatusRequest(sandbox,5921708ce82f4255deb1b26d2c05358b548720938a5a325718dc69f381ba47ff), packageId -> '5921708ce82f4255deb1b26d2c05358b548720938a5a325718dc69f381ba47ff'.
2026-01-13 16:14:31,381 [canton-env-ec-22] INFO  c.d.c.p.a.s.ApiPackageService:participant=sandbox tid:c9801ee6e287777ca9bd5cf3211ae840 - Received request for a package status: GetPackageStatusRequest(sandbox,cc348d369011362a5190fe96dd1f0dfbc697fdfd10e382b9e9666f0da05961b7), packageId -> 'cc348d369011362a5190fe96dd1f0dfbc697fdfd10e382b9e9666f0da05961b7'.
2026-01-13 16:14:31,383 [canton-env-ec-71] INFO  c.d.c.p.a.s.ApiPackageService:participant=sandbox tid:399ce486c8216321d64a8357e410a93c - Received request for a package status: GetPackageStatusRequest(sandbox,c1f1f00558799eec139fb4f4c76f95fb52fa1837a5dd29600baa1c8ed1bdccfd), packageId -> 'c1f1f00558799eec139fb4f4c76f95fb52fa1837a5dd29600baa1c8ed1bdccfd'.
2026-01-13 16:14:31,382 [canton-env-ec-68] INFO  c.d.c.p.a.s.ApiPackageService:participant=sandbox tid:c743cc4b50936f5ffd19bb34c4fc9ecf - Received request for a package status: GetPackageStatusRequest(sandbox,6c2c0667393c5f92f1885163068cd31800d2264eb088eb6fc740e11241b2bf06), packageId -> '6c2c0667393c5f92f1885163068cd31800d2264eb088eb6fc740e11241b2bf06'.
2026-01-13 16:14:31,384 [canton-env-ec-21] INFO  c.d.c.p.a.s.ApiPackageService:participant=sandbox tid:ec0ed0e60ef8550df6ad85a45c574639 - Received request for a package status: GetPackageStatusRequest(sandbox,d58cf9939847921b2aab78eaa7b427dc4c649d25e6bee3c749ace4c3f52f5c97), packageId -> 'd58cf9939847921b2aab78eaa7b427dc4c649d25e6bee3c749ace4c3f52f5c97'.
2026-01-13 16:14:31,382 [canton-env-ec-75] INFO  c.d.c.p.a.s.ApiPackageService:participant=sandbox tid:beab96d365b7ba9b554be7d6dadebe8c - Received request for a package status: GetPackageStatusRequest(sandbox,f20de1e4e37b92280264c08bf15eca0be0bc5babd7a7b5e574997f154c00cb78), packageId -> 'f20de1e4e37b92280264c08bf15eca0be0bc5babd7a7b5e574997f154c00cb78'.
2026-01-13 16:14:31,384 [canton-env-ec-30] INFO  c.d.c.p.a.s.ApiPackageService:participant=sandbox tid:471104d34278eaf6aab48e5ce486d134 - Received request for a package status: GetPackageStatusRequest(sandbox,99a2705ed38c1c26cbb8fe7acf36bbf626668e167a33335de932599219e0a235), packageId -> '99a2705ed38c1c26cbb8fe7acf36bbf626668e167a33335de932599219e0a235'.
2026-01-13 16:14:31,385 [canton-env-ec-54] INFO  c.d.c.p.a.s.ApiPackageService:participant=sandbox tid:b748e9b61d8203a081f26f8edb238378 - Received request for a package status: GetPackageStatusRequest(sandbox,20a8d69c867d7184fd98b7c87f2428aa2c02f6a8a0edc756aac59592a0b6dc3b), packageId -> '20a8d69c867d7184fd98b7c87f2428aa2c02f6a8a0edc756aac59592a0b6dc3b'.
2026-01-13 16:14:31,385 [canton-env-ec-70] INFO  c.d.c.p.a.s.ApiPackageService:participant=sandbox tid:f3daddb5d7933f77d4893545f2bc197c - Received request for a package status: GetPackageStatusRequest(sandbox,86828b9843465f419db1ef8a8ee741d1eef645df02375ebf509cdc8c3ddd16cb), packageId -> '86828b9843465f419db1ef8a8ee741d1eef645df02375ebf509cdc8c3ddd16cb'.
2026-01-13 16:14:31,382 [canton-env-ec-73] INFO  c.d.c.p.a.s.ApiPackageService:participant=sandbox tid:73844dc0821bfe05cddb686ba9b1f9d2 - Received request for a package status: GetPackageStatusRequest(sandbox,c058a0c9602a9c8d85066c27bf4d81c3d7da69c07a87270b1fcedfd284cea7ff), packageId -> 'c058a0c9602a9c8d85066c27bf4d81c3d7da69c07a87270b1fcedfd284cea7ff'.
2026-01-13 16:14:31,385 [canton-env-ec-85] INFO  c.d.c.p.a.s.ApiPackageService:participant=sandbox tid:8b5b33e4b9a4868ba357d427deedd2ba - Received request for a package status: GetPackageStatusRequest(sandbox,e491352788e56ca4603acc411ffe1a49fefd76ed8b163af86cf5ee5f4c38645b), packageId -> 'e491352788e56ca4603acc411ffe1a49fefd76ed8b163af86cf5ee5f4c38645b'.
2026-01-13 16:14:31,381 [canton-env-ec-72] INFO  c.d.c.p.a.s.ApiPackageService:participant=sandbox tid:496d4a4a7346feed666d23ab0b90e90c - Received request for a package status: GetPackageStatusRequest(sandbox,57b5c520512c24035057aa4c783cb7ac7f3f49db29806280962e188be7aadb66), packageId -> '57b5c520512c24035057aa4c783cb7ac7f3f49db29806280962e188be7aadb66'.
2026-01-13 16:14:31,386 [canton-env-ec-69] INFO  c.d.c.p.a.s.ApiPackageService:participant=sandbox tid:7a777d414d25806e69eefadf86a2825e - Received request for a package status: GetPackageStatusRequest(sandbox,8a7806365bbd98d88b4c13832ebfa305f6abaeaf32cfa2b7dd25c4fa489b79fb), packageId -> '8a7806365bbd98d88b4c13832ebfa305f6abaeaf32cfa2b7dd25c4fa489b79fb'.
2026-01-13 16:14:31,386 [canton-env-ec-85] INFO  c.d.c.p.a.s.ApiPackageService:participant=sandbox tid:8851a7eafb32bfcff71fc215250a7c10 - Received request for a package status: GetPackageStatusRequest(sandbox,6851f194e144b693e63e9034b956c76cef6b5088dd8c66a657ab652a204dba2b), packageId -> '6851f194e144b693e63e9034b956c76cef6b5088dd8c66a657ab652a204dba2b'.
2026-01-13 16:14:31,386 [canton-env-ec-77] INFO  c.d.c.p.a.s.ApiPackageService:participant=sandbox tid:427a2d1cade5e04066236d25a484aaa0 - Received request for a package status: GetPackageStatusRequest(sandbox,518032f41fd0175461b35ae0c9691e08b4aea55e62915f8360af2cc7a1f2ba6c), packageId -> '518032f41fd0175461b35ae0c9691e08b4aea55e62915f8360af2cc7a1f2ba6c'.
2026-01-13 16:14:31,385 [canton-env-ec-73] INFO  c.d.c.p.a.s.ApiPackageService:participant=sandbox tid:188a3bf847c52f119e2d2a656ee12529 - Received request for a package status: GetPackageStatusRequest(sandbox,d14e08374fc7197d6a0de468c968ae8ba3aadbf9315476fd39071831f5923662), packageId -> 'd14e08374fc7197d6a0de468c968ae8ba3aadbf9315476fd39071831f5923662'.
2026-01-13 16:14:31,385 [canton-env-ec-54] INFO  c.d.c.p.a.s.ApiPackageService:participant=sandbox tid:a5339e92861713344ac74288bd3c9acd - Received request for a package status: GetPackageStatusRequest(sandbox,38e6274601b21d7202bb995bc5ec147decda5a01b68d57dda422425038772af7), packageId -> '38e6274601b21d7202bb995bc5ec147decda5a01b68d57dda422425038772af7'.
2026-01-13 16:14:31,385 [canton-env-ec-80] INFO  c.d.c.p.a.s.ApiPackageService:participant=sandbox tid:2a38e9aa1357f4bc43e086c4fb5c93f1 - Received request for a package status: GetPackageStatusRequest(sandbox,e22bce619ae24ca3b8e6519281cb5a33b64b3190cc763248b4c3f9ad5087a92c), packageId -> 'e22bce619ae24ca3b8e6519281cb5a33b64b3190cc763248b4c3f9ad5087a92c'.
2026-01-13 16:14:31,384 [canton-env-ec-68] INFO  c.d.c.p.a.s.ApiPackageService:participant=sandbox tid:e7a168fbea96f4b897f8f296c760ed11 - Received request for a package status: GetPackageStatusRequest(sandbox,cb0552debf219cc909f51cbb5c3b41e9981d39f8f645b1f35e2ef5be2e0b858a), packageId -> 'cb0552debf219cc909f51cbb5c3b41e9981d39f8f645b1f35e2ef5be2e0b858a'.
2026-01-13 16:14:31,384 [canton-env-ec-78] INFO  c.d.c.p.a.s.ApiPackageService:participant=sandbox tid:438e9a391e5e6fca33519b3588350ec0 - Received request for a package status: GetPackageStatusRequest(sandbox,e4cc67c3264eba4a19c080cac5ab32d87551578e0f5f58b6a9460f91c7abc254), packageId -> 'e4cc67c3264eba4a19c080cac5ab32d87551578e0f5f58b6a9460f91c7abc254'.
2026-01-13 16:14:31,389 [canton-env-ec-30] INFO  c.d.c.p.a.s.ApiPackageService:participant=sandbox tid:f0dbc6a4767b00f60e706cc26c6171f1 - Received request for a package status: GetPackageStatusRequest(sandbox,852d8e3a8ccf952acc73e17522846bc1eb41498e840d637e519ddcca7dbc7671), packageId -> '852d8e3a8ccf952acc73e17522846bc1eb41498e840d637e519ddcca7dbc7671'.
2026-01-13 16:14:31,389 [canton-env-ec-75] INFO  c.d.c.p.a.s.ApiPackageService:participant=sandbox tid:6268fc88275dff34783fc8a8d9d941f8 - Received request for a package status: GetPackageStatusRequest(sandbox,10e0333b52bba1ff147fc408a6b7d68465b157635ee230493bd6029b750dcb05), packageId -> '10e0333b52bba1ff147fc408a6b7d68465b157635ee230493bd6029b750dcb05'.
2026-01-13 16:14:31,388 [canton-env-ec-84] INFO  c.d.c.p.a.s.ApiPackageService:participant=sandbox tid:a2d79607dd10920d4899f03e26d6e5ad - Received request for a package status: GetPackageStatusRequest(sandbox,057eed1fd48c238491b8ea06b9b5bf85a5d4c9275dd3f6183e0e6b01730cc2ba), packageId -> '057eed1fd48c238491b8ea06b9b5bf85a5d4c9275dd3f6183e0e6b01730cc2ba'.
2026-01-13 16:14:31,388 [canton-env-ec-70] INFO  c.d.c.p.a.s.ApiPackageService:participant=sandbox tid:469eae8204f0a9ef6feea1365a0ee7a7 - Received request for a package status: GetPackageStatusRequest(sandbox,40f452260bef3f29dede136108fc08a88d5a5250310281067087da6f0baddff7), packageId -> '40f452260bef3f29dede136108fc08a88d5a5250310281067087da6f0baddff7'.
2026-01-13 16:14:31,388 [canton-env-ec-79] INFO  c.d.c.p.a.s.ApiPackageService:participant=sandbox tid:1862b6dd02d678e7ab9ad2afe4675293 - Received request for a package status: GetPackageStatusRequest(sandbox,97b883cd8a2b7f49f90d5d39c981cf6e110cf1f1c64427a28a6d58ec88c43657), packageId -> '97b883cd8a2b7f49f90d5d39c981cf6e110cf1f1c64427a28a6d58ec88c43657'.
2026-01-13 16:14:31,389 [canton-env-ec-21] INFO  c.d.c.p.a.s.ApiPackageService:participant=sandbox tid:66990d39b1077c16e5e0eef58a4084f4 - Received request for a package status: GetPackageStatusRequest(sandbox,76bf0fd12bd945762a01f8fc5bbcdfa4d0ff20f8762af490f8f41d6237c6524f), packageId -> '76bf0fd12bd945762a01f8fc5bbcdfa4d0ff20f8762af490f8f41d6237c6524f'.
2026-01-13 16:14:31,389 [canton-env-ec-76] INFO  c.d.c.p.a.s.ApiPackageService:participant=sandbox tid:a40326289c7ba525778810fc365ddc90 - Received request for a package status: GetPackageStatusRequest(sandbox,6839a6d3d430c569b2425e9391717b44ca324b88ba621d597778811b2d05031d), packageId -> '6839a6d3d430c569b2425e9391717b44ca324b88ba621d597778811b2d05031d'.
2026-01-13 16:14:32,753 [input-mapping-pool-1] INFO  c.d.c.p.i.p.ParallelIndexerSubscription:participant=sandbox tid:9996cfb12f2d2862ba4d99260ff1d935 - Storing at offset=000000000000000002 PublicPackageUpload(
  recordTime = 2026-01-13T10:44:32.746068Z,
  archives = Seq(
    c058a0c9602a...,
    65921e553a35...,
    6851f194e144...,
    57b5c520512c...,
    cb0552debf21...,
    3f4deaf145a1...,
    86828b984346...,
    f20de1e4e37b...,
    76bf0fd12bd9...,
    38e6274601b2...,
    d58cf9939847...,
    40f452260bef...,
    e491352788e5...,
    6839a6d3d430...,
    518032f41fd0...,
    20a8d69c867d...,
    8abf89c9b4a8...,
    852d8e3a8ccf...,
    10e0333b52bb...,
    bfcd37bd6b84...,
    cc348d369011...,
    057eed1fd48c...,
    d14e08374fc7...,
    c1f1f0055879...,
    6c2c0667393c...,
    e22bce619ae2...,
    e4cc67c3264e...,
    8a7806365bbd...,
    97b883cd8a2b...,
    5921708ce82f...,
    733e38d36a27...,
    99a2705ed38c...
  ),
  sourceDescription = 'AdminWorkflowsWithVacuuming'
)
2026-01-13 16:14:33,250 [canton-env-ec-78] INFO  c.d.c.p.t.ParticipantTopologyManager:participant=sandbox tid:9996cfb12f2d2862ba4d99260ff1d935 - Applied topology transaction Add VettedPackages(
  participant = sandbox::122089928cb4...,
  packages = Seq(
    c058a0c9602a...,
    65921e553a35...,
    6851f194e144...,
    57b5c520512c...,
    cb0552debf21...,
    3f4deaf145a1...,
    86828b984346...,
    f20de1e4e37b...,
    76bf0fd12bd9...,
    38e6274601b2...,
    d58cf9939847...,
    40f452260bef...,
    e491352788e5...,
    6839a6d3d430...,
    518032f41fd0...,
    20a8d69c867d...,
    8abf89c9b4a8...,
    852d8e3a8ccf...,
    10e0333b52bb...,
    bfcd37bd6b84...,
    cc348d369011...,
    057eed1fd48c...,
    d14e08374fc7...,
    c1f1f0055879...,
    6c2c0667393c...,
    e22bce619ae2...,
    e4cc67c3264e...,
    8a7806365bbd...,
    97b883cd8a2b...,
    5921708ce82f...,
    733e38d36a27...,
    99a2705ed38c...
  )
) at 2026-01-13T10:44:33.249957Z
2026-01-13 16:14:33,270 [canton-env-ec-72] INFO  c.d.c.p.a.s.ApiLedgerIdentityService:participant=sandbox tid:9099bcf3c77edaea76e68832ac058738 - Received request for ledger identity: GetLedgerIdentityRequest().
2026-01-13 16:14:33,280 [canton-env-ec-69] INFO  c.d.c.p.a.s.ApiPackageService:participant=sandbox tid:fa0d24257ce94bea8384194492875660 - Received request for a package status: GetPackageStatusRequest(sandbox,65921e553a353588e950cbc87e98a127730e63295f7ad8d3adae952ef0133b3e), packageId -> '65921e553a353588e950cbc87e98a127730e63295f7ad8d3adae952ef0133b3e'.
2026-01-13 16:14:33,323 [canton-env-ec-69] INFO  c.d.c.p.a.s.t.TransactionServiceImpl:participant=sandbox tid:238dabd8dbe23a898e79d369beaba8fe - Received request for transactions, startExclusive -> '000000000000000002', endInclusive -> , filters -> {sandbox::122089928cb4f1e635eb6d445a9019a7c5b062c235f4e358b24d992a87a00e8e0f83: 'all-templates'}, verbose -> false, ledgerId -> 'sandbox'.
2026-01-13 16:14:33,383 [canton-env-ec-79] INFO  c.d.c.p.t.ParticipantTopologyManager:participant=sandbox tid:f0f91e0b49b7ebf8d5e524a50b115626 - Applied topology transaction Add OwnerToKeyMapping(PAR::sandbox::122089928cb4..., SigningPublicKey(id = 122055c476dd..., format = Tink, scheme = Ed25519)) at 2026-01-13T10:44:33.383040Z
2026-01-13 16:14:33,387 [canton-env-ec-29] INFO  c.d.c.p.t.ParticipantTopologyManager:participant=sandbox tid:f0f91e0b49b7ebf8d5e524a50b115626 - Applied topology transaction Add OwnerToKeyMapping(PAR::sandbox::122089928cb4..., EncryptionPublicKey(id = 1220e5fe9b72..., format = Tink, scheme = ECIES-P256_HMAC256_AES128-GCM)) at 2026-01-13T10:44:33.386602Z
2026-01-13 16:14:33,388 [canton-env-ec-69] INFO  c.d.c.p.ParticipantNodeBootstrap:participant=sandbox - Initializing node with id NodeId(sandbox::122089928cb4...)
2026-01-13 16:14:33,392 [canton-env-ec-29] INFO  c.d.c.p.s.CantonSyncService:participant=sandbox tid:b6c40180afff8d3ed04ac9fdcad673f7 - Reconnecting to domains List(). Already connected: Set()
2026-01-13 16:14:33,393 [canton-env-ec-29] INFO  c.d.c.p.s.CantonSyncService:participant=sandbox tid:b6c40180afff8d3ed04ac9fdcad673f7 - Successfully re-connected to domains List()
2026-01-13 16:14:33,394 [main] INFO  c.d.c.e.CommunityEnvironment - Auto-connecting local participants List(sandbox) to local domains List(local)
2026-01-13 16:14:33,419 [canton-env-ec-69] INFO  c.d.c.c.d.g.SequencerInfoLoader:participant=sandbox - Version handshake with sequencer Sequencer 'DefaultSequencer' and domain using protocol version 7 succeeded.
2026-01-13 16:14:33,464 [canton-env-ec-77] INFO  c.d.c.p.t.ParticipantTopologyManager:participant=sandbox - Applied topology transaction Add ParticipantState(To, local::1220ed54d96b..., PAR::sandbox::122089928cb4..., Submission, Ordinary) at 2026-01-13T10:44:33.464419Z
2026-01-13 16:14:33,486 [canton-env-ec-72] INFO  c.d.c.s.c.SequencerClientImpl:participant=sandbox/domainId=local::1220ed54d96b - No event found up to 0001-01-01T00:00:00Z. Resubscribing from the beginning.
2026-01-13 16:14:33,486 [canton-env-ec-72] INFO  c.d.c.s.c.SequencerClientImpl:participant=sandbox/domainId=local::1220ed54d96b - Processing events from the SequencedEventStore from 0001-01-01T00:00:00.000001Z on
2026-01-13 16:14:33,486 [canton-env-ec-79] INFO  c.d.c.s.c.SequencerClientImpl:participant=sandbox/domainId=local::1220ed54d96b - Starting subscription for alias=SEQ::local::1220ed54d96b... at timestamp None; next counter 0
2026-01-13 16:14:33,486 [canton-env-ec-79] INFO  c.d.c.h.DelegatingMutableHealthComponent:participant=sandbox/domainId=local::1220ed54d96b - 'sequencer-client' is now in state Ok(). Previous state was Not Initialized.
2026-01-13 16:14:33,488 [canton-env-ec-79] INFO  c.d.c.d.s.s.GrpcSequencerService:domain=local - UNM::216ca976660f615bbe3905c20abe39881debc5b4::122089928cb4... subscribes from counter=0
2026-01-13 16:14:33,504 [canton-env-ec-78] INFO  c.d.c.d.s.s.GrpcSequencerService:domain=local tid:279348aca9823f4568ef0f927ddd5b9a - 'UNM::216ca976660f615bbe3905c20abe39881debc5b4::122089928cb4...' sends request with id '575c85f3-fed1-424c-9b0c-3869d5b8e903' of size 1419 bytes with 1 envelopes.
2026-01-13 16:14:33,507 [canton-env-ec-78] INFO  c.d.c.d.s.s.SequencerReader$EventsReader:domain=local/subscriber=UNM::216ca976660f615bbe3905c20abe39881debc5b4::122089928cb4 tid:279348aca9823f4568ef0f927ddd5b9a - Using approximate topology snapshot at 2026-01-13T10:44:30.413731Z for desired timestamp 2026-01-13T10:44:33.505800Z
2026-01-13 16:14:33,534 [canton-env-ec-79] INFO  c.d.c.d.t.DomainTopologyManager:domain=local tid:279348aca9823f4568ef0f927ddd5b9a - Applied topology transaction Add NamespaceDelegation(122089928cb4..., SigningPublicKey(id = 122089928cb4..., format = Tink, scheme = Ed25519), true) at 2026-01-13T10:44:33.534002Z
2026-01-13 16:14:33,536 [canton-env-ec-69] INFO  c.d.c.d.t.DomainTopologyManager:domain=local tid:279348aca9823f4568ef0f927ddd5b9a - Applied topology transaction Add OwnerToKeyMapping(PAR::sandbox::122089928cb4..., SigningPublicKey(id = 122055c476dd..., format = Tink, scheme = Ed25519)) at 2026-01-13T10:44:33.536510Z
2026-01-13 16:14:33,538 [canton-env-ec-85] INFO  c.d.c.d.t.DomainTopologyManager:domain=local tid:279348aca9823f4568ef0f927ddd5b9a - Applied topology transaction Add OwnerToKeyMapping(PAR::sandbox::122089928cb4..., EncryptionPublicKey(id = 1220e5fe9b72..., format = Tink, scheme = ECIES-P256_HMAC256_AES128-GCM)) at 2026-01-13T10:44:33.538594Z
2026-01-13 16:14:33,541 [canton-env-ec-78] INFO  c.d.c.d.t.DomainTopologyManager:domain=local tid:279348aca9823f4568ef0f927ddd5b9a - Setting participant PAR::sandbox::122089928cb4... state to ParticipantAttributes(Submission,Ordinary)
2026-01-13 16:14:33,542 [canton-env-ec-78] INFO  c.d.c.d.t.DomainTopologyManager:domain=local tid:279348aca9823f4568ef0f927ddd5b9a - Applied topology transaction Add ParticipantState(From, local::1220ed54d96b..., PAR::sandbox::122089928cb4..., Submission, Ordinary) at 2026-01-13T10:44:33.541705Z
2026-01-13 16:14:33,543 [canton-env-ec-30] INFO  c.d.c.d.t.DomainTopologyManager:domain=local tid:279348aca9823f4568ef0f927ddd5b9a - Applied topology transaction Add ParticipantState(To, local::1220ed54d96b..., PAR::sandbox::122089928cb4..., Submission, Ordinary) at 2026-01-13T10:44:33.543143Z
2026-01-13 16:14:33,543 [canton-env-ec-29] INFO  c.d.c.d.t.RequestProcessingStrategy$Impl:domain=local tid:279348aca9823f4568ef0f927ddd5b9a - Successfully onboarded PAR::sandbox::122089928cb4...
2026-01-13 16:14:33,544 [canton-env-ec-24] INFO  c.d.c.d.s.s.GrpcSequencerService:domain=local tid:279348aca9823f4568ef0f927ddd5b9a - 'DOM::local::1220ed54d96b...' sends request with id '46c3229d-6cd4-4a6d-bc8f-49e9e7b77b2a' of size 914 bytes with 1 envelopes.
2026-01-13 16:14:33,546 [canton-env-ec-29] INFO  c.d.c.d.t.DomainTopologyManagerRequestService:domain=local tid:279348aca9823f4568ef0f927ddd5b9a - Register topology request by UNM::216ca976660f615bbe3905c20abe39881debc5b4::122089928cb4... for PAR::sandbox::122089928cb4... yielded
  Accepted -> Add NamespaceDelegation(122089928cb4..., SigningPublicKey(id = 122089928cb4..., format = Tink, scheme = Ed25519), true)
  Accepted -> Add OwnerToKeyMapping(PAR::sandbox::122089928cb4..., SigningPublicKey(id = 122055c476dd..., format = Tink, scheme = Ed25519))
  Accepted -> Add OwnerToKeyMapping(PAR::sandbox::122089928cb4..., EncryptionPublicKey(id = 1220e5fe9b72..., format = Tink, scheme = ECIES-P256_HMAC256_AES128-GCM))
  Accepted -> Add ParticipantState(To, local::1220ed54d96b..., PAR::sandbox::122089928cb4..., Submission, Ordinary)
2026-01-13 16:14:33,556 [canton-env-ec-69] INFO  c.d.c.t.p.TopologyTransactionProcessor:domain=local/client=topology-manager tid:279348aca9823f4568ef0f927ddd5b9a - Storing topology transaction 1/1 Add NamespaceDelegation(122089928cb4..., SigningPublicKey(id = 122089928cb4..., format = Tink, scheme = Ed25519), true) with ts=EffectiveTime(2026-01-13T10:44:33.796277Z) (epsilon=250 ms)
2026-01-13 16:14:33,556 [canton-env-ec-78] INFO  c.d.c.t.p.TopologyTransactionProcessor:domain=local/node=mediator/client=mediator tid:279348aca9823f4568ef0f927ddd5b9a - Storing topology transaction 1/1 Add NamespaceDelegation(122089928cb4..., SigningPublicKey(id = 122089928cb4..., format = Tink, scheme = Ed25519), true) with ts=EffectiveTime(2026-01-13T10:44:33.796277Z) (epsilon=250 ms)
2026-01-13 16:14:33,558 [canton-env-ec-69] INFO  c.d.c.d.s.s.GrpcSequencerService:domain=local tid:279348aca9823f4568ef0f927ddd5b9a - 'DOM::local::1220ed54d96b...' sends request with id '4fed2082-d128-4425-a9e0-9f563a5e847a' of size 550 bytes with 1 envelopes.
2026-01-13 16:14:33,560 [canton-env-ec-29] INFO  c.d.c.d.s.s.GrpcSequencerService:domain=local tid:279348aca9823f4568ef0f927ddd5b9a - 'DOM::local::1220ed54d96b...' sends request with id 'f9136797-2f16-449e-995a-9d6c86f619f8' of size 1549 bytes with 1 envelopes.
2026-01-13 16:14:33,574 [canton-env-ec-68] INFO  c.d.c.t.p.TopologyTransactionProcessor:domain=local/node=mediator/client=mediator tid:279348aca9823f4568ef0f927ddd5b9a - Storing topology transaction 1/3 Add OwnerToKeyMapping(PAR::sandbox::122089928cb4..., SigningPublicKey(id = 122055c476dd..., format = Tink, scheme = Ed25519)) with ts=EffectiveTime(2026-01-13T10:44:33.812209Z) (epsilon=250 ms)
2026-01-13 16:14:33,574 [canton-env-ec-68] INFO  c.d.c.t.p.TopologyTransactionProcessor:domain=local/node=mediator/client=mediator tid:279348aca9823f4568ef0f927ddd5b9a - Storing topology transaction 2/3 Add OwnerToKeyMapping(PAR::sandbox::122089928cb4..., EncryptionPublicKey(id = 1220e5fe9b72..., format = Tink, scheme = ECIES-P256_HMAC256_AES128-GCM)) with ts=EffectiveTime(2026-01-13T10:44:33.812209Z) (epsilon=250 ms)
2026-01-13 16:14:33,574 [canton-env-ec-68] INFO  c.d.c.t.p.TopologyTransactionProcessor:domain=local/node=mediator/client=mediator tid:279348aca9823f4568ef0f927ddd5b9a - Storing topology transaction 3/3 Add ParticipantState(From, local::1220ed54d96b..., PAR::sandbox::122089928cb4..., Submission, Ordinary) with ts=EffectiveTime(2026-01-13T10:44:33.812209Z) (epsilon=250 ms)
2026-01-13 16:14:33,579 [canton-env-ec-78] INFO  c.d.c.t.p.TopologyTransactionProcessor:domain=local/client=topology-manager tid:279348aca9823f4568ef0f927ddd5b9a - Storing topology transaction 1/3 Add OwnerToKeyMapping(PAR::sandbox::122089928cb4..., SigningPublicKey(id = 122055c476dd..., format = Tink, scheme = Ed25519)) with ts=EffectiveTime(2026-01-13T10:44:33.812209Z) (epsilon=250 ms)
2026-01-13 16:14:33,579 [canton-env-ec-78] INFO  c.d.c.t.p.TopologyTransactionProcessor:domain=local/client=topology-manager tid:279348aca9823f4568ef0f927ddd5b9a - Storing topology transaction 2/3 Add OwnerToKeyMapping(PAR::sandbox::122089928cb4..., EncryptionPublicKey(id = 1220e5fe9b72..., format = Tink, scheme = ECIES-P256_HMAC256_AES128-GCM)) with ts=EffectiveTime(2026-01-13T10:44:33.812209Z) (epsilon=250 ms)
2026-01-13 16:14:33,579 [canton-env-ec-78] INFO  c.d.c.t.p.TopologyTransactionProcessor:domain=local/client=topology-manager tid:279348aca9823f4568ef0f927ddd5b9a - Storing topology transaction 3/3 Add ParticipantState(From, local::1220ed54d96b..., PAR::sandbox::122089928cb4..., Submission, Ordinary) with ts=EffectiveTime(2026-01-13T10:44:33.812209Z) (epsilon=250 ms)
2026-01-13 16:14:33,581 [canton-env-ec-70] INFO  c.d.c.d.t.MemberTopologyCatchup:domain=local/identity tid:279348aca9823f4568ef0f927ddd5b9a - Participant PAR::sandbox::122089928cb4... is changing from None to Some(Submission), requires to catch up 10
2026-01-13 16:14:33,583 [canton-env-ec-77] INFO  c.d.c.s.c.ResilientSequencerSubscription:participant=sandbox/domainId=local::1220ed54d96b - 'sequencer-client' is now in state Failed(Disconnected from domain). Previous state was Ok().
2026-01-13 16:14:33,583 [canton-env-ec-77] INFO  c.d.c.h.DelegatingMutableHealthComponent:participant=sandbox/domainId=local::1220ed54d96b - 'sequencer-client' is now in state Failed(Disconnected from domain). Previous state was Ok().
2026-01-13 16:14:33,585 [canton-env-ec-78] INFO  c.d.c.s.c.t.GrpcSequencerSubscription:participant=sandbox/domainId=local::1220ed54d96b - GRPC subscription successfully closed due to client shutdown.
2026-01-13 16:14:33,586 [canton-env-ec-74] INFO  c.d.c.n.g.ApiRequestLogger:domain=local tid:d1e82f9c9c82c7517b057ee1d30965c3 - Request c.d.c.d.a.v.SequencerService/SubscribeUnauthenticatedVersioned by /127.0.0.1:55551: cancelled
2026-01-13 16:14:33,588 [canton-env-ec-24] INFO  c.d.c.d.s.s.GrpcSequencerService:domain=local tid:279348aca9823f4568ef0f927ddd5b9a - 'DOM::local::1220ed54d96b...' sends request with id '1e92183c-4af1-4d77-8c01-f2b394ae55f8' of size 2641 bytes with 1 envelopes.
2026-01-13 16:14:33,593 [canton-env-ec-68] INFO  c.d.c.c.d.g.GrpcSequencerConnectClient:participant=sandbox - The operation 'verify active' was not successful. New kind of error: no success error (request infinite retries). Retrying after 0.5s. Result: Right(false). 
2026-01-13 16:14:33,600 [canton-env-ec-29] INFO  c.d.c.d.s.s.GrpcSequencerService:domain=local tid:279348aca9823f4568ef0f927ddd5b9a - 'DOM::local::1220ed54d96b...' sends request with id 'e15d314a-bfc4-4660-98ca-43dde896fd2c' of size 933 bytes with 1 envelopes.
2026-01-13 16:14:33,609 [canton-env-ec-74] INFO  c.d.c.t.p.TopologyTransactionProcessor:domain=local/node=mediator/client=mediator tid:279348aca9823f4568ef0f927ddd5b9a - Storing topology transaction 1/1 Add ParticipantState(To, local::1220ed54d96b..., PAR::sandbox::122089928cb4..., Submission, Ordinary) with ts=EffectiveTime(2026-01-13T10:44:33.851746Z) (epsilon=250 ms)
2026-01-13 16:14:33,609 [canton-env-ec-68] INFO  c.d.c.t.p.TopologyTransactionProcessor:domain=local/client=topology-manager tid:279348aca9823f4568ef0f927ddd5b9a - Storing topology transaction 1/1 Add ParticipantState(To, local::1220ed54d96b..., PAR::sandbox::122089928cb4..., Submission, Ordinary) with ts=EffectiveTime(2026-01-13T10:44:33.851746Z) (epsilon=250 ms)
2026-01-13 16:14:34,103 [canton-env-ec-85] INFO  c.d.c.c.d.g.GrpcSequencerConnectClient:participant=sandbox - Now retrying operation 'verify active'. 
2026-01-13 16:14:34,133 [canton-env-ec-29] INFO  c.d.c.p.s.SyncDomainEphemeralStateFactoryImpl:participant=sandbox - Computed starting points: ProcessingStartingPoints(
  clean replay = MessageCleanReplayStartingPoint(next request counter = 0, next sequencer counter = 0, prenext timestamp = 0001-01-01T00:00:00Z),
  processing = MessageProcessingStartingPoint(next request counter = 0, next sequencer counter = 0, prenext timestamp = 0001-01-01T00:00:00Z),
  rewound sequencer counter prehead = None()
)
2026-01-13 16:14:34,133 [canton-env-ec-29] INFO  c.d.c.s.m.InMemoryCursorPreheadStore:participant=sandbox/domain-alias=local - Rewinding prehead to None
2026-01-13 16:14:34,240 [canton-env-ec-68] INFO  c.d.c.p.p.AcsCommitmentProcessor:participant=sandbox/domainId=local::1220ed54d96b - Will use parallelism 8 when computing ACS commitments
2026-01-13 16:14:34,242 [canton-env-ec-29] INFO  c.d.c.p.p.AcsCommitmentProcessor:participant=sandbox/domainId=local::1220ed54d96b - Initialized from stored snapshot at RecordTime(timestamp = 0001-01-01T00:00:00Z, tieBreaker = -9223372036854775808) (might be incomplete)
2026-01-13 16:14:34,242 [canton-env-ec-20] INFO  c.d.c.p.p.AcsCommitmentProcessor:participant=sandbox/domainId=local::1220ed54d96b - Initialized the ACS commitment processor queue
2026-01-13 16:14:34,248 [canton-env-ec-68] INFO  c.d.c.h.MutableHealthComponent:participant=sandbox - 'acs-commitment-processor' is now in state Ok(). Previous state was Not Initialized.
2026-01-13 16:14:34,248 [canton-env-ec-68] INFO  c.d.c.h.MutableHealthComponent:participant=sandbox - 'acs-commitment-processor' is now in state Ok(). Previous state was Not Initialized.
2026-01-13 16:14:34,248 [canton-env-ec-68] INFO  c.d.c.p.s.SyncDomain:participant=sandbox/domainId=local::1220ed54d96b - 'sync-domain' is now in state Ok(). Previous state was Not Initialized.
2026-01-13 16:14:34,248 [canton-env-ec-68] INFO  c.d.c.h.MutableHealthComponent:participant=sandbox - 'sync-domain' is now in state Ok(). Previous state was Not Initialized.
2026-01-13 16:14:34,248 [canton-env-ec-68] INFO  c.d.c.h.MutableHealthComponent:participant=sandbox - 'sync-domain' is now in state Ok(). Previous state was Not Initialized.
2026-01-13 16:14:34,248 [canton-env-ec-68] INFO  c.d.c.p.s.CantonSyncService:participant=sandbox - Connected to domain and starting synchronisation: Domain 'local'
2026-01-13 16:14:34,258 [canton-env-ec-68] INFO  c.d.c.p.s.SyncDomain:participant=sandbox/domainId=local::1220ed54d96b - Found 0 repair requests at request counters Seq()
2026-01-13 16:14:34,260 [canton-env-ec-77] INFO  c.d.c.s.c.SequencerClientImpl:participant=sandbox/domainId=local::1220ed54d96b - No event found up to 0001-01-01T00:00:00Z. Resubscribing from the beginning.
2026-01-13 16:14:34,260 [canton-env-ec-77] INFO  c.d.c.s.c.SequencerClientImpl:participant=sandbox/domainId=local::1220ed54d96b - Processing events from the SequencedEventStore from 0001-01-01T00:00:00.000001Z on
2026-01-13 16:14:34,260 [canton-env-ec-68] INFO  c.d.c.s.c.SequencerClientImpl:participant=sandbox/domainId=local::1220ed54d96b - Starting subscription for alias=SEQ::local::1220ed54d96b... at timestamp None; next counter 0
2026-01-13 16:14:34,261 [canton-env-ec-68] INFO  c.d.c.h.DelegatingMutableHealthComponent:participant=sandbox/domainId=local::1220ed54d96b - 'sequencer-client' is now in state Ok(). Previous state was Not Initialized.
2026-01-13 16:14:34,261 [canton-env-ec-68] INFO  c.d.c.h.MutableHealthComponent:participant=sandbox - 'sequencer-client' is now in state Ok(). Previous state was Not Initialized.
2026-01-13 16:14:34,261 [canton-env-ec-68] INFO  c.d.c.h.MutableHealthComponent:participant=sandbox - 'sequencer-client' is now in state Ok(). Previous state was Not Initialized.
2026-01-13 16:14:34,267 [canton-env-ec-29] INFO  c.d.c.d.s.a.MemberAuthenticationServiceOld:domain=local - PAR::sandbox::122089928cb4... authenticated new token with expiry 2026-01-13T11:44:34.267496Z
2026-01-13 16:14:34,269 [canton-env-ec-85] INFO  c.d.c.d.s.s.GrpcSequencerService:domain=local - PAR::sandbox::122089928cb4... subscribes from counter=0
2026-01-13 16:14:34,273 [canton-env-ec-85] INFO  c.d.c.s.c.SequencedEventValidatorImpl:participant=sandbox/domainId=local::1220ed54d96b tid:279348aca9823f4568ef0f927ddd5b9a - Skipping signature verification of the first sequenced event due to a fresh subscription from SEQ::local::1220ed54d96b...
2026-01-13 16:14:34,275 [canton-env-ec-70] INFO  c.d.c.p.s.SyncDomain:participant=sandbox/domainId=local::1220ed54d96b tid:279348aca9823f4568ef0f927ddd5b9a - Caught up with batch with counter=0 with sequencer with 684 ms delay
2026-01-13 16:14:34,275 [canton-env-ec-70] INFO  c.d.c.p.s.SyncDomain$EventProcessingMonitor:participant=sandbox/domainId=local::1220ed54d96b tid:279348aca9823f4568ef0f927ddd5b9a - Replaying requests 0 up to clean prehead -1
2026-01-13 16:14:34,275 [canton-env-ec-70] INFO  c.d.c.p.s.SyncDomain$EventProcessingMonitor:participant=sandbox/domainId=local::1220ed54d96b tid:279348aca9823f4568ef0f927ddd5b9a - Replaying or processing locally stored events with sequencer counters 0 to -1
2026-01-13 16:14:34,282 [canton-env-ec-29] INFO  c.d.c.p.p.DefaultMessageDispatcher:participant=sandbox/domainId=local::1220ed54d96b tid:279348aca9823f4568ef0f927ddd5b9a - Processing event at sc=0, ts=2026-01-13T10:44:33.591111Z, with contents=DomainTopologyTransactionMessage
2026-01-13 16:14:34,283 [canton-env-ec-70] INFO  c.d.c.t.p.DomainTopologyTransactionMessageValidator$Impl:participant=sandbox tid:279348aca9823f4568ef0f927ddd5b9a - Using approximate topology snapshot at 0001-01-01T00:00:00.000001Z for desired timestamp 2026-01-13T10:44:33.591111Z
2026-01-13 16:14:34,291 [canton-env-ec-29] INFO  c.d.c.t.p.TopologyTransactionProcessor:participant=sandbox tid:279348aca9823f4568ef0f927ddd5b9a - Updated topology change delay from=0s to 0.25s
2026-01-13 16:14:34,291 [canton-env-ec-68] INFO  c.d.c.t.p.TopologyTransactionProcessor:participant=sandbox tid:279348aca9823f4568ef0f927ddd5b9a - Storing topology transaction 1/10 Add NamespaceDelegation(1220ed54d96b..., SigningPublicKey(id = 1220ed54d96b..., format = Tink, scheme = Ed25519), true) with ts=EffectiveTime(2026-01-13T10:44:33.591111Z) (epsilon=0 ms)
2026-01-13 16:14:34,292 [canton-env-ec-68] INFO  c.d.c.t.p.TopologyTransactionProcessor:participant=sandbox tid:279348aca9823f4568ef0f927ddd5b9a - Storing topology transaction 2/10 Add OwnerToKeyMapping(DOM::local::1220ed54d96b..., SigningPublicKey(id = 1220f3b3bbb5..., format = Tink, scheme = Ed25519)) with ts=EffectiveTime(2026-01-13T10:44:33.591111Z) (epsilon=0 ms)
2026-01-13 16:14:34,292 [canton-env-ec-68] INFO  c.d.c.t.p.TopologyTransactionProcessor:participant=sandbox tid:279348aca9823f4568ef0f927ddd5b9a - Storing topology transaction 3/10 Add OwnerToKeyMapping(MED::local::1220ed54d96b..., SigningPublicKey(id = 122037e50e5f..., format = Tink, scheme = Ed25519)) with ts=EffectiveTime(2026-01-13T10:44:33.591111Z) (epsilon=0 ms)
2026-01-13 16:14:34,292 [canton-env-ec-68] INFO  c.d.c.t.p.TopologyTransactionProcessor:participant=sandbox tid:279348aca9823f4568ef0f927ddd5b9a - Storing topology transaction 4/10 Add OwnerToKeyMapping(SEQ::local::1220ed54d96b..., SigningPublicKey(id = 12201ec68094..., format = Tink, scheme = Ed25519)) with ts=EffectiveTime(2026-01-13T10:44:33.591111Z) (epsilon=0 ms)
2026-01-13 16:14:34,292 [canton-env-ec-68] INFO  c.d.c.t.p.TopologyTransactionProcessor:participant=sandbox tid:279348aca9823f4568ef0f927ddd5b9a - Storing topology transaction 5/10 Add NamespaceDelegation(122089928cb4..., SigningPublicKey(id = 122089928cb4..., format = Tink, scheme = Ed25519), true) with ts=EffectiveTime(2026-01-13T10:44:33.591111Z) (epsilon=0 ms)
2026-01-13 16:14:34,292 [canton-env-ec-68] INFO  c.d.c.t.p.TopologyTransactionProcessor:participant=sandbox tid:279348aca9823f4568ef0f927ddd5b9a - Storing topology transaction 6/10 Add ParticipantState(From, local::1220ed54d96b..., PAR::sandbox::122089928cb4..., Submission, Ordinary) with ts=EffectiveTime(2026-01-13T10:44:33.591111Z) (epsilon=0 ms)
2026-01-13 16:14:34,292 [canton-env-ec-68] INFO  c.d.c.t.p.TopologyTransactionProcessor:participant=sandbox tid:279348aca9823f4568ef0f927ddd5b9a - Storing topology transaction 7/10 Add MediatorDomainState(Both, local::1220ed54d96b..., MED::local::1220ed54d96b...) with ts=EffectiveTime(2026-01-13T10:44:33.591111Z) (epsilon=0 ms)
2026-01-13 16:14:34,292 [canton-env-ec-68] INFO  c.d.c.t.p.TopologyTransactionProcessor:participant=sandbox tid:279348aca9823f4568ef0f927ddd5b9a - Storing topology transaction 8/10 Add OwnerToKeyMapping(PAR::sandbox::122089928cb4..., SigningPublicKey(id = 122055c476dd..., format = Tink, scheme = Ed25519)) with ts=EffectiveTime(2026-01-13T10:44:33.591111Z) (epsilon=0 ms)
2026-01-13 16:14:34,292 [canton-env-ec-68] INFO  c.d.c.t.p.TopologyTransactionProcessor:participant=sandbox tid:279348aca9823f4568ef0f927ddd5b9a - Storing topology transaction 9/10 Add OwnerToKeyMapping(PAR::sandbox::122089928cb4..., EncryptionPublicKey(id = 1220e5fe9b72..., format = Tink, scheme = ECIES-P256_HMAC256_AES128-GCM)) with ts=EffectiveTime(2026-01-13T10:44:33.591111Z) (epsilon=0 ms)
2026-01-13 16:14:34,293 [canton-env-ec-68] INFO  c.d.c.t.p.TopologyTransactionProcessor:participant=sandbox tid:279348aca9823f4568ef0f927ddd5b9a - Storing topology transaction 10/10 Replace DomainParametersChange(
  local::1220ed54d96b...,
  DynamicDomainParameters(
    participant response timeout = 30s,
    mediator reaction timeout = 30s,
    transfer exclusivity timeout = 1m,
    topology change delay = 0.25s,
    ledger time record time tolerance = 1m,
    mediator deduplication timeout = 2m,
    reconciliation interval = 1m,
    max rate per participant = 1000000,
    max request size = 10485760,
    catchup config = CatchUpConfig(catchUpIntervalSkip = 5, nrIntervalsToTriggerCatchUp = 2)
  )
) with ts=EffectiveTime(2026-01-13T10:44:33.591111Z) (epsilon=0 ms)
2026-01-13 16:14:34,299 [canton-env-ec-77] INFO  c.d.c.p.t.c.MissingKeysAlerter:participant=sandbox tid:279348aca9823f4568ef0f927ddd5b9a - Domain local::1220ed54d96b... update my participant permission as of 2026-01-13T10:44:33.591111Z to Submission, Ordinary
2026-01-13 16:14:34,305 [input-mapping-pool-2] INFO  c.d.c.p.i.p.ParallelIndexerSubscription:participant=sandbox tid:279348aca9823f4568ef0f927ddd5b9a - Storing at offset=000000000000000003 PartyAddedToParticipant(recordTime = 2026-01-13T10:44:34.302128Z, party = sandbox::122089928cb4..., displayName = '', participantId = sandbox::122089928cb4..., ...)
2026-01-13 16:14:34,335 [canton-env-ec-73] INFO  c.d.c.p.p.DefaultMessageDispatcher:participant=sandbox/domainId=local::1220ed54d96b tid:279348aca9823f4568ef0f927ddd5b9a - Processing event at sc=1, ts=2026-01-13T10:44:33.601746Z, with contents=DomainTopologyTransactionMessage
2026-01-13 16:14:34,339 [canton-env-ec-71] INFO  c.d.c.t.p.TopologyTransactionProcessor:participant=sandbox tid:279348aca9823f4568ef0f927ddd5b9a - Storing topology transaction 1/1 Add ParticipantState(To, local::1220ed54d96b..., PAR::sandbox::122089928cb4..., Submission, Ordinary) with ts=EffectiveTime(2026-01-13T10:44:33.851746Z) (epsilon=250 ms)
2026-01-13 16:14:34,612 [canton-env-ec-73] INFO  c.d.c.d.s.s.GrpcSequencerService:domain=local tid:84d92069d75d45e7b678af7594b49865 - 'PAR::sandbox::122089928cb4...' sends request with id '95214973-db7f-4250-b3aa-55a008cd9762' of size 2086 bytes with 1 envelopes.
2026-01-13 16:14:34,624 [canton-env-ec-74] INFO  c.d.c.p.p.DefaultMessageDispatcher:participant=sandbox/domainId=local::1220ed54d96b tid:84d92069d75d45e7b678af7594b49865 - Processing event at sc=2, ts=2026-01-13T10:44:34.615722Z, messageId=95214973-db7f-4250-b3aa-55a008cd9762, with contents=Seq()
2026-01-13 16:14:34,627 [canton-env-ec-30] INFO  c.d.c.d.t.DomainTopologyManager:domain=local tid:84d92069d75d45e7b678af7594b49865 - Applied topology transaction Add VettedPackages(
  participant = sandbox::122089928cb4...,
  packages = Seq(
    c058a0c9602a...,
    65921e553a35...,
    6851f194e144...,
    57b5c520512c...,
    cb0552debf21...,
    3f4deaf145a1...,
    86828b984346...,
    f20de1e4e37b...,
    76bf0fd12bd9...,
    38e6274601b2...,
    d58cf9939847...,
    40f452260bef...,
    e491352788e5...,
    6839a6d3d430...,
    518032f41fd0...,
    20a8d69c867d...,
    8abf89c9b4a8...,
    852d8e3a8ccf...,
    10e0333b52bb...,
    bfcd37bd6b84...,
    cc348d369011...,
    057eed1fd48c...,
    d14e08374fc7...,
    c1f1f0055879...,
    6c2c0667393c...,
    e22bce619ae2...,
    e4cc67c3264e...,
    8a7806365bbd...,
    97b883cd8a2b...,
    5921708ce82f...,
    733e38d36a27...,
    99a2705ed38c...
  )
) at 2026-01-13T10:44:34.627474Z
2026-01-13 16:14:34,628 [canton-env-ec-29] INFO  c.d.c.d.t.DomainTopologyManagerRequestService:domain=local tid:84d92069d75d45e7b678af7594b49865 - Register topology request by PAR::sandbox::122089928cb4... for PAR::sandbox::122089928cb4... yielded
  Accepted -> Add VettedPackages(
  participant = sandbox::122089928cb4...,
  packages = Seq(
    c058a0c9602a...,
    65921e553a35...,
    6851f194e144...,
    57b5c520512c...,
    cb0552debf21...,
    3f4deaf145a1...,
    86828b984346...,
    f20de1e4e37b...,
    76bf0fd12bd9...,
    38e6274601b2...,
    d58cf9939847...,
    40f452260bef...,
    e491352788e5...,
    6839a6d3d430...,
    518032f41fd0...,
    20a8d69c867d...,
    8abf89c9b4a8...,
    852d8e3a8ccf...,
    10e0333b52bb...,
    bfcd37bd6b84...,
    cc348d369011...,
    057eed1fd48c...,
    d14e08374fc7...,
    c1f1f0055879...,
    6c2c0667393c...,
    e22bce619ae2...,
    e4cc67c3264e...,
    8a7806365bbd...,
    97b883cd8a2b...,
    5921708ce82f...,
    733e38d36a27...,
    99a2705ed38c...
  )
)
2026-01-13 16:14:34,632 [canton-env-ec-74] INFO  c.d.c.d.s.s.GrpcSequencerService:domain=local tid:84d92069d75d45e7b678af7594b49865 - 'DOM::local::1220ed54d96b...' sends request with id 'fe136130-63da-47f0-b2cb-88fda166d28e' of size 521 bytes with 1 envelopes.
2026-01-13 16:14:34,632 [canton-env-ec-24] INFO  c.d.c.d.s.s.GrpcSequencerService:domain=local tid:84d92069d75d45e7b678af7594b49865 - 'DOM::local::1220ed54d96b...' sends request with id '22ebbfe0-475e-45af-ab5b-d16233cc1370' of size 2221 bytes with 1 envelopes.
2026-01-13 16:14:34,640 [canton-env-ec-74] INFO  c.d.c.p.p.DefaultMessageDispatcher:participant=sandbox/domainId=local::1220ed54d96b tid:84d92069d75d45e7b678af7594b49865 - Processing event at sc=3, ts=2026-01-13T10:44:34.634075Z, with contents=RegisterTopologyTransactionResponse
2026-01-13 16:14:34,642 [canton-env-ec-24] INFO  c.d.c.p.s.SyncDomainEphemeralState:participant=sandbox/domain-alias=local - 'sync-domain-ephemeral' is now in state Ok(). Previous state was Not Initialized.
2026-01-13 16:14:34,642 [canton-env-ec-24] INFO  c.d.c.h.MutableHealthComponent:participant=sandbox - 'sync-domain-ephemeral' is now in state Ok(). Previous state was Not Initialized.
2026-01-13 16:14:34,642 [canton-env-ec-24] INFO  c.d.c.h.MutableHealthComponent:participant=sandbox - 'sync-domain-ephemeral' is now in state Ok(). Previous state was Not Initialized.
2026-01-13 16:14:34,642 [canton-env-ec-23] INFO  c.d.c.p.p.DefaultMessageDispatcher:participant=sandbox/domainId=local::1220ed54d96b tid:84d92069d75d45e7b678af7594b49865 - Processing event at sc=4, ts=2026-01-13T10:44:34.634239Z, with contents=DomainTopologyTransactionMessage
2026-01-13 16:14:34,644 [canton-env-ec-23] INFO  c.d.c.t.p.TopologyTransactionProcessor:domain=local/node=mediator/client=mediator tid:84d92069d75d45e7b678af7594b49865 - Storing topology transaction 1/1 Add VettedPackages(
  participant = sandbox::122089928cb4...,
  packages = Seq(
    c058a0c9602a...,
    65921e553a35...,
    6851f194e144...,
    57b5c520512c...,
    cb0552debf21...,
    3f4deaf145a1...,
    86828b984346...,
    f20de1e4e37b...,
    76bf0fd12bd9...,
    38e6274601b2...,
    d58cf9939847...,
    40f452260bef...,
    e491352788e5...,
    6839a6d3d430...,
    518032f41fd0...,
    20a8d69c867d...,
    8abf89c9b4a8...,
    852d8e3a8ccf...,
    10e0333b52bb...,
    bfcd37bd6b84...,
    cc348d369011...,
    057eed1fd48c...,
    d14e08374fc7...,
    c1f1f0055879...,
    6c2c0667393c...,
    e22bce619ae2...,
    e4cc67c3264e...,
    8a7806365bbd...,
    97b883cd8a2b...,
    5921708ce82f...,
    733e38d36a27...,
    99a2705ed38c...
  )
) with ts=EffectiveTime(2026-01-13T10:44:34.884239Z) (epsilon=250 ms)
2026-01-13 16:14:34,644 [canton-env-ec-28] INFO  c.d.c.t.p.TopologyTransactionProcessor:domain=local/client=topology-manager tid:84d92069d75d45e7b678af7594b49865 - Storing topology transaction 1/1 Add VettedPackages(
  participant = sandbox::122089928cb4...,
  packages = Seq(
    c058a0c9602a...,
    65921e553a35...,
    6851f194e144...,
    57b5c520512c...,
    cb0552debf21...,
    3f4deaf145a1...,
    86828b984346...,
    f20de1e4e37b...,
    76bf0fd12bd9...,
    38e6274601b2...,
    d58cf9939847...,
    40f452260bef...,
    e491352788e5...,
    6839a6d3d430...,
    518032f41fd0...,
    20a8d69c867d...,
    8abf89c9b4a8...,
    852d8e3a8ccf...,
    10e0333b52bb...,
    bfcd37bd6b84...,
    cc348d369011...,
    057eed1fd48c...,
    d14e08374fc7...,
    c1f1f0055879...,
    6c2c0667393c...,
    e22bce619ae2...,
    e4cc67c3264e...,
    8a7806365bbd...,
    97b883cd8a2b...,
    5921708ce82f...,
    733e38d36a27...,
    99a2705ed38c...
  )
) with ts=EffectiveTime(2026-01-13T10:44:34.884239Z) (epsilon=250 ms)
2026-01-13 16:14:34,645 [canton-env-ec-29] INFO  c.d.c.t.p.TopologyTransactionProcessor:participant=sandbox tid:84d92069d75d45e7b678af7594b49865 - Storing topology transaction 1/1 Add VettedPackages(
  participant = sandbox::122089928cb4...,
  packages = Seq(
    c058a0c9602a...,
    65921e553a35...,
    6851f194e144...,
    57b5c520512c...,
    cb0552debf21...,
    3f4deaf145a1...,
    86828b984346...,
    f20de1e4e37b...,
    76bf0fd12bd9...,
    38e6274601b2...,
    d58cf9939847...,
    40f452260bef...,
    e491352788e5...,
    6839a6d3d430...,
    518032f41fd0...,
    20a8d69c867d...,
    8abf89c9b4a8...,
    852d8e3a8ccf...,
    10e0333b52bb...,
    bfcd37bd6b84...,
    cc348d369011...,
    057eed1fd48c...,
    d14e08374fc7...,
    c1f1f0055879...,
    6c2c0667393c...,
    e22bce619ae2...,
    e4cc67c3264e...,
    8a7806365bbd...,
    97b883cd8a2b...,
    5921708ce82f...,
    733e38d36a27...,
    99a2705ed38c...
  )
) with ts=EffectiveTime(2026-01-13T10:44:34.884239Z) (epsilon=250 ms)
2026-01-13 16:14:34,655 [canton-env-ec-78] INFO  c.d.c.p.a.s.ApiActiveContractsService:participant=sandbox tid:550c5b6f18b0cb88ff3cb9dbfe8ad9c9 - Received request for active contracts: GetActiveContractsRequest(sandbox,Some(TransactionFilter(Map(sandbox::122089928cb4f1e635eb6d445a9019a7c5b062c235f4e358b24d992a87a00e8e0f83 -> Filters(Some(InclusiveFilters(Vector(Identifier(65921e553a353588e950cbc87e98a127730e63295f7ad8d3adae952ef0133b3e,PingPong,PingProposal), Identifier(65921e553a353588e950cbc87e98a127730e63295f7ad8d3adae952ef0133b3e,PingPong,Ping), Identifier(65921e553a353588e950cbc87e98a127730e63295f7ad8d3adae952ef0133b3e,PingPong,Pong), Identifier(65921e553a353588e950cbc87e98a127730e63295f7ad8d3adae952ef0133b3e,PingPong,Explode), Identifier(65921e553a353588e950cbc87e98a127730e63295f7ad8d3adae952ef0133b3e,PingPong,Merge), Identifier(65921e553a353588e950cbc87e98a127730e63295f7ad8d3adae952ef0133b3e,PingPong,Collapse)),Vector(),Vector())))))),false,), filters -> {sandbox::122089928cb4f1e635eb6d445a9019a7c5b062c235f4e358b24d992a87a00e8e0f83: ['65921e553a353588e950cbc87e98a127730e63295f7ad8d3adae952ef0133b3e:PingPong:Pong', '65921e553a353588e950cbc87e98a127730e63295f7ad8d3adae952ef0133b3e:PingPong:Collapse', '65921e553a353588e950cbc87e98a127730e63295f7ad8d3adae952ef0133b3e:PingPong:PingProposal', '65921e553a353588e950cbc87e98a127730e63295f7ad8d3adae952ef0133b3e:PingPong:Explode', '65921e553a353588e950cbc87e98a127730e63295f7ad8d3adae952ef0133b3e:PingPong:Merge', '65921e553a353588e950cbc87e98a127730e63295f7ad8d3adae952ef0133b3e:PingPong:Ping']}.
2026-01-13 16:14:34,666 [main] INFO  c.d.c.e.CommunityEnvironment tid:b6c40180afff8d3ed04ac9fdcad673f7 - Successfully started all nodes
2026-01-13 16:14:34,667 [main] INFO  c.digitalasset.canton.ServerRunner - Canton started
2026-01-13 16:14:34,780 [canton-env-ec-71] INFO  c.d.c.p.a.s.a.ApiPackageManagementService:participant=sandbox tid:60d68f0478fb9d202cd4d1496bbe237c - Uploading DAR file, submissionId -> 'a68ecc0c-c0c7-409d-93d9-7348cbab6157'.
2026-01-13 16:14:35,130 [input-mapping-pool-3] INFO  c.d.c.p.i.p.ParallelIndexerSubscription:participant=sandbox tid:60d68f0478fb9d202cd4d1496bbe237c - Storing at offset=000000000000000004 PublicPackageUpload(
  recordTime = 2026-01-13T10:44:35.129006Z,
  archives = Seq(
    539a1a262a2b...,
    315cb5676675...,
    cb0552debf21...,
    3f4deaf145a1...,
    86828b984346...,
    f20de1e4e37b...,
    76bf0fd12bd9...,
    38e6274601b2...,
    d58cf9939847...,
    40f452260bef...,
    e491352788e5...,
    6839a6d3d430...,
    518032f41fd0...,
    0f062c5863c7...,
    a80dd2c5dafc...,
    10e0333b52bb...,
    bfcd37bd6b84...,
    cc348d369011...,
    057eed1fd48c...,
    6df2d1fd8ea9...,
    d14e08374fc7...,
    c1f1f0055879...,
    6c2c0667393c...,
    e22bce619ae2...,
    e4cc67c3264e...,
    8a7806365bbd...,
    97b883cd8a2b...,
    5921708ce82f...,
    733e38d36a27...,
    99a2705ed38c...
  ),
  sourceDescription = ''
)
2026-01-13 16:14:35,175 [canton-env-ec-74] INFO  c.d.c.d.s.s.GrpcSequencerService:domain=local tid:edd919b97f2fda92cd79c552beb58efe - 'PAR::sandbox::122089928cb4...' sends request with id 'tick-d6ac9650-d4a0-49b3-812b-75eb519f6462' of size 338 bytes with 0 envelopes.
2026-01-13 16:14:35,328 [canton-env-ec-70] INFO  c.d.c.p.t.ParticipantTopologyManager:participant=sandbox tid:60d68f0478fb9d202cd4d1496bbe237c - Applied topology transaction Add VettedPackages(
  participant = sandbox::122089928cb4...,
  packages = Seq(
    539a1a262a2b...,
    315cb5676675...,
    cb0552debf21...,
    3f4deaf145a1...,
    86828b984346...,
    f20de1e4e37b...,
    76bf0fd12bd9...,
    38e6274601b2...,
    d58cf9939847...,
    40f452260bef...,
    e491352788e5...,
    6839a6d3d430...,
    518032f41fd0...,
    0f062c5863c7...,
    a80dd2c5dafc...,
    10e0333b52bb...,
    bfcd37bd6b84...,
    cc348d369011...,
    057eed1fd48c...,
    6df2d1fd8ea9...,
    d14e08374fc7...,
    c1f1f0055879...,
    6c2c0667393c...,
    e22bce619ae2...,
    e4cc67c3264e...,
    8a7806365bbd...,
    97b883cd8a2b...,
    5921708ce82f...,
    733e38d36a27...,
    99a2705ed38c...
  )
) at 2026-01-13T10:44:35.328263Z
2026-01-13 16:14:35,333 [canton-env-ec-29] INFO  c.d.c.d.s.s.GrpcSequencerService:domain=local tid:84063f473d5fa7b14be4d837fd94c234 - 'PAR::sandbox::122089928cb4...' sends request with id '099cf87e-2567-43a3-8492-510db5024877' of size 1994 bytes with 1 envelopes.
2026-01-13 16:14:35,340 [canton-env-ec-68] INFO  c.d.c.p.p.DefaultMessageDispatcher:participant=sandbox/domainId=local::1220ed54d96b tid:84063f473d5fa7b14be4d837fd94c234 - Processing event at sc=6, ts=2026-01-13T10:44:35.335253Z, messageId=099cf87e-2567-43a3-8492-510db5024877, with contents=Seq()
2026-01-13 16:14:35,342 [canton-env-ec-70] INFO  c.d.c.d.t.DomainTopologyManager:domain=local tid:84063f473d5fa7b14be4d837fd94c234 - Applied topology transaction Add VettedPackages(
  participant = sandbox::122089928cb4...,
  packages = Seq(
    539a1a262a2b...,
    315cb5676675...,
    cb0552debf21...,
    3f4deaf145a1...,
    86828b984346...,
    f20de1e4e37b...,
    76bf0fd12bd9...,
    38e6274601b2...,
    d58cf9939847...,
    40f452260bef...,
    e491352788e5...,
    6839a6d3d430...,
    518032f41fd0...,
    0f062c5863c7...,
    a80dd2c5dafc...,
    10e0333b52bb...,
    bfcd37bd6b84...,
    cc348d369011...,
    057eed1fd48c...,
    6df2d1fd8ea9...,
    d14e08374fc7...,
    c1f1f0055879...,
    6c2c0667393c...,
    e22bce619ae2...,
    e4cc67c3264e...,
    8a7806365bbd...,
    97b883cd8a2b...,
    5921708ce82f...,
    733e38d36a27...,
    99a2705ed38c...
  )
) at 2026-01-13T10:44:35.342428Z
2026-01-13 16:14:35,343 [canton-env-ec-74] INFO  c.d.c.d.t.DomainTopologyManagerRequestService:domain=local tid:84063f473d5fa7b14be4d837fd94c234 - Register topology request by PAR::sandbox::122089928cb4... for PAR::sandbox::122089928cb4... yielded
  Accepted -> Add VettedPackages(
  participant = sandbox::122089928cb4...,
  packages = Seq(
    539a1a262a2b...,
    315cb5676675...,
    cb0552debf21...,
    3f4deaf145a1...,
    86828b984346...,
    f20de1e4e37b...,
    76bf0fd12bd9...,
    38e6274601b2...,
    d58cf9939847...,
    40f452260bef...,
    e491352788e5...,
    6839a6d3d430...,
    518032f41fd0...,
    0f062c5863c7...,
    a80dd2c5dafc...,
    10e0333b52bb...,
    bfcd37bd6b84...,
    cc348d369011...,
    057eed1fd48c...,
    6df2d1fd8ea9...,
    d14e08374fc7...,
    c1f1f0055879...,
    6c2c0667393c...,
    e22bce619ae2...,
    e4cc67c3264e...,
    8a7806365bbd...,
    97b883cd8a2b...,
    5921708ce82f...,
    733e38d36a27...,
    99a2705ed38c...
  )
)
2026-01-13 16:14:35,346 [canton-env-ec-80] INFO  c.d.c.d.s.s.GrpcSequencerService:domain=local tid:84063f473d5fa7b14be4d837fd94c234 - 'DOM::local::1220ed54d96b...' sends request with id '27a11fbd-cfd1-43eb-b351-460af19c5863' of size 519 bytes with 1 envelopes.
2026-01-13 16:14:35,347 [canton-env-ec-29] INFO  c.d.c.d.s.s.GrpcSequencerService:domain=local tid:84063f473d5fa7b14be4d837fd94c234 - 'DOM::local::1220ed54d96b...' sends request with id '65d9ece9-531d-4945-834f-7128319feb2b' of size 2134 bytes with 1 envelopes.
2026-01-13 16:14:35,355 [canton-env-ec-68] INFO  c.d.c.p.p.DefaultMessageDispatcher:participant=sandbox/domainId=local::1220ed54d96b tid:84063f473d5fa7b14be4d837fd94c234 - Processing event at sc=7, ts=2026-01-13T10:44:35.349396Z, with contents=RegisterTopologyTransactionResponse
2026-01-13 16:14:35,358 [canton-env-ec-72] INFO  c.d.c.p.p.DefaultMessageDispatcher:participant=sandbox/domainId=local::1220ed54d96b tid:84063f473d5fa7b14be4d837fd94c234 - Processing event at sc=8, ts=2026-01-13T10:44:35.349734Z, with contents=DomainTopologyTransactionMessage
2026-01-13 16:14:35,359 [canton-env-ec-68] INFO  c.d.c.t.p.TopologyTransactionProcessor:domain=local/node=mediator/client=mediator tid:84063f473d5fa7b14be4d837fd94c234 - Storing topology transaction 1/1 Add VettedPackages(
  participant = sandbox::122089928cb4...,
  packages = Seq(
    539a1a262a2b...,
    315cb5676675...,
    cb0552debf21...,
    3f4deaf145a1...,
    86828b984346...,
    f20de1e4e37b...,
    76bf0fd12bd9...,
    38e6274601b2...,
    d58cf9939847...,
    40f452260bef...,
    e491352788e5...,
    6839a6d3d430...,
    518032f41fd0...,
    0f062c5863c7...,
    a80dd2c5dafc...,
    10e0333b52bb...,
    bfcd37bd6b84...,
    cc348d369011...,
    057eed1fd48c...,
    6df2d1fd8ea9...,
    d14e08374fc7...,
    c1f1f0055879...,
    6c2c0667393c...,
    e22bce619ae2...,
    e4cc67c3264e...,
    8a7806365bbd...,
    97b883cd8a2b...,
    5921708ce82f...,
    733e38d36a27...,
    99a2705ed38c...
  )
) with ts=EffectiveTime(2026-01-13T10:44:35.599734Z) (epsilon=250 ms)
2026-01-13 16:14:35,360 [canton-env-ec-24] INFO  c.d.c.t.p.TopologyTransactionProcessor:domain=local/client=topology-manager tid:84063f473d5fa7b14be4d837fd94c234 - Storing topology transaction 1/1 Add VettedPackages(
  participant = sandbox::122089928cb4...,
  packages = Seq(
    539a1a262a2b...,
    315cb5676675...,
    cb0552debf21...,
    3f4deaf145a1...,
    86828b984346...,
    f20de1e4e37b...,
    76bf0fd12bd9...,
    38e6274601b2...,
    d58cf9939847...,
    40f452260bef...,
    e491352788e5...,
    6839a6d3d430...,
    518032f41fd0...,
    0f062c5863c7...,
    a80dd2c5dafc...,
    10e0333b52bb...,
    bfcd37bd6b84...,
    cc348d369011...,
    057eed1fd48c...,
    6df2d1fd8ea9...,
    d14e08374fc7...,
    c1f1f0055879...,
    6c2c0667393c...,
    e22bce619ae2...,
    e4cc67c3264e...,
    8a7806365bbd...,
    97b883cd8a2b...,
    5921708ce82f...,
    733e38d36a27...,
    99a2705ed38c...
  )
) with ts=EffectiveTime(2026-01-13T10:44:35.599734Z) (epsilon=250 ms)
2026-01-13 16:14:35,360 [canton-env-ec-20] INFO  c.d.c.t.p.TopologyTransactionProcessor:participant=sandbox tid:84063f473d5fa7b14be4d837fd94c234 - Storing topology transaction 1/1 Add VettedPackages(
  participant = sandbox::122089928cb4...,
  packages = Seq(
    539a1a262a2b...,
    315cb5676675...,
    cb0552debf21...,
    3f4deaf145a1...,
    86828b984346...,
    f20de1e4e37b...,
    76bf0fd12bd9...,
    38e6274601b2...,
    d58cf9939847...,
    40f452260bef...,
    e491352788e5...,
    6839a6d3d430...,
    518032f41fd0...,
    0f062c5863c7...,
    a80dd2c5dafc...,
    10e0333b52bb...,
    bfcd37bd6b84...,
    cc348d369011...,
    057eed1fd48c...,
    6df2d1fd8ea9...,
    d14e08374fc7...,
    c1f1f0055879...,
    6c2c0667393c...,
    e22bce619ae2...,
    e4cc67c3264e...,
    8a7806365bbd...,
    97b883cd8a2b...,
    5921708ce82f...,
    733e38d36a27...,
    99a2705ed38c...
  )
) with ts=EffectiveTime(2026-01-13T10:44:35.599734Z) (epsilon=250 ms)
2026-01-13 16:14:36,352 [canton-env-ec-23] INFO  c.d.c.p.a.s.ApiLedgerIdentityService:participant=sandbox tid:a40e52a08e62e612db80be9d3e374372 - Received request for ledger identity: GetLedgerIdentityRequest().
2026-01-13 16:14:39,849 [Thread-0] INFO  c.d.canton.CantonCommunityApp$ - Shutting down...
2026-01-13 16:14:39,858 [Thread-0] INFO  c.d.c.e.CommunityEnvironment - Closing environment...
2026-01-13 16:14:39,862 [canton-env-ec-77] INFO  c.d.c.h.MutableHealthComponent:participant=sandbox - 'sync-domain' is now in state Failed(Component is closed). Previous state was Ok().
2026-01-13 16:14:39,862 [canton-env-ec-77] INFO  c.d.c.h.MutableHealthComponent:participant=sandbox - 'sync-domain-ephemeral' is now in state Failed(Component is closed). Previous state was Ok().
2026-01-13 16:14:39,862 [canton-env-ec-77] INFO  c.d.c.h.MutableHealthComponent:participant=sandbox - 'sequencer-client' is now in state Failed(Component is closed). Previous state was Ok().
2026-01-13 16:14:39,863 [canton-env-ec-77] INFO  c.d.c.h.MutableHealthComponent:participant=sandbox - 'acs-commitment-processor' is now in state Failed(Component is closed). Previous state was Ok().
2026-01-13 16:14:39,870 [canton-env-ec-77] INFO  c.d.c.p.ParticipantNode:participant=sandbox - Stopping participant node
2026-01-13 16:14:39,874 [canton-env-ec-80] INFO  c.d.c.n.g.ApiRequestLogger:participant=sandbox tid:238dabd8dbe23a898e79d369beaba8fe - Request c.d.l.a.v.TransactionService/GetTransactions by /127.0.0.1:55544: cancelled
2026-01-13 16:14:39,882 [canton-env-ec-24] INFO  c.d.c.p.a.s.c.CommandServiceImpl:participant=sandbox - Shutting down Command Service.
2026-01-13 16:14:39,889 [canton-env-ec-80] INFO  com.zaxxer.hikari.HikariDataSource - daml.index.db.connection.api-server - Shutdown initiated...
2026-01-13 16:14:39,890 [canton-env-ec-80] INFO  com.zaxxer.hikari.HikariDataSource - daml.index.db.connection.api-server - Shutdown completed.
2026-01-13 16:14:39,890 [canton-env-ec-24] INFO  c.d.c.p.i.RecoveringIndexer:participant=sandbox - Stopping Indexer Server
2026-01-13 16:14:39,892 [canton-env-ec-23] INFO  com.zaxxer.hikari.HikariDataSource - daml.index.db.connection.indexer - Shutdown initiated...
2026-01-13 16:14:39,892 [canton-env-ec-23] INFO  com.zaxxer.hikari.HikariDataSource - daml.index.db.connection.indexer - Shutdown completed.
2026-01-13 16:14:39,892 [canton-env-ec-23] INFO  c.d.c.p.i.RecoveringIndexer:participant=sandbox - Successfully finished processing state updates
2026-01-13 16:14:39,892 [canton-env-ec-23] INFO  c.d.c.p.i.p.ParallelIndexerFactory$:participant=sandbox - Indexing finished.
2026-01-13 16:14:39,892 [canton-env-ec-23] INFO  c.d.c.p.i.RecoveringIndexer:participant=sandbox - Stopped Indexer Server
2026-01-13 16:14:39,893 [canton-env-ec-30] INFO  c.d.c.p.DispatcherState:participant=sandbox - Shutting down Ledger API offset dispatcher state.
2026-01-13 16:14:39,895 [canton-env-ec-30] INFO  c.d.c.p.DispatcherState:participant=sandbox - Ledger API offset dispatcher shutdown.
2026-01-13 16:14:40,274 [canton-env-ec-77] INFO  c.d.c.p.s.SyncDomain:participant=sandbox/domainId=local::1220ed54d96b - 'sync-domain' is now in state Failed(Disconnected from domain). Previous state was Ok().
2026-01-13 16:14:40,274 [canton-env-ec-77] INFO  c.d.c.h.MutableHealthComponent:participant=sandbox - 'sync-domain' is now in state Failed(Disconnected from domain). Previous state was Ok().
2026-01-13 16:14:40,277 [canton-env-ec-77] INFO  c.d.c.s.c.ResilientSequencerSubscription:participant=sandbox/domainId=local::1220ed54d96b - 'sequencer-client' is now in state Failed(Disconnected from domain). Previous state was Ok().
2026-01-13 16:14:40,278 [canton-env-ec-77] INFO  c.d.c.h.DelegatingMutableHealthComponent:participant=sandbox/domainId=local::1220ed54d96b - 'sequencer-client' is now in state Failed(Disconnected from domain). Previous state was Ok().
2026-01-13 16:14:40,278 [canton-env-ec-77] INFO  c.d.c.h.MutableHealthComponent:participant=sandbox - 'sequencer-client' is now in state Failed(Disconnected from domain). Previous state was Ok().
2026-01-13 16:14:40,280 [canton-env-ec-23] INFO  c.d.c.s.c.t.GrpcSequencerSubscription:participant=sandbox/domainId=local::1220ed54d96b - GRPC subscription successfully closed due to client shutdown.
2026-01-13 16:14:40,280 [canton-env-ec-23] INFO  c.d.c.n.g.ApiRequestLogger:domain=local tid:4de1769bedf69108c63265e38a9582d6 - Request c.d.c.d.a.v.SequencerService/SubscribeVersioned by /127.0.0.1:55553: cancelled
2026-01-13 16:14:40,282 [canton-env-ec-77] INFO  c.d.c.p.p.AcsCommitmentProcessor:participant=sandbox/domainId=local::1220ed54d96b - 'acs-commitment-processor' is now in state Failed(Disconnected from domain). Previous state was Ok().
2026-01-13 16:14:40,283 [canton-env-ec-77] INFO  c.d.c.h.MutableHealthComponent:participant=sandbox - 'acs-commitment-processor' is now in state Failed(Disconnected from domain). Previous state was Ok().
2026-01-13 16:14:40,283 [canton-env-ec-72] INFO  c.d.c.p.s.CantonSyncService:participant=sandbox - Domain 'local' disconnected because sequencer client was closed
2026-01-13 16:14:40,287 [canton-env-ec-77] INFO  c.d.c.p.s.SyncDomainEphemeralState:participant=sandbox/domain-alias=local - 'sync-domain-ephemeral' is now in state Failed(Disconnected from domain). Previous state was Ok().
2026-01-13 16:14:40,287 [canton-env-ec-77] INFO  c.d.c.h.MutableHealthComponent:participant=sandbox - 'sync-domain-ephemeral' is now in state Failed(Disconnected from domain). Previous state was Ok().
2026-01-13 16:14:40,292 [canton-env-ec-77] INFO  c.d.c.h.MutableHealthComponent:participant=sandbox - 'sync-domain' is now in state Failed(Component is closed). Previous state was Failed(Disconnected from domain).
2026-01-13 16:14:40,292 [canton-env-ec-77] INFO  c.d.c.h.MutableHealthComponent:participant=sandbox - 'sync-domain-ephemeral' is now in state Failed(Component is closed). Previous state was Failed(Disconnected from domain).
2026-01-13 16:14:40,292 [canton-env-ec-77] INFO  c.d.c.h.MutableHealthComponent:participant=sandbox - 'sequencer-client' is now in state Failed(Component is closed). Previous state was Failed(Disconnected from domain).
2026-01-13 16:14:40,293 [canton-env-ec-77] INFO  c.d.c.h.MutableHealthComponent:participant=sandbox - 'acs-commitment-processor' is now in state Failed(Component is closed). Previous state was Failed(Disconnected from domain).
2026-01-13 16:14:40,293 [canton-env-ec-77] INFO  c.d.c.r.MemoryStorage:participant=sandbox - 'memory_storage' is now in state Failed(Component is closed). Previous state was Ok().
2026-01-13 16:14:40,293 [canton-env-ec-77] INFO  c.d.c.p.ParticipantNodeBootstrap:participant=sandbox - 'participant' is now in state ServingStatus(status = 'NOT_SERVING'). Previous state was ServingStatus(status = 'SERVING').
2026-01-13 16:14:40,294 [canton-env-ec-77] INFO  c.d.c.c.Crypto:participant=sandbox - 'crypto' is now in state Failed(Component is closed). Previous state was Ok().
2026-01-13 16:14:40,294 [canton-env-ec-77] INFO  c.d.c.c.p.t.TinkPrivateCrypto:participant=sandbox - 'tink-private-crypto' is now in state Failed(Component is closed). Previous state was Ok().
2026-01-13 16:14:40,296 [canton-env-ec-77] INFO  c.d.c.d.DomainNodeBootstrap:domain=local - Stopping domain node
2026-01-13 16:14:40,298 [canton-env-ec-77] INFO  c.d.c.d.t.DomainTopologySender$Impl:domain=local/identity - 'domain-topology-sender' is now in state Failed(Component is closed). Previous state was Ok().
2026-01-13 16:14:40,298 [canton-env-ec-77] INFO  c.d.c.h.MutableHealthComponent:domain=local - 'domain-topology-sender' is now in state Failed(Component is closed). Previous state was Ok().
2026-01-13 16:14:40,298 [canton-env-ec-77] INFO  c.d.c.s.c.ResilientSequencerSubscription:domain=local/client=topology-manager - 'sequencer-client' is now in state Failed(Disconnected from domain). Previous state was Ok().
2026-01-13 16:14:40,299 [canton-env-ec-77] INFO  c.d.c.h.DelegatingMutableHealthComponent:domain=local/client=topology-manager - 'sequencer-client' is now in state Failed(Disconnected from domain). Previous state was Ok().
2026-01-13 16:14:40,299 [canton-env-ec-23] INFO  c.d.c.s.c.t.GrpcSequencerSubscription:domain=local/client=topology-manager - GRPC subscription successfully closed due to client shutdown.
2026-01-13 16:14:40,300 [canton-env-ec-68] INFO  c.d.c.n.g.ApiRequestLogger:domain=local tid:146938bb014dccc9438c6595e078cfac - Request c.d.c.d.a.v.SequencerService/SubscribeVersioned by /127.0.0.1:55533: cancelled
2026-01-13 16:14:40,302 [canton-env-ec-77] INFO  c.d.c.s.c.ResilientSequencerSubscription:domain=local/client=mediator - 'sequencer-client' is now in state Failed(Disconnected from domain). Previous state was Ok().
2026-01-13 16:14:40,302 [canton-env-ec-77] INFO  c.d.c.h.DelegatingMutableHealthComponent:domain=local/client=mediator - 'sequencer-client' is now in state Failed(Disconnected from domain). Previous state was Ok().
2026-01-13 16:14:40,303 [canton-env-ec-68] INFO  c.d.c.s.c.t.GrpcSequencerSubscription:domain=local/client=mediator - GRPC subscription successfully closed due to client shutdown.
2026-01-13 16:14:40,303 [canton-env-ec-68] INFO  c.d.c.n.g.ApiRequestLogger:domain=local tid:9b0cab7b9b412be017bf3de7bf250baa - Request c.d.c.d.a.v.SequencerService/SubscribeVersioned by /127.0.0.1:55537: cancelled
2026-01-13 16:14:40,306 [canton-env-ec-77] INFO  c.d.c.d.s.s.DatabaseSequencer:domain=local - 'sequencer' is now in state SequencerHealthStatus(active = false, details = Sequencer is closed). Previous state was SequencerHealthStatus(active = true).
2026-01-13 16:14:40,307 [canton-env-ec-77] INFO  c.d.c.h.MutableHealthQuasiComponent:domain=local - 'sequencer' is now in state SequencerHealthStatus(active = false, details = Sequencer is closed). Previous state was SequencerHealthStatus(active = true).
2026-01-13 16:14:40,307 [canton-env-ec-77] INFO  c.d.c.d.DomainNodeBootstrap:domain=local - 'sequencer-health-check-service' is now in state ServingStatus(status = 'NOT_SERVING'). Previous state was ServingStatus(status = 'SERVING').
2026-01-13 16:14:40,311 [canton-env-ec-77] INFO  c.d.c.r.MemoryStorage:domain=local - 'memory_storage' is now in state Failed(Component is closed). Previous state was Ok().
2026-01-13 16:14:40,311 [canton-env-ec-77] INFO  c.d.c.d.DomainNodeBootstrap:domain=local - 'domain' is now in state ServingStatus(status = 'NOT_SERVING'). Previous state was ServingStatus(status = 'SERVING').
2026-01-13 16:14:40,311 [canton-env-ec-77] INFO  c.d.c.crypto.Crypto:domain=local - 'crypto' is now in state Failed(Component is closed). Previous state was Ok().
2026-01-13 16:14:40,311 [canton-env-ec-77] INFO  c.d.c.c.p.t.TinkPrivateCrypto:domain=local - 'tink-private-crypto' is now in state Failed(Component is closed). Previous state was Ok().
2026-01-13 16:14:40,321 [canton-env-ec-23] INFO  o.a.pekko.actor.CoordinatedShutdown - Running CoordinatedShutdown with reason [ActorSystemTerminateReason]
2026-01-13 16:14:40,336 [Thread-0] INFO  c.d.canton.CantonCommunityApp$ - Shutdown complete.
2026-01-13 16:14:40,336 [Thread-0] INFO  c.d.canton.CantonCommunityApp$ - Shutting down logger. Bye bye.
2026-01-13 16:15:29,864 [main] INFO  c.d.canton.CantonCommunityApp$ - Starting Canton version 2.10.0
2026-01-13 16:15:30,281 [main] INFO  c.d.canton.CantonCommunityApp$ - Starting up with resolved config:
domains {
    local {
        admin-api {
            port=6868
        }
        init {
            domain-parameters {
                protocol-version="7"
            }
        }
        public-api {
            port=6867
        }
        storage {
            type=memory
        }
    }
}
parameters {
    dev-version-support=true
    non-standard-config=true
    ports-file="/var/folders/6h/h_td7sys15x4866r9hv1k8xc0000gn/T/extra-dir-67490392784/sandbox-portfile"
}
participants {
    sandbox {
        admin-api {
            port=6866
        }
        ledger-api {
            port=6865
            user-management-service {
                enabled=true
            }
        }
        parameters {
            dev-version-support=true
        }
        storage {
            type=memory
        }
    }
}

2026-01-13 16:15:30,297 [main] INFO  c.d.c.e.CommunityEnvironment - Deriving 8 as number of threads from 'sys.runtime.availableProcessors()'. Please use '-Dscala.concurrent.context.numThreads' to override.
2026-01-13 16:15:30,398 [canton-env-ec-20] INFO  o.a.pekko.event.slf4j.Slf4jLogger - Slf4jLogger started
2026-01-13 16:15:30,439 [main] INFO  c.d.c.t.OpenTelemetryFactory$ - Initializing open telemetry with Exporter.Disabled
2026-01-13 16:15:30,470 [main] INFO  c.d.c.e.CommunityEnvironment tid:e2e451fa5c9b26a50f6ab48ae661fcf8 - Automatically starting all instances
2026-01-13 16:15:30,585 [canton-env-ec-29] INFO  c.d.c.crypto.Crypto:domain=local - 'crypto' is now in state Ok(). Previous state was Not Initialized.
2026-01-13 16:15:30,587 [canton-env-ec-28] INFO  c.d.c.d.DomainNodeBootstrap:domain=local - Starting admin-api services on CommunityAdminServerConfig(127.0.0.1,Some(6868),None,Some(BasicKeepAliveServerConfig(40s,20s,20s,false)),10485760)
2026-01-13 16:15:30,625 [canton-env-ec-29] INFO  c.d.c.c.Crypto:participant=sandbox - 'crypto' is now in state Ok(). Previous state was Not Initialized.
2026-01-13 16:15:30,625 [canton-env-ec-20] INFO  c.d.c.p.ParticipantNodeBootstrap:participant=sandbox - Starting admin-api services on CommunityAdminServerConfig(127.0.0.1,Some(6866),None,Some(BasicKeepAliveServerConfig(40s,20s,20s,false)),10485760)
2026-01-13 16:15:30,820 [canton-env-ec-28] INFO  c.d.c.d.DomainNodeBootstrap:domain=local - 'domain' is now in state ServingStatus(status = 'SERVING'). Previous state was ServingStatus(status = 'NOT_SERVING').
2026-01-13 16:15:30,820 [canton-env-ec-20] INFO  c.d.c.p.ParticipantNodeBootstrap:participant=sandbox - 'participant' is now in state ServingStatus(status = 'SERVING'). Previous state was ServingStatus(status = 'NOT_SERVING').
2026-01-13 16:15:30,885 [canton-env-ec-22] INFO  c.d.c.d.DomainNodeBootstrap:domain=local - Node is not initialized yet. Performing automated default initialization.
2026-01-13 16:15:30,885 [canton-env-ec-20] INFO  c.d.c.p.ParticipantNodeBootstrap:participant=sandbox - Node is not initialized yet. Performing automated default initialization.
2026-01-13 16:15:31,047 [canton-env-ec-27] INFO  c.d.c.d.t.DomainTopologyManager:domain=local tid:20ad9a29ad738d604b3077244d31d01d - Applied topology transaction Add NamespaceDelegation(122054500060..., SigningPublicKey(id = 122054500060..., format = Tink, scheme = Ed25519), true) at 2026-01-13T10:45:31.046067Z
2026-01-13 16:15:31,047 [canton-env-ec-23] INFO  c.d.c.p.t.ParticipantTopologyManager:participant=sandbox tid:74c38fe77fc0616a147217b0ae2de558 - Applied topology transaction Add NamespaceDelegation(12209f1044ed..., SigningPublicKey(id = 12209f1044ed..., format = Tink, scheme = Ed25519), true) at 2026-01-13T10:45:31.046065Z
2026-01-13 16:15:31,069 [canton-env-ec-29] INFO  c.d.c.d.t.DomainTopologyManager:domain=local tid:20ad9a29ad738d604b3077244d31d01d - Applied topology transaction Replace DomainParametersChange(
  local::122054500060...,
  DynamicDomainParameters(
    participant response timeout = 30s,
    mediator reaction timeout = 30s,
    transfer exclusivity timeout = 1m,
    topology change delay = 0.25s,
    ledger time record time tolerance = 1m,
    mediator deduplication timeout = 2m,
    reconciliation interval = 1m,
    max rate per participant = 1000000,
    max request size = 10485760,
    catchup config = CatchUpConfig(catchUpIntervalSkip = 5, nrIntervalsToTriggerCatchUp = 2)
  )
) at 2026-01-13T10:45:31.068086Z
2026-01-13 16:15:31,078 [canton-env-ec-29] INFO  c.d.c.d.t.DomainTopologyManager:domain=local tid:20ad9a29ad738d604b3077244d31d01d - Applied topology transaction Add OwnerToKeyMapping(DOM::local::122054500060..., SigningPublicKey(id = 1220d83ddeac..., format = Tink, scheme = Ed25519)) at 2026-01-13T10:45:31.077057Z
2026-01-13 16:15:31,084 [canton-env-ec-23] INFO  c.d.c.d.t.DomainTopologyManager:domain=local - Applied topology transaction Add OwnerToKeyMapping(MED::local::122054500060..., SigningPublicKey(id = 1220cfa4a332..., format = Tink, scheme = Ed25519)) at 2026-01-13T10:45:31.083749Z
2026-01-13 16:15:31,090 [canton-env-ec-28] INFO  c.d.c.d.t.DomainTopologyManager:domain=local - Applied topology transaction Add MediatorDomainState(Both, local::122054500060..., MED::local::122054500060...) at 2026-01-13T10:45:31.090307Z
2026-01-13 16:15:31,097 [canton-env-ec-23] INFO  c.d.c.p.a.PackageUploader:participant=sandbox - Initializing Upgradable Package Resolution View
2026-01-13 16:15:31,098 [canton-env-ec-27] INFO  c.d.c.p.a.PackageUploader:participant=sandbox - Upgradable Package Resolution View has been initialized (1 ms)
2026-01-13 16:15:31,100 [canton-env-ec-27] INFO  c.d.c.d.t.DomainTopologyManager:domain=local - Applied topology transaction Add OwnerToKeyMapping(SEQ::local::122054500060..., SigningPublicKey(id = 1220bdd66cc9..., format = Tink, scheme = Ed25519)) at 2026-01-13T10:45:31.100164Z
2026-01-13 16:15:31,101 [canton-env-ec-28] INFO  c.d.c.d.DomainNodeBootstrap:domain=local - Initializing node with id NodeId(local::122054500060...)
2026-01-13 16:15:31,144 [canton-env-ec-27] INFO  c.d.c.p.s.CantonSyncService:participant=sandbox tid:ed913e7f5e2cff7137c48713d8bb9299 - Recovering published timely rejections
2026-01-13 16:15:31,148 [canton-env-ec-30] INFO  c.d.c.p.s.CantonSyncService:participant=sandbox tid:ed913e7f5e2cff7137c48713d8bb9299 - Publishing the unpublished events from the ParticipantEventLog
2026-01-13 16:15:31,198 [canton-env-ec-27] INFO  c.d.c.p.l.a.StartableStoppableLedgerApiServer:participant=sandbox - Creating storage, num-indexer: 16, num-ledger-api: 4
2026-01-13 16:15:31,212 [canton-env-ec-21] INFO  c.d.c.d.s.SequencerRuntime:domain=local - Sequencer is healthy
2026-01-13 16:15:31,230 [canton-env-ec-20] INFO  c.d.c.h.MutableHealthQuasiComponent:domain=local - 'sequencer' is now in state SequencerHealthStatus(active = true). Previous state was SequencerHealthStatus(active = false).
2026-01-13 16:15:31,231 [canton-env-ec-20] INFO  c.d.c.d.DomainNodeBootstrap:domain=local - 'sequencer-health-check-service' is now in state ServingStatus(status = 'SERVING'). Previous state was ServingStatus(status = 'NOT_SERVING').
2026-01-13 16:15:31,304 [canton-env-ec-30] INFO  c.d.c.p.s.b.VerifiedDataSource$:participant=sandbox - Attempting to connect to the database (attempt 1/600)
2026-01-13 16:15:31,421 [canton-env-ec-28] INFO  c.d.c.p.s.FlywayMigrations:participant=sandbox - Ensuring Flyway migration has either not started or there are no pending migrations...
2026-01-13 16:15:31,423 [canton-env-ec-28] INFO  o.f.c.i.license.VersionPrinter - Flyway Community Edition 9.15.2 by Redgate
2026-01-13 16:15:31,423 [canton-env-ec-28] INFO  o.f.c.i.license.VersionPrinter - See release notes here: https://rd.gt/416ObMi
2026-01-13 16:15:31,423 [canton-env-ec-28] INFO  o.f.c.i.license.VersionPrinter - 
2026-01-13 16:15:31,446 [canton-env-ec-23] INFO  c.d.c.s.c.SequencerClientImpl:domain=local/client=topology-manager - No event found up to 0001-01-01T00:00:00Z. Resubscribing from the beginning.
2026-01-13 16:15:31,447 [canton-env-ec-23] INFO  c.d.c.s.c.SequencerClientImpl:domain=local/client=topology-manager - Processing events from the SequencedEventStore from 0001-01-01T00:00:00.000001Z on
2026-01-13 16:15:31,455 [canton-env-ec-28] INFO  o.f.c.i.d.base.BaseDatabaseType - Database: jdbc:h2:mem:ledger_api_sandbox12209f1044ed68ff04f6fc866c4d2d5cacafa31d173b36bd184c6ed7977ccbdc20bc_aaad95d6873645da9d4d42105dd7c10c (H2 2.1)
2026-01-13 16:15:31,472 [canton-env-ec-23] INFO  c.d.c.s.c.SequencerClientImpl:domain=local/client=topology-manager - Starting subscription for alias=SEQ::local::122054500060... at timestamp None; next counter 0
2026-01-13 16:15:31,476 [canton-env-ec-23] INFO  c.d.c.h.DelegatingMutableHealthComponent:domain=local/client=topology-manager - 'sequencer-client' is now in state Ok(). Previous state was Not Initialized.
2026-01-13 16:15:31,478 [canton-env-ec-28] INFO  c.d.c.p.s.FlywayMigrations:participant=sandbox - Running Flyway migration on empty database with 1 migrations pending...
2026-01-13 16:15:31,481 [canton-env-ec-28] INFO  o.f.c.internal.command.DbValidate - Successfully validated 1 migration (execution time 00:00.000s)
2026-01-13 16:15:31,482 [canton-env-ec-28] INFO  o.f.c.i.s.JdbcTableSchemaHistory - Creating Schema History table "PUBLIC"."flyway_schema_history" ...
2026-01-13 16:15:31,493 [canton-env-ec-28] INFO  o.f.core.internal.command.DbMigrate - Current version of schema "PUBLIC": << Empty Schema >>
2026-01-13 16:15:31,500 [canton-env-ec-27] INFO  c.d.c.d.i.TopologyManagementInitialization$:domain=local - Sending initial topology transactions to domain members Set(DOM::local::122054500060..., MED::local::122054500060...) as DOM::local::122054500060...
2026-01-13 16:15:31,509 [canton-env-ec-28] INFO  o.f.core.internal.command.DbMigrate - Migrating schema "PUBLIC" to version "1 - Append only schema"
2026-01-13 16:15:31,525 [canton-env-ec-22] INFO  c.d.c.d.s.a.MemberAuthenticationServiceOld:domain=local - DOM::local::122054500060... authenticated new token with expiry 2026-01-13T11:45:31.524449Z
2026-01-13 16:15:31,545 [canton-env-ec-28] INFO  o.f.core.internal.command.DbMigrate - Successfully applied 1 migration to schema "PUBLIC", now at version v1 (execution time 00:00.053s)
2026-01-13 16:15:31,545 [canton-env-ec-28] INFO  c.d.c.p.s.FlywayMigrations:participant=sandbox - Flyway schema migration finished successfully, applying 1 steps on empty database.
2026-01-13 16:15:31,550 [canton-env-ec-29] INFO  c.d.c.d.s.s.GrpcSequencerService:domain=local - DOM::local::122054500060... subscribes from counter=0
2026-01-13 16:15:31,563 [canton-env-ec-27] INFO  c.d.c.p.i.RecoveringIndexer:participant=sandbox - Starting Indexer Server
2026-01-13 16:15:31,572 [canton-env-ec-23] INFO  com.zaxxer.hikari.HikariDataSource - daml.index.db.connection.indexer - Starting...
2026-01-13 16:15:31,579 [canton-env-ec-23] INFO  com.zaxxer.hikari.HikariDataSource - daml.index.db.connection.indexer - Start completed.
2026-01-13 16:15:31,591 [canton-env-ec-30] INFO  c.d.c.d.s.s.GrpcSequencerService:domain=local tid:e3351ca155582882959a272c58414259 - 'DOM::local::122054500060...' sends request with id 'a72c8159-144b-486e-a04b-eb4488b54d14' of size 1817 bytes with 2 envelopes.
2026-01-13 16:15:31,595 [canton-env-ec-27] INFO  c.d.c.p.i.p.InitializeParallelIngestion:participant=sandbox - Attempting to initialize with participant ID sandbox::12209f1044ed68ff04f6fc866c4d2d5cacafa31d173b36bd184c6ed7977ccbdc20bc
2026-01-13 16:15:31,596 [daml.index.db.threadpool.connection.indexer-1] INFO  c.d.c.p.s.b.c.ParameterStorageBackendImpl$:participant=sandbox - Initializing new database for participantId 'sandbox::12209f1044ed68ff04f6fc866c4d2d5cacafa31d173b36bd184c6ed7977ccbdc20bc'
2026-01-13 16:15:31,604 [canton-env-ec-27] INFO  c.d.c.p.InMemoryState:participant=sandbox - Initializing participant in-memory state to ledger end: LedgerEnd(Offset(Bytes()),0,0)
2026-01-13 16:15:31,613 [canton-env-ec-30] INFO  c.d.c.p.i.UpdatePackageMetadataView$:participant=sandbox - Package Metadata View has been initialized (2 ms)
2026-01-13 16:15:31,614 [canton-env-ec-21] INFO  c.d.c.p.DispatcherState:participant=sandbox - Started a Ledger API offset dispatcher at initialization offset: Offset(Bytes()).
2026-01-13 16:15:31,619 [canton-env-ec-20] INFO  c.d.c.d.s.s.SequencerReader$EventsReader:domain=local/subscriber=DOM::local::122054500060 tid:e3351ca155582882959a272c58414259 - Using approximate topology snapshot at 0001-01-01T00:00:00.000001Z for desired timestamp 2026-01-13T10:45:31.608401Z
2026-01-13 16:15:31,639 [canton-env-ec-22] INFO  c.d.c.s.c.SequencedEventValidatorImpl:domain=local/client=topology-manager tid:e3351ca155582882959a272c58414259 - Skipping signature verification of the first sequenced event due to a fresh subscription from SEQ::local::122054500060...
2026-01-13 16:15:31,639 [canton-env-ec-21] INFO  c.d.c.p.i.p.ParallelIndexerFactory$:participant=sandbox - Indexer initialized, indexing started.
2026-01-13 16:15:31,639 [canton-env-ec-28] INFO  c.d.c.p.i.RecoveringIndexer:participant=sandbox - Started Indexer Server
2026-01-13 16:15:31,641 [canton-env-ec-21] INFO  com.zaxxer.hikari.HikariDataSource - daml.index.db.connection.api-server - Starting...
2026-01-13 16:15:31,642 [canton-env-ec-21] INFO  com.zaxxer.hikari.HikariDataSource - daml.index.db.connection.api-server - Start completed.
2026-01-13 16:15:31,651 [input-mapping-pool-0] INFO  c.d.c.p.i.p.ParallelIndexerSubscription:participant=sandbox tid:ed913e7f5e2cff7137c48713d8bb9299 - Storing at offset=000000000000000001 ConfigurationChanged(
  recordTime = 2026-01-13T10:45:31.155575Z,
  configuration = Configuration(generation = 1, maxDeduplicationDuration = 168h, timeModel = LedgerTimeModel(avgTransactionLatency = 0s, minSkew = 8760h, maxSkew = 8760h)),
  ...
)
2026-01-13 16:15:31,674 [canton-env-ec-27] INFO  c.d.c.p.i.IndexServiceOwner:participant=sandbox - Found existing participant with ID: sandbox::12209f1044ed68ff04f6fc866c4d2d5cacafa31d173b36bd184c6ed7977ccbdc20bc`
2026-01-13 16:15:31,680 [canton-env-ec-21] INFO  c.d.c.t.p.DomainTopologyTransactionMessageValidator$Impl:domain=local/client=topology-manager tid:e3351ca155582882959a272c58414259 - Using approximate topology snapshot at 0001-01-01T00:00:00.000001Z for desired timestamp 2026-01-13T10:45:31.608401Z
2026-01-13 16:15:31,689 [canton-env-ec-29] INFO  c.d.c.t.p.TopologyTransactionProcessor:domain=local/client=topology-manager tid:e3351ca155582882959a272c58414259 - Updated topology change delay from=0s to 0.25s
2026-01-13 16:15:31,690 [canton-env-ec-29] INFO  c.d.c.t.p.TopologyTransactionProcessor:domain=local/client=topology-manager tid:e3351ca155582882959a272c58414259 - Storing topology transaction 1/6 Add NamespaceDelegation(122054500060..., SigningPublicKey(id = 122054500060..., format = Tink, scheme = Ed25519), true) with ts=EffectiveTime(2026-01-13T10:45:31.608401Z) (epsilon=0 ms)
2026-01-13 16:15:31,691 [canton-env-ec-29] INFO  c.d.c.t.p.TopologyTransactionProcessor:domain=local/client=topology-manager tid:e3351ca155582882959a272c58414259 - Storing topology transaction 2/6 Replace DomainParametersChange(
  local::122054500060...,
  DynamicDomainParameters(
    participant response timeout = 30s,
    mediator reaction timeout = 30s,
    transfer exclusivity timeout = 1m,
    topology change delay = 0.25s,
    ledger time record time tolerance = 1m,
    mediator deduplication timeout = 2m,
    reconciliation interval = 1m,
    max rate per participant = 1000000,
    max request size = 10485760,
    catchup config = CatchUpConfig(catchUpIntervalSkip = 5, nrIntervalsToTriggerCatchUp = 2)
  )
) with ts=EffectiveTime(2026-01-13T10:45:31.608401Z) (epsilon=0 ms)
2026-01-13 16:15:31,692 [canton-env-ec-29] INFO  c.d.c.t.p.TopologyTransactionProcessor:domain=local/client=topology-manager tid:e3351ca155582882959a272c58414259 - Storing topology transaction 3/6 Add OwnerToKeyMapping(DOM::local::122054500060..., SigningPublicKey(id = 1220d83ddeac..., format = Tink, scheme = Ed25519)) with ts=EffectiveTime(2026-01-13T10:45:31.608401Z) (epsilon=0 ms)
2026-01-13 16:15:31,692 [canton-env-ec-29] INFO  c.d.c.t.p.TopologyTransactionProcessor:domain=local/client=topology-manager tid:e3351ca155582882959a272c58414259 - Storing topology transaction 4/6 Add OwnerToKeyMapping(MED::local::122054500060..., SigningPublicKey(id = 1220cfa4a332..., format = Tink, scheme = Ed25519)) with ts=EffectiveTime(2026-01-13T10:45:31.608401Z) (epsilon=0 ms)
2026-01-13 16:15:31,692 [canton-env-ec-29] INFO  c.d.c.t.p.TopologyTransactionProcessor:domain=local/client=topology-manager tid:e3351ca155582882959a272c58414259 - Storing topology transaction 5/6 Add MediatorDomainState(Both, local::122054500060..., MED::local::122054500060...) with ts=EffectiveTime(2026-01-13T10:45:31.608401Z) (epsilon=0 ms)
2026-01-13 16:15:31,693 [canton-env-ec-29] INFO  c.d.c.t.p.TopologyTransactionProcessor:domain=local/client=topology-manager tid:e3351ca155582882959a272c58414259 - Storing topology transaction 6/6 Add OwnerToKeyMapping(SEQ::local::122054500060..., SigningPublicKey(id = 1220bdd66cc9..., format = Tink, scheme = Ed25519)) with ts=EffectiveTime(2026-01-13T10:45:31.608401Z) (epsilon=0 ms)
2026-01-13 16:15:31,703 [canton-env-ec-30] INFO  c.d.c.p.a.r.MemoryCheck$:participant=sandbox - Using 'tenured' memory pool G1 Old Gen.  Setting its collection pool threshold to 2147483648
2026-01-13 16:15:31,716 [canton-env-ec-21] INFO  c.d.c.h.MutableHealthComponent:domain=local - 'domain-topology-sender' is now in state Ok(). Previous state was Not Initialized.
2026-01-13 16:15:31,725 [canton-env-ec-28] INFO  c.d.c.p.a.ApiServices$Owner:participant=sandbox - Daml-LF Engine supports LF versions: 1.14, 1.15, 1.17, 1.dev
2026-01-13 16:15:31,731 [canton-env-ec-21] INFO  c.d.c.p.a.c.LedgerConfigurationSubscriptionFromIndex:participant=sandbox - Initial ledger configuration lookup found configuration Configuration(1,LedgerTimeModel(PT0S,PT8760H,PT8760H),PT168H) at Absolute(000000000000000001). Looking for new ledger configurations from this offset.
2026-01-13 16:15:31,759 [canton-env-ec-21] INFO  c.d.c.s.c.SequencerClientImpl:domain=local/client=mediator - No event found up to 0001-01-01T00:00:00Z. Resubscribing from the beginning.
2026-01-13 16:15:31,760 [canton-env-ec-21] INFO  c.d.c.s.c.SequencerClientImpl:domain=local/client=mediator - Processing events from the SequencedEventStore from 0001-01-01T00:00:00.000001Z on
2026-01-13 16:15:31,761 [canton-env-ec-21] INFO  c.d.c.s.c.SequencerClientImpl:domain=local/client=mediator - Starting subscription for alias=SEQ::local::122054500060... at timestamp None; next counter 0
2026-01-13 16:15:31,761 [canton-env-ec-21] INFO  c.d.c.h.DelegatingMutableHealthComponent:domain=local/client=mediator - 'sequencer-client' is now in state Ok(). Previous state was Not Initialized.
2026-01-13 16:15:31,773 [canton-env-ec-23] INFO  c.d.c.d.s.a.MemberAuthenticationServiceOld:domain=local - MED::local::122054500060... authenticated new token with expiry 2026-01-13T11:45:31.773698Z
2026-01-13 16:15:31,778 [canton-env-ec-29] INFO  c.d.c.d.s.s.GrpcSequencerService:domain=local - MED::local::122054500060... subscribes from counter=0
2026-01-13 16:15:31,785 [canton-env-ec-21] INFO  c.d.c.s.c.SequencedEventValidatorImpl:domain=local/client=mediator tid:e3351ca155582882959a272c58414259 - Skipping signature verification of the first sequenced event due to a fresh subscription from SEQ::local::122054500060...
2026-01-13 16:15:31,790 [canton-env-ec-20] INFO  c.d.c.d.m.Mediator:domain=local/node=mediator tid:e3351ca155582882959a272c58414259 - Caught up with batch with counter=0 with sequencer with 182 ms delay
2026-01-13 16:15:31,791 [canton-env-ec-20] INFO  c.d.c.t.p.DomainTopologyTransactionMessageValidator$Impl:domain=local/node=mediator/client=mediator tid:e3351ca155582882959a272c58414259 - Using approximate topology snapshot at 0001-01-01T00:00:00.000001Z for desired timestamp 2026-01-13T10:45:31.608401Z
2026-01-13 16:15:31,795 [canton-env-ec-54] INFO  c.d.c.t.p.TopologyTransactionProcessor:domain=local/node=mediator/client=mediator tid:e3351ca155582882959a272c58414259 - Updated topology change delay from=0s to 0.25s
2026-01-13 16:15:31,795 [canton-env-ec-54] INFO  c.d.c.t.p.TopologyTransactionProcessor:domain=local/node=mediator/client=mediator tid:e3351ca155582882959a272c58414259 - Storing topology transaction 1/6 Add NamespaceDelegation(122054500060..., SigningPublicKey(id = 122054500060..., format = Tink, scheme = Ed25519), true) with ts=EffectiveTime(2026-01-13T10:45:31.608401Z) (epsilon=0 ms)
2026-01-13 16:15:31,796 [canton-env-ec-54] INFO  c.d.c.t.p.TopologyTransactionProcessor:domain=local/node=mediator/client=mediator tid:e3351ca155582882959a272c58414259 - Storing topology transaction 2/6 Replace DomainParametersChange(
  local::122054500060...,
  DynamicDomainParameters(
    participant response timeout = 30s,
    mediator reaction timeout = 30s,
    transfer exclusivity timeout = 1m,
    topology change delay = 0.25s,
    ledger time record time tolerance = 1m,
    mediator deduplication timeout = 2m,
    reconciliation interval = 1m,
    max rate per participant = 1000000,
    max request size = 10485760,
    catchup config = CatchUpConfig(catchUpIntervalSkip = 5, nrIntervalsToTriggerCatchUp = 2)
  )
) with ts=EffectiveTime(2026-01-13T10:45:31.608401Z) (epsilon=0 ms)
2026-01-13 16:15:31,797 [canton-env-ec-54] INFO  c.d.c.t.p.TopologyTransactionProcessor:domain=local/node=mediator/client=mediator tid:e3351ca155582882959a272c58414259 - Storing topology transaction 3/6 Add OwnerToKeyMapping(DOM::local::122054500060..., SigningPublicKey(id = 1220d83ddeac..., format = Tink, scheme = Ed25519)) with ts=EffectiveTime(2026-01-13T10:45:31.608401Z) (epsilon=0 ms)
2026-01-13 16:15:31,797 [canton-env-ec-54] INFO  c.d.c.t.p.TopologyTransactionProcessor:domain=local/node=mediator/client=mediator tid:e3351ca155582882959a272c58414259 - Storing topology transaction 4/6 Add OwnerToKeyMapping(MED::local::122054500060..., SigningPublicKey(id = 1220cfa4a332..., format = Tink, scheme = Ed25519)) with ts=EffectiveTime(2026-01-13T10:45:31.608401Z) (epsilon=0 ms)
2026-01-13 16:15:31,797 [canton-env-ec-54] INFO  c.d.c.t.p.TopologyTransactionProcessor:domain=local/node=mediator/client=mediator tid:e3351ca155582882959a272c58414259 - Storing topology transaction 5/6 Add MediatorDomainState(Both, local::122054500060..., MED::local::122054500060...) with ts=EffectiveTime(2026-01-13T10:45:31.608401Z) (epsilon=0 ms)
2026-01-13 16:15:31,798 [canton-env-ec-54] INFO  c.d.c.t.p.TopologyTransactionProcessor:domain=local/node=mediator/client=mediator tid:e3351ca155582882959a272c58414259 - Storing topology transaction 6/6 Add OwnerToKeyMapping(SEQ::local::122054500060..., SigningPublicKey(id = 1220bdd66cc9..., format = Tink, scheme = Ed25519)) with ts=EffectiveTime(2026-01-13T10:45:31.608401Z) (epsilon=0 ms)
2026-01-13 16:15:31,878 [canton-env-ec-28] INFO  c.d.c.p.a.LedgerApiService:participant=sandbox - Listening on 127.0.0.1:6865 over plain text with LedgerApiKeepAliveServerConfig(10m,20s,10s,true).
2026-01-13 16:15:31,879 [canton-env-ec-23] INFO  c.d.c.p.a.ApiServiceOwner$:participant=sandbox - Initialized API server version {component version not found on classpath} with ledger-id = sandbox, port = 6865.
2026-01-13 16:15:31,900 [canton-env-ec-20] INFO  c.d.c.p.a.s.ApiLedgerIdentityService:participant=sandbox tid:d13afb3c0246bb5116ce65cb0f1a8037 - Received request for ledger identity: GetLedgerIdentityRequest().
2026-01-13 16:15:32,632 [canton-env-ec-20] INFO  c.d.c.p.a.s.ApiPackageService:participant=sandbox tid:49d829447dd69bb7419c4f1ac69f4c19 - Received request for a package status: GetPackageStatusRequest(sandbox,cc348d369011362a5190fe96dd1f0dfbc697fdfd10e382b9e9666f0da05961b7), packageId -> 'cc348d369011362a5190fe96dd1f0dfbc697fdfd10e382b9e9666f0da05961b7'.
2026-01-13 16:15:32,632 [canton-env-ec-27] INFO  c.d.c.p.a.s.ApiPackageService:participant=sandbox tid:0281acafe40d6236a83811d5c08a3e5a - Received request for a package status: GetPackageStatusRequest(sandbox,8abf89c9b4a8d85b16ec66b58c6dc2eb41fb1eba02c36d67e21ca5a4dfa01552), packageId -> '8abf89c9b4a8d85b16ec66b58c6dc2eb41fb1eba02c36d67e21ca5a4dfa01552'.
2026-01-13 16:15:32,632 [canton-env-ec-30] INFO  c.d.c.p.a.s.ApiPackageService:participant=sandbox tid:8a861c0578372027a91b49054f242749 - Received request for a package status: GetPackageStatusRequest(sandbox,8a7806365bbd98d88b4c13832ebfa305f6abaeaf32cfa2b7dd25c4fa489b79fb), packageId -> '8a7806365bbd98d88b4c13832ebfa305f6abaeaf32cfa2b7dd25c4fa489b79fb'.
2026-01-13 16:15:32,633 [canton-env-ec-78] INFO  c.d.c.p.a.s.ApiPackageService:participant=sandbox tid:0eeb12eada11492603f8d4b6a7d8ce18 - Received request for a package status: GetPackageStatusRequest(sandbox,65921e553a353588e950cbc87e98a127730e63295f7ad8d3adae952ef0133b3e), packageId -> '65921e553a353588e950cbc87e98a127730e63295f7ad8d3adae952ef0133b3e'.
2026-01-13 16:15:32,632 [canton-env-ec-68] INFO  c.d.c.p.a.s.ApiPackageService:participant=sandbox tid:aae6fcd7fd93a6a7ca2e1fa7d9e7cc2d - Received request for a package status: GetPackageStatusRequest(sandbox,86828b9843465f419db1ef8a8ee741d1eef645df02375ebf509cdc8c3ddd16cb), packageId -> '86828b9843465f419db1ef8a8ee741d1eef645df02375ebf509cdc8c3ddd16cb'.
2026-01-13 16:15:32,632 [canton-env-ec-70] INFO  c.d.c.p.a.s.ApiPackageService:participant=sandbox tid:46df1018515d928fc38504ec0d99c4c3 - Received request for a package status: GetPackageStatusRequest(sandbox,5921708ce82f4255deb1b26d2c05358b548720938a5a325718dc69f381ba47ff), packageId -> '5921708ce82f4255deb1b26d2c05358b548720938a5a325718dc69f381ba47ff'.
2026-01-13 16:15:32,633 [canton-env-ec-30] INFO  c.d.c.p.a.s.ApiPackageService:participant=sandbox tid:a66fcf13f49a2a206e364aeed08901e6 - Received request for a package status: GetPackageStatusRequest(sandbox,6839a6d3d430c569b2425e9391717b44ca324b88ba621d597778811b2d05031d), packageId -> '6839a6d3d430c569b2425e9391717b44ca324b88ba621d597778811b2d05031d'.
2026-01-13 16:15:32,632 [canton-env-ec-71] INFO  c.d.c.p.a.s.ApiPackageService:participant=sandbox tid:aabab5bdb4f38256a0dc9842bf9398e4 - Received request for a package status: GetPackageStatusRequest(sandbox,c058a0c9602a9c8d85066c27bf4d81c3d7da69c07a87270b1fcedfd284cea7ff), packageId -> 'c058a0c9602a9c8d85066c27bf4d81c3d7da69c07a87270b1fcedfd284cea7ff'.
2026-01-13 16:15:32,632 [canton-env-ec-54] INFO  c.d.c.p.a.s.ApiPackageService:participant=sandbox tid:2e46ac6613a1b30a9aeb2767e2e71bd3 - Received request for a package status: GetPackageStatusRequest(sandbox,c1f1f00558799eec139fb4f4c76f95fb52fa1837a5dd29600baa1c8ed1bdccfd), packageId -> 'c1f1f00558799eec139fb4f4c76f95fb52fa1837a5dd29600baa1c8ed1bdccfd'.
2026-01-13 16:15:32,632 [canton-env-ec-29] INFO  c.d.c.p.a.s.ApiPackageService:participant=sandbox tid:3a6229dbca0452f90461411ba3fc7623 - Received request for a package status: GetPackageStatusRequest(sandbox,99a2705ed38c1c26cbb8fe7acf36bbf626668e167a33335de932599219e0a235), packageId -> '99a2705ed38c1c26cbb8fe7acf36bbf626668e167a33335de932599219e0a235'.
2026-01-13 16:15:32,634 [canton-env-ec-54] INFO  c.d.c.p.a.s.ApiPackageService:participant=sandbox tid:61d310f8b20ebcad161eea0e22d99c16 - Received request for a package status: GetPackageStatusRequest(sandbox,97b883cd8a2b7f49f90d5d39c981cf6e110cf1f1c64427a28a6d58ec88c43657), packageId -> '97b883cd8a2b7f49f90d5d39c981cf6e110cf1f1c64427a28a6d58ec88c43657'.
2026-01-13 16:15:32,634 [canton-env-ec-21] INFO  c.d.c.p.a.s.ApiPackageService:participant=sandbox tid:b7d729ab39f95622397c6567c468004b - Received request for a package status: GetPackageStatusRequest(sandbox,bfcd37bd6b84768e86e432f5f6c33e25d9e7724a9d42e33875ff74f6348e733f), packageId -> 'bfcd37bd6b84768e86e432f5f6c33e25d9e7724a9d42e33875ff74f6348e733f'.
2026-01-13 16:15:32,634 [canton-env-ec-70] INFO  c.d.c.p.a.s.ApiPackageService:participant=sandbox tid:40c955c154fc65600bb76590c6373a5e - Received request for a package status: GetPackageStatusRequest(sandbox,d14e08374fc7197d6a0de468c968ae8ba3aadbf9315476fd39071831f5923662), packageId -> 'd14e08374fc7197d6a0de468c968ae8ba3aadbf9315476fd39071831f5923662'.
2026-01-13 16:15:32,634 [canton-env-ec-83] INFO  c.d.c.p.a.s.ApiPackageService:participant=sandbox tid:9d5c4cac8c507d37ee629e10dc8700d4 - Received request for a package status: GetPackageStatusRequest(sandbox,e22bce619ae24ca3b8e6519281cb5a33b64b3190cc763248b4c3f9ad5087a92c), packageId -> 'e22bce619ae24ca3b8e6519281cb5a33b64b3190cc763248b4c3f9ad5087a92c'.
2026-01-13 16:15:32,635 [canton-env-ec-27] INFO  c.d.c.p.a.s.ApiPackageService:participant=sandbox tid:39fbedb87e55a78a6a77bd8ce709f203 - Received request for a package status: GetPackageStatusRequest(sandbox,852d8e3a8ccf952acc73e17522846bc1eb41498e840d637e519ddcca7dbc7671), packageId -> '852d8e3a8ccf952acc73e17522846bc1eb41498e840d637e519ddcca7dbc7671'.
2026-01-13 16:15:32,633 [canton-env-ec-80] INFO  c.d.c.p.a.s.ApiPackageService:participant=sandbox tid:8252c7ca6813ff898a6504fc0b351ca1 - Received request for a package status: GetPackageStatusRequest(sandbox,f20de1e4e37b92280264c08bf15eca0be0bc5babd7a7b5e574997f154c00cb78), packageId -> 'f20de1e4e37b92280264c08bf15eca0be0bc5babd7a7b5e574997f154c00cb78'.
2026-01-13 16:15:32,636 [canton-env-ec-78] INFO  c.d.c.p.a.s.ApiPackageService:participant=sandbox tid:3cc0bc9223e376145606758b25c46e26 - Received request for a package status: GetPackageStatusRequest(sandbox,20a8d69c867d7184fd98b7c87f2428aa2c02f6a8a0edc756aac59592a0b6dc3b), packageId -> '20a8d69c867d7184fd98b7c87f2428aa2c02f6a8a0edc756aac59592a0b6dc3b'.
2026-01-13 16:15:32,636 [canton-env-ec-68] INFO  c.d.c.p.a.s.ApiPackageService:participant=sandbox tid:1034450c61d69e5518d4dd8c6d9e2b7a - Received request for a package status: GetPackageStatusRequest(sandbox,10e0333b52bba1ff147fc408a6b7d68465b157635ee230493bd6029b750dcb05), packageId -> '10e0333b52bba1ff147fc408a6b7d68465b157635ee230493bd6029b750dcb05'.
2026-01-13 16:15:32,636 [canton-env-ec-76] INFO  c.d.c.p.a.s.ApiPackageService:participant=sandbox tid:d6f2ae8f673913c42e0f1a5a901126ba - Received request for a package status: GetPackageStatusRequest(sandbox,76bf0fd12bd945762a01f8fc5bbcdfa4d0ff20f8762af490f8f41d6237c6524f), packageId -> '76bf0fd12bd945762a01f8fc5bbcdfa4d0ff20f8762af490f8f41d6237c6524f'.
2026-01-13 16:15:32,636 [canton-env-ec-82] INFO  c.d.c.p.a.s.ApiPackageService:participant=sandbox tid:f569384d712447e942aab9ecae2b038b - Received request for a package status: GetPackageStatusRequest(sandbox,e4cc67c3264eba4a19c080cac5ab32d87551578e0f5f58b6a9460f91c7abc254), packageId -> 'e4cc67c3264eba4a19c080cac5ab32d87551578e0f5f58b6a9460f91c7abc254'.
2026-01-13 16:15:32,633 [canton-env-ec-23] INFO  c.d.c.p.a.s.ApiPackageService:participant=sandbox tid:d954700944eafc9d3490da4c78a5c195 - Received request for a package status: GetPackageStatusRequest(sandbox,d58cf9939847921b2aab78eaa7b427dc4c649d25e6bee3c749ace4c3f52f5c97), packageId -> 'd58cf9939847921b2aab78eaa7b427dc4c649d25e6bee3c749ace4c3f52f5c97'.
2026-01-13 16:15:32,633 [canton-env-ec-74] INFO  c.d.c.p.a.s.ApiPackageService:participant=sandbox tid:88776727c2fab7521569ef1b222cb067 - Received request for a package status: GetPackageStatusRequest(sandbox,6851f194e144b693e63e9034b956c76cef6b5088dd8c66a657ab652a204dba2b), packageId -> '6851f194e144b693e63e9034b956c76cef6b5088dd8c66a657ab652a204dba2b'.
2026-01-13 16:15:32,637 [canton-env-ec-73] INFO  c.d.c.p.a.s.ApiPackageService:participant=sandbox tid:f3a58aa37cf9aee84341f477b12403de - Received request for a package status: GetPackageStatusRequest(sandbox,cb0552debf219cc909f51cbb5c3b41e9981d39f8f645b1f35e2ef5be2e0b858a), packageId -> 'cb0552debf219cc909f51cbb5c3b41e9981d39f8f645b1f35e2ef5be2e0b858a'.
2026-01-13 16:15:32,637 [canton-env-ec-75] INFO  c.d.c.p.a.s.ApiPackageService:participant=sandbox tid:ab95d6992d94987b4e6bb224b582ab32 - Received request for a package status: GetPackageStatusRequest(sandbox,57b5c520512c24035057aa4c783cb7ac7f3f49db29806280962e188be7aadb66), packageId -> '57b5c520512c24035057aa4c783cb7ac7f3f49db29806280962e188be7aadb66'.
2026-01-13 16:15:32,632 [canton-env-ec-28] INFO  c.d.c.p.a.s.ApiPackageService:participant=sandbox tid:1952f24130a68671ded42cc0fe8050d0 - Received request for a package status: GetPackageStatusRequest(sandbox,6c2c0667393c5f92f1885163068cd31800d2264eb088eb6fc740e11241b2bf06), packageId -> '6c2c0667393c5f92f1885163068cd31800d2264eb088eb6fc740e11241b2bf06'.
2026-01-13 16:15:32,637 [canton-env-ec-81] INFO  c.d.c.p.a.s.ApiPackageService:participant=sandbox tid:3221cff16d8b1ff5e8fd651e3a45ac74 - Received request for a package status: GetPackageStatusRequest(sandbox,518032f41fd0175461b35ae0c9691e08b4aea55e62915f8360af2cc7a1f2ba6c), packageId -> '518032f41fd0175461b35ae0c9691e08b4aea55e62915f8360af2cc7a1f2ba6c'.
2026-01-13 16:15:32,637 [canton-env-ec-69] INFO  c.d.c.p.a.s.ApiPackageService:participant=sandbox tid:d72416ddaba9fc3e04af74ecc214b10d - Received request for a package status: GetPackageStatusRequest(sandbox,3f4deaf145a15cdcfa762c058005e2edb9baa75bb7f95a4f8f6f937378e86415), packageId -> '3f4deaf145a15cdcfa762c058005e2edb9baa75bb7f95a4f8f6f937378e86415'.
2026-01-13 16:15:32,636 [canton-env-ec-30] INFO  c.d.c.p.a.s.ApiPackageService:participant=sandbox tid:9b57f1cce656f4979658b81a7fc75a3c - Received request for a package status: GetPackageStatusRequest(sandbox,057eed1fd48c238491b8ea06b9b5bf85a5d4c9275dd3f6183e0e6b01730cc2ba), packageId -> '057eed1fd48c238491b8ea06b9b5bf85a5d4c9275dd3f6183e0e6b01730cc2ba'.
2026-01-13 16:15:32,635 [canton-env-ec-20] INFO  c.d.c.p.a.s.ApiPackageService:participant=sandbox tid:31bbc376190f549a076729a4adaf2013 - Received request for a package status: GetPackageStatusRequest(sandbox,38e6274601b21d7202bb995bc5ec147decda5a01b68d57dda422425038772af7), packageId -> '38e6274601b21d7202bb995bc5ec147decda5a01b68d57dda422425038772af7'.
2026-01-13 16:15:32,635 [canton-env-ec-71] INFO  c.d.c.p.a.s.ApiPackageService:participant=sandbox tid:4038576f0c8a16365147fa03b3f0f661 - Received request for a package status: GetPackageStatusRequest(sandbox,40f452260bef3f29dede136108fc08a88d5a5250310281067087da6f0baddff7), packageId -> '40f452260bef3f29dede136108fc08a88d5a5250310281067087da6f0baddff7'.
2026-01-13 16:15:32,640 [canton-env-ec-29] INFO  c.d.c.p.a.s.ApiPackageService:participant=sandbox tid:40124fec220bcfe9450491266b94f6d8 - Received request for a package status: GetPackageStatusRequest(sandbox,e491352788e56ca4603acc411ffe1a49fefd76ed8b163af86cf5ee5f4c38645b), packageId -> 'e491352788e56ca4603acc411ffe1a49fefd76ed8b163af86cf5ee5f4c38645b'.
2026-01-13 16:15:32,638 [canton-env-ec-79] INFO  c.d.c.p.a.s.ApiPackageService:participant=sandbox tid:5439225e000195dd0a417662bb5651ca - Received request for a package status: GetPackageStatusRequest(sandbox,733e38d36a2759688a4b2c4cec69d48e7b55ecc8dedc8067b815926c917a182a), packageId -> '733e38d36a2759688a4b2c4cec69d48e7b55ecc8dedc8067b815926c917a182a'.
2026-01-13 16:15:33,764 [input-mapping-pool-1] INFO  c.d.c.p.i.p.ParallelIndexerSubscription:participant=sandbox tid:6cf7a313e73ecb1fbd2353a5b8dcd374 - Storing at offset=000000000000000002 PublicPackageUpload(
  recordTime = 2026-01-13T10:45:33.761193Z,
  archives = Seq(
    c058a0c9602a...,
    65921e553a35...,
    6851f194e144...,
    57b5c520512c...,
    cb0552debf21...,
    3f4deaf145a1...,
    86828b984346...,
    f20de1e4e37b...,
    76bf0fd12bd9...,
    38e6274601b2...,
    d58cf9939847...,
    40f452260bef...,
    e491352788e5...,
    6839a6d3d430...,
    518032f41fd0...,
    20a8d69c867d...,
    8abf89c9b4a8...,
    852d8e3a8ccf...,
    10e0333b52bb...,
    bfcd37bd6b84...,
    cc348d369011...,
    057eed1fd48c...,
    d14e08374fc7...,
    c1f1f0055879...,
    6c2c0667393c...,
    e22bce619ae2...,
    e4cc67c3264e...,
    8a7806365bbd...,
    97b883cd8a2b...,
    5921708ce82f...,
    733e38d36a27...,
    99a2705ed38c...
  ),
  sourceDescription = 'AdminWorkflowsWithVacuuming'
)
2026-01-13 16:15:34,382 [canton-env-ec-79] INFO  c.d.c.p.t.ParticipantTopologyManager:participant=sandbox tid:6cf7a313e73ecb1fbd2353a5b8dcd374 - Applied topology transaction Add VettedPackages(
  participant = sandbox::12209f1044ed...,
  packages = Seq(
    c058a0c9602a...,
    65921e553a35...,
    6851f194e144...,
    57b5c520512c...,
    cb0552debf21...,
    3f4deaf145a1...,
    86828b984346...,
    f20de1e4e37b...,
    76bf0fd12bd9...,
    38e6274601b2...,
    d58cf9939847...,
    40f452260bef...,
    e491352788e5...,
    6839a6d3d430...,
    518032f41fd0...,
    20a8d69c867d...,
    8abf89c9b4a8...,
    852d8e3a8ccf...,
    10e0333b52bb...,
    bfcd37bd6b84...,
    cc348d369011...,
    057eed1fd48c...,
    d14e08374fc7...,
    c1f1f0055879...,
    6c2c0667393c...,
    e22bce619ae2...,
    e4cc67c3264e...,
    8a7806365bbd...,
    97b883cd8a2b...,
    5921708ce82f...,
    733e38d36a27...,
    99a2705ed38c...
  )
) at 2026-01-13T10:45:34.381858Z
2026-01-13 16:15:34,397 [canton-env-ec-79] INFO  c.d.c.p.a.s.ApiLedgerIdentityService:participant=sandbox tid:f0b460b134fab137aa7e075c8db4c112 - Received request for ledger identity: GetLedgerIdentityRequest().
2026-01-13 16:15:34,406 [canton-env-ec-80] INFO  c.d.c.p.a.s.ApiPackageService:participant=sandbox tid:b14492a27eaa34ecd2acf41404b3be54 - Received request for a package status: GetPackageStatusRequest(sandbox,65921e553a353588e950cbc87e98a127730e63295f7ad8d3adae952ef0133b3e), packageId -> '65921e553a353588e950cbc87e98a127730e63295f7ad8d3adae952ef0133b3e'.
2026-01-13 16:15:34,445 [canton-env-ec-80] INFO  c.d.c.p.a.s.t.TransactionServiceImpl:participant=sandbox tid:a21e6508072608656fb630af4adc4c7e - Received request for transactions, startExclusive -> '000000000000000002', endInclusive -> , filters -> {sandbox::12209f1044ed68ff04f6fc866c4d2d5cacafa31d173b36bd184c6ed7977ccbdc20bc: 'all-templates'}, verbose -> false, ledgerId -> 'sandbox'.
2026-01-13 16:15:34,497 [canton-env-ec-80] INFO  c.d.c.p.t.ParticipantTopologyManager:participant=sandbox tid:74c38fe77fc0616a147217b0ae2de558 - Applied topology transaction Add OwnerToKeyMapping(PAR::sandbox::12209f1044ed..., SigningPublicKey(id = 1220fb0385a8..., format = Tink, scheme = Ed25519)) at 2026-01-13T10:45:34.496833Z
2026-01-13 16:15:34,499 [canton-env-ec-71] INFO  c.d.c.p.t.ParticipantTopologyManager:participant=sandbox tid:74c38fe77fc0616a147217b0ae2de558 - Applied topology transaction Add OwnerToKeyMapping(PAR::sandbox::12209f1044ed..., EncryptionPublicKey(id = 122097d39b39..., format = Tink, scheme = ECIES-P256_HMAC256_AES128-GCM)) at 2026-01-13T10:45:34.499588Z
2026-01-13 16:15:34,500 [canton-env-ec-70] INFO  c.d.c.p.ParticipantNodeBootstrap:participant=sandbox - Initializing node with id NodeId(sandbox::12209f1044ed...)
2026-01-13 16:15:34,502 [canton-env-ec-80] INFO  c.d.c.p.s.CantonSyncService:participant=sandbox tid:e2e451fa5c9b26a50f6ab48ae661fcf8 - Reconnecting to domains List(). Already connected: Set()
2026-01-13 16:15:34,502 [canton-env-ec-70] INFO  c.d.c.p.s.CantonSyncService:participant=sandbox tid:e2e451fa5c9b26a50f6ab48ae661fcf8 - Successfully re-connected to domains List()
2026-01-13 16:15:34,503 [main] INFO  c.d.c.e.CommunityEnvironment - Auto-connecting local participants List(sandbox) to local domains List(local)
2026-01-13 16:15:34,528 [canton-env-ec-81] INFO  c.d.c.c.d.g.SequencerInfoLoader:participant=sandbox - Version handshake with sequencer Sequencer 'DefaultSequencer' and domain using protocol version 7 succeeded.
2026-01-13 16:15:34,571 [canton-env-ec-71] INFO  c.d.c.p.t.ParticipantTopologyManager:participant=sandbox - Applied topology transaction Add ParticipantState(To, local::122054500060..., PAR::sandbox::12209f1044ed..., Submission, Ordinary) at 2026-01-13T10:45:34.571581Z
2026-01-13 16:15:34,591 [canton-env-ec-79] INFO  c.d.c.s.c.SequencerClientImpl:participant=sandbox/domainId=local::122054500060 - No event found up to 0001-01-01T00:00:00Z. Resubscribing from the beginning.
2026-01-13 16:15:34,592 [canton-env-ec-79] INFO  c.d.c.s.c.SequencerClientImpl:participant=sandbox/domainId=local::122054500060 - Processing events from the SequencedEventStore from 0001-01-01T00:00:00.000001Z on
2026-01-13 16:15:34,592 [canton-env-ec-79] INFO  c.d.c.s.c.SequencerClientImpl:participant=sandbox/domainId=local::122054500060 - Starting subscription for alias=SEQ::local::122054500060... at timestamp None; next counter 0
2026-01-13 16:15:34,592 [canton-env-ec-79] INFO  c.d.c.h.DelegatingMutableHealthComponent:participant=sandbox/domainId=local::122054500060 - 'sequencer-client' is now in state Ok(). Previous state was Not Initialized.
2026-01-13 16:15:34,594 [canton-env-ec-80] INFO  c.d.c.d.s.s.GrpcSequencerService:domain=local - UNM::5def8783fa48126c66718cb59650351e63d1c2d2::12209f1044ed... subscribes from counter=0
2026-01-13 16:15:34,610 [canton-env-ec-20] INFO  c.d.c.d.s.s.GrpcSequencerService:domain=local tid:93697136102b9d10bf374c3f5c6913b3 - 'UNM::5def8783fa48126c66718cb59650351e63d1c2d2::12209f1044ed...' sends request with id 'dcb097ec-b760-4bfd-b87d-997070ea2b35' of size 1424 bytes with 1 envelopes.
2026-01-13 16:15:34,613 [canton-env-ec-81] INFO  c.d.c.d.s.s.SequencerReader$EventsReader:domain=local/subscriber=UNM::5def8783fa48126c66718cb59650351e63d1c2d2::12209f1044ed tid:93697136102b9d10bf374c3f5c6913b3 - Using approximate topology snapshot at 2026-01-13T10:45:31.608402Z for desired timestamp 2026-01-13T10:45:34.611927Z
2026-01-13 16:15:34,638 [canton-env-ec-79] INFO  c.d.c.d.t.DomainTopologyManager:domain=local tid:93697136102b9d10bf374c3f5c6913b3 - Applied topology transaction Add NamespaceDelegation(12209f1044ed..., SigningPublicKey(id = 12209f1044ed..., format = Tink, scheme = Ed25519), true) at 2026-01-13T10:45:34.637792Z
2026-01-13 16:15:34,640 [canton-env-ec-70] INFO  c.d.c.d.t.DomainTopologyManager:domain=local tid:93697136102b9d10bf374c3f5c6913b3 - Applied topology transaction Add OwnerToKeyMapping(PAR::sandbox::12209f1044ed..., SigningPublicKey(id = 1220fb0385a8..., format = Tink, scheme = Ed25519)) at 2026-01-13T10:45:34.640408Z
2026-01-13 16:15:34,641 [canton-env-ec-80] INFO  c.d.c.d.t.DomainTopologyManager:domain=local tid:93697136102b9d10bf374c3f5c6913b3 - Applied topology transaction Add OwnerToKeyMapping(PAR::sandbox::12209f1044ed..., EncryptionPublicKey(id = 122097d39b39..., format = Tink, scheme = ECIES-P256_HMAC256_AES128-GCM)) at 2026-01-13T10:45:34.641751Z
2026-01-13 16:15:34,645 [canton-env-ec-28] INFO  c.d.c.d.t.DomainTopologyManager:domain=local tid:93697136102b9d10bf374c3f5c6913b3 - Setting participant PAR::sandbox::12209f1044ed... state to ParticipantAttributes(Submission,Ordinary)
2026-01-13 16:15:34,645 [canton-env-ec-28] INFO  c.d.c.d.t.DomainTopologyManager:domain=local tid:93697136102b9d10bf374c3f5c6913b3 - Applied topology transaction Add ParticipantState(From, local::122054500060..., PAR::sandbox::12209f1044ed..., Submission, Ordinary) at 2026-01-13T10:45:34.644951Z
2026-01-13 16:15:34,646 [canton-env-ec-81] INFO  c.d.c.d.t.DomainTopologyManager:domain=local tid:93697136102b9d10bf374c3f5c6913b3 - Applied topology transaction Add ParticipantState(To, local::122054500060..., PAR::sandbox::12209f1044ed..., Submission, Ordinary) at 2026-01-13T10:45:34.646472Z
2026-01-13 16:15:34,647 [canton-env-ec-80] INFO  c.d.c.d.t.RequestProcessingStrategy$Impl:domain=local tid:93697136102b9d10bf374c3f5c6913b3 - Successfully onboarded PAR::sandbox::12209f1044ed...
2026-01-13 16:15:34,648 [canton-env-ec-28] INFO  c.d.c.d.s.s.GrpcSequencerService:domain=local tid:93697136102b9d10bf374c3f5c6913b3 - 'DOM::local::122054500060...' sends request with id '26695d19-eccb-4034-9a92-e8fa2836b6fd' of size 922 bytes with 1 envelopes.
2026-01-13 16:15:34,650 [canton-env-ec-80] INFO  c.d.c.d.t.DomainTopologyManagerRequestService:domain=local tid:93697136102b9d10bf374c3f5c6913b3 - Register topology request by UNM::5def8783fa48126c66718cb59650351e63d1c2d2::12209f1044ed... for PAR::sandbox::12209f1044ed... yielded
  Accepted -> Add NamespaceDelegation(12209f1044ed..., SigningPublicKey(id = 12209f1044ed..., format = Tink, scheme = Ed25519), true)
  Accepted -> Add OwnerToKeyMapping(PAR::sandbox::12209f1044ed..., SigningPublicKey(id = 1220fb0385a8..., format = Tink, scheme = Ed25519))
  Accepted -> Add OwnerToKeyMapping(PAR::sandbox::12209f1044ed..., EncryptionPublicKey(id = 122097d39b39..., format = Tink, scheme = ECIES-P256_HMAC256_AES128-GCM))
  Accepted -> Add ParticipantState(To, local::122054500060..., PAR::sandbox::12209f1044ed..., Submission, Ordinary)
2026-01-13 16:15:34,659 [canton-env-ec-20] INFO  c.d.c.t.p.TopologyTransactionProcessor:domain=local/client=topology-manager tid:93697136102b9d10bf374c3f5c6913b3 - Storing topology transaction 1/1 Add NamespaceDelegation(12209f1044ed..., SigningPublicKey(id = 12209f1044ed..., format = Tink, scheme = Ed25519), true) with ts=EffectiveTime(2026-01-13T10:45:34.899980Z) (epsilon=250 ms)
2026-01-13 16:15:34,660 [canton-env-ec-81] INFO  c.d.c.t.p.TopologyTransactionProcessor:domain=local/node=mediator/client=mediator tid:93697136102b9d10bf374c3f5c6913b3 - Storing topology transaction 1/1 Add NamespaceDelegation(12209f1044ed..., SigningPublicKey(id = 12209f1044ed..., format = Tink, scheme = Ed25519), true) with ts=EffectiveTime(2026-01-13T10:45:34.899980Z) (epsilon=250 ms)
2026-01-13 16:15:34,661 [canton-env-ec-54] INFO  c.d.c.d.s.s.GrpcSequencerService:domain=local tid:93697136102b9d10bf374c3f5c6913b3 - 'DOM::local::122054500060...' sends request with id '5f514689-86c1-42b1-8688-1bb4f27a892a' of size 548 bytes with 1 envelopes.
2026-01-13 16:15:34,663 [canton-env-ec-71] INFO  c.d.c.d.s.s.GrpcSequencerService:domain=local tid:93697136102b9d10bf374c3f5c6913b3 - 'DOM::local::122054500060...' sends request with id '6d5c3451-fc0d-4746-878d-cfec1b31ec18' of size 1556 bytes with 1 envelopes.
2026-01-13 16:15:34,675 [canton-env-ec-27] INFO  c.d.c.t.p.TopologyTransactionProcessor:domain=local/node=mediator/client=mediator tid:93697136102b9d10bf374c3f5c6913b3 - Storing topology transaction 1/3 Add OwnerToKeyMapping(PAR::sandbox::12209f1044ed..., SigningPublicKey(id = 1220fb0385a8..., format = Tink, scheme = Ed25519)) with ts=EffectiveTime(2026-01-13T10:45:34.915134Z) (epsilon=250 ms)
2026-01-13 16:15:34,675 [canton-env-ec-27] INFO  c.d.c.t.p.TopologyTransactionProcessor:domain=local/node=mediator/client=mediator tid:93697136102b9d10bf374c3f5c6913b3 - Storing topology transaction 2/3 Add OwnerToKeyMapping(PAR::sandbox::12209f1044ed..., EncryptionPublicKey(id = 122097d39b39..., format = Tink, scheme = ECIES-P256_HMAC256_AES128-GCM)) with ts=EffectiveTime(2026-01-13T10:45:34.915134Z) (epsilon=250 ms)
2026-01-13 16:15:34,676 [canton-env-ec-27] INFO  c.d.c.t.p.TopologyTransactionProcessor:domain=local/node=mediator/client=mediator tid:93697136102b9d10bf374c3f5c6913b3 - Storing topology transaction 3/3 Add ParticipantState(From, local::122054500060..., PAR::sandbox::12209f1044ed..., Submission, Ordinary) with ts=EffectiveTime(2026-01-13T10:45:34.915134Z) (epsilon=250 ms)
2026-01-13 16:15:34,676 [canton-env-ec-20] INFO  c.d.c.t.p.TopologyTransactionProcessor:domain=local/client=topology-manager tid:93697136102b9d10bf374c3f5c6913b3 - Storing topology transaction 1/3 Add OwnerToKeyMapping(PAR::sandbox::12209f1044ed..., SigningPublicKey(id = 1220fb0385a8..., format = Tink, scheme = Ed25519)) with ts=EffectiveTime(2026-01-13T10:45:34.915134Z) (epsilon=250 ms)
2026-01-13 16:15:34,676 [canton-env-ec-20] INFO  c.d.c.t.p.TopologyTransactionProcessor:domain=local/client=topology-manager tid:93697136102b9d10bf374c3f5c6913b3 - Storing topology transaction 2/3 Add OwnerToKeyMapping(PAR::sandbox::12209f1044ed..., EncryptionPublicKey(id = 122097d39b39..., format = Tink, scheme = ECIES-P256_HMAC256_AES128-GCM)) with ts=EffectiveTime(2026-01-13T10:45:34.915134Z) (epsilon=250 ms)
2026-01-13 16:15:34,676 [canton-env-ec-20] INFO  c.d.c.t.p.TopologyTransactionProcessor:domain=local/client=topology-manager tid:93697136102b9d10bf374c3f5c6913b3 - Storing topology transaction 3/3 Add ParticipantState(From, local::122054500060..., PAR::sandbox::12209f1044ed..., Submission, Ordinary) with ts=EffectiveTime(2026-01-13T10:45:34.915134Z) (epsilon=250 ms)
2026-01-13 16:15:34,680 [canton-env-ec-80] INFO  c.d.c.d.t.MemberTopologyCatchup:domain=local/identity tid:93697136102b9d10bf374c3f5c6913b3 - Participant PAR::sandbox::12209f1044ed... is changing from None to Some(Submission), requires to catch up 10
2026-01-13 16:15:34,680 [canton-env-ec-83] INFO  c.d.c.s.c.ResilientSequencerSubscription:participant=sandbox/domainId=local::122054500060 - 'sequencer-client' is now in state Failed(Disconnected from domain). Previous state was Ok().
2026-01-13 16:15:34,680 [canton-env-ec-83] INFO  c.d.c.h.DelegatingMutableHealthComponent:participant=sandbox/domainId=local::122054500060 - 'sequencer-client' is now in state Failed(Disconnected from domain). Previous state was Ok().
2026-01-13 16:15:34,682 [canton-env-ec-54] INFO  c.d.c.s.c.t.GrpcSequencerSubscription:participant=sandbox/domainId=local::122054500060 - GRPC subscription successfully closed due to client shutdown.
2026-01-13 16:15:34,682 [canton-env-ec-69] INFO  c.d.c.n.g.ApiRequestLogger:domain=local tid:e838382855d3362b6b31b1fb742ec7a8 - Request c.d.c.d.a.v.SequencerService/SubscribeUnauthenticatedVersioned by /127.0.0.1:55696: cancelled
2026-01-13 16:15:34,688 [canton-env-ec-54] INFO  c.d.c.d.s.s.GrpcSequencerService:domain=local tid:93697136102b9d10bf374c3f5c6913b3 - 'DOM::local::122054500060...' sends request with id '0b58e5a4-d429-4616-8817-04b60aeba900' of size 2687 bytes with 1 envelopes.
2026-01-13 16:15:34,690 [canton-env-ec-69] INFO  c.d.c.c.d.g.GrpcSequencerConnectClient:participant=sandbox - The operation 'verify active' was not successful. New kind of error: no success error (request infinite retries). Retrying after 0.5s. Result: Right(false). 
2026-01-13 16:15:34,699 [canton-env-ec-69] INFO  c.d.c.d.s.s.GrpcSequencerService:domain=local tid:93697136102b9d10bf374c3f5c6913b3 - 'DOM::local::122054500060...' sends request with id '79eafe0b-0932-4268-989b-c8ee85d123ad' of size 935 bytes with 1 envelopes.
2026-01-13 16:15:34,710 [canton-env-ec-71] INFO  c.d.c.t.p.TopologyTransactionProcessor:domain=local/node=mediator/client=mediator tid:93697136102b9d10bf374c3f5c6913b3 - Storing topology transaction 1/1 Add ParticipantState(To, local::122054500060..., PAR::sandbox::12209f1044ed..., Submission, Ordinary) with ts=EffectiveTime(2026-01-13T10:45:34.951251Z) (epsilon=250 ms)
2026-01-13 16:15:34,710 [canton-env-ec-83] INFO  c.d.c.t.p.TopologyTransactionProcessor:domain=local/client=topology-manager tid:93697136102b9d10bf374c3f5c6913b3 - Storing topology transaction 1/1 Add ParticipantState(To, local::122054500060..., PAR::sandbox::12209f1044ed..., Submission, Ordinary) with ts=EffectiveTime(2026-01-13T10:45:34.951251Z) (epsilon=250 ms)
2026-01-13 16:15:35,197 [canton-env-ec-54] INFO  c.d.c.c.d.g.GrpcSequencerConnectClient:participant=sandbox - Now retrying operation 'verify active'. 
2026-01-13 16:15:35,222 [canton-env-ec-30] INFO  c.d.c.p.s.SyncDomainEphemeralStateFactoryImpl:participant=sandbox - Computed starting points: ProcessingStartingPoints(
  clean replay = MessageCleanReplayStartingPoint(next request counter = 0, next sequencer counter = 0, prenext timestamp = 0001-01-01T00:00:00Z),
  processing = MessageProcessingStartingPoint(next request counter = 0, next sequencer counter = 0, prenext timestamp = 0001-01-01T00:00:00Z),
  rewound sequencer counter prehead = None()
)
2026-01-13 16:15:35,222 [canton-env-ec-30] INFO  c.d.c.s.m.InMemoryCursorPreheadStore:participant=sandbox/domain-alias=local - Rewinding prehead to None
2026-01-13 16:15:35,337 [canton-env-ec-30] INFO  c.d.c.p.p.AcsCommitmentProcessor:participant=sandbox/domainId=local::122054500060 - Will use parallelism 8 when computing ACS commitments
2026-01-13 16:15:35,338 [canton-env-ec-81] INFO  c.d.c.p.p.AcsCommitmentProcessor:participant=sandbox/domainId=local::122054500060 - Initialized from stored snapshot at RecordTime(timestamp = 0001-01-01T00:00:00Z, tieBreaker = -9223372036854775808) (might be incomplete)
2026-01-13 16:15:35,339 [canton-env-ec-83] INFO  c.d.c.p.p.AcsCommitmentProcessor:participant=sandbox/domainId=local::122054500060 - Initialized the ACS commitment processor queue
2026-01-13 16:15:35,343 [canton-env-ec-30] INFO  c.d.c.h.MutableHealthComponent:participant=sandbox - 'acs-commitment-processor' is now in state Ok(). Previous state was Not Initialized.
2026-01-13 16:15:35,343 [canton-env-ec-30] INFO  c.d.c.h.MutableHealthComponent:participant=sandbox - 'acs-commitment-processor' is now in state Ok(). Previous state was Not Initialized.
2026-01-13 16:15:35,343 [canton-env-ec-30] INFO  c.d.c.p.s.SyncDomain:participant=sandbox/domainId=local::122054500060 - 'sync-domain' is now in state Ok(). Previous state was Not Initialized.
2026-01-13 16:15:35,343 [canton-env-ec-30] INFO  c.d.c.h.MutableHealthComponent:participant=sandbox - 'sync-domain' is now in state Ok(). Previous state was Not Initialized.
2026-01-13 16:15:35,343 [canton-env-ec-30] INFO  c.d.c.h.MutableHealthComponent:participant=sandbox - 'sync-domain' is now in state Ok(). Previous state was Not Initialized.
2026-01-13 16:15:35,343 [canton-env-ec-30] INFO  c.d.c.p.s.CantonSyncService:participant=sandbox - Connected to domain and starting synchronisation: Domain 'local'
2026-01-13 16:15:35,351 [canton-env-ec-30] INFO  c.d.c.p.s.SyncDomain:participant=sandbox/domainId=local::122054500060 - Found 0 repair requests at request counters Seq()
2026-01-13 16:15:35,352 [canton-env-ec-27] INFO  c.d.c.s.c.SequencerClientImpl:participant=sandbox/domainId=local::122054500060 - No event found up to 0001-01-01T00:00:00Z. Resubscribing from the beginning.
2026-01-13 16:15:35,352 [canton-env-ec-27] INFO  c.d.c.s.c.SequencerClientImpl:participant=sandbox/domainId=local::122054500060 - Processing events from the SequencedEventStore from 0001-01-01T00:00:00.000001Z on
2026-01-13 16:15:35,353 [canton-env-ec-54] INFO  c.d.c.s.c.SequencerClientImpl:participant=sandbox/domainId=local::122054500060 - Starting subscription for alias=SEQ::local::122054500060... at timestamp None; next counter 0
2026-01-13 16:15:35,353 [canton-env-ec-54] INFO  c.d.c.h.DelegatingMutableHealthComponent:participant=sandbox/domainId=local::122054500060 - 'sequencer-client' is now in state Ok(). Previous state was Not Initialized.
2026-01-13 16:15:35,353 [canton-env-ec-54] INFO  c.d.c.h.MutableHealthComponent:participant=sandbox - 'sequencer-client' is now in state Ok(). Previous state was Not Initialized.
2026-01-13 16:15:35,353 [canton-env-ec-54] INFO  c.d.c.h.MutableHealthComponent:participant=sandbox - 'sequencer-client' is now in state Ok(). Previous state was Not Initialized.
2026-01-13 16:15:35,360 [canton-env-ec-27] INFO  c.d.c.d.s.a.MemberAuthenticationServiceOld:domain=local - PAR::sandbox::12209f1044ed... authenticated new token with expiry 2026-01-13T11:45:35.360113Z
2026-01-13 16:15:35,361 [canton-env-ec-71] INFO  c.d.c.d.s.s.GrpcSequencerService:domain=local - PAR::sandbox::12209f1044ed... subscribes from counter=0
2026-01-13 16:15:35,365 [canton-env-ec-71] INFO  c.d.c.s.c.SequencedEventValidatorImpl:participant=sandbox/domainId=local::122054500060 tid:93697136102b9d10bf374c3f5c6913b3 - Skipping signature verification of the first sequenced event due to a fresh subscription from SEQ::local::122054500060...
2026-01-13 16:15:35,368 [canton-env-ec-21] INFO  c.d.c.p.s.SyncDomain:participant=sandbox/domainId=local::122054500060 tid:93697136102b9d10bf374c3f5c6913b3 - Caught up with batch with counter=0 with sequencer with 678 ms delay
2026-01-13 16:15:35,368 [canton-env-ec-21] INFO  c.d.c.p.s.SyncDomain$EventProcessingMonitor:participant=sandbox/domainId=local::122054500060 tid:93697136102b9d10bf374c3f5c6913b3 - Replaying requests 0 up to clean prehead -1
2026-01-13 16:15:35,368 [canton-env-ec-21] INFO  c.d.c.p.s.SyncDomain$EventProcessingMonitor:participant=sandbox/domainId=local::122054500060 tid:93697136102b9d10bf374c3f5c6913b3 - Replaying or processing locally stored events with sequencer counters 0 to -1
2026-01-13 16:15:35,375 [canton-env-ec-71] INFO  c.d.c.p.p.DefaultMessageDispatcher:participant=sandbox/domainId=local::122054500060 tid:93697136102b9d10bf374c3f5c6913b3 - Processing event at sc=0, ts=2026-01-13T10:45:34.690215Z, with contents=DomainTopologyTransactionMessage
2026-01-13 16:15:35,376 [canton-env-ec-21] INFO  c.d.c.t.p.DomainTopologyTransactionMessageValidator$Impl:participant=sandbox tid:93697136102b9d10bf374c3f5c6913b3 - Using approximate topology snapshot at 0001-01-01T00:00:00.000001Z for desired timestamp 2026-01-13T10:45:34.690215Z
2026-01-13 16:15:35,384 [canton-env-ec-81] INFO  c.d.c.t.p.TopologyTransactionProcessor:participant=sandbox tid:93697136102b9d10bf374c3f5c6913b3 - Updated topology change delay from=0s to 0.25s
2026-01-13 16:15:35,384 [canton-env-ec-81] INFO  c.d.c.t.p.TopologyTransactionProcessor:participant=sandbox tid:93697136102b9d10bf374c3f5c6913b3 - Storing topology transaction 1/10 Add NamespaceDelegation(122054500060..., SigningPublicKey(id = 122054500060..., format = Tink, scheme = Ed25519), true) with ts=EffectiveTime(2026-01-13T10:45:34.690215Z) (epsilon=0 ms)
2026-01-13 16:15:35,384 [canton-env-ec-81] INFO  c.d.c.t.p.TopologyTransactionProcessor:participant=sandbox tid:93697136102b9d10bf374c3f5c6913b3 - Storing topology transaction 2/10 Add OwnerToKeyMapping(DOM::local::122054500060..., SigningPublicKey(id = 1220d83ddeac..., format = Tink, scheme = Ed25519)) with ts=EffectiveTime(2026-01-13T10:45:34.690215Z) (epsilon=0 ms)
2026-01-13 16:15:35,384 [canton-env-ec-81] INFO  c.d.c.t.p.TopologyTransactionProcessor:participant=sandbox tid:93697136102b9d10bf374c3f5c6913b3 - Storing topology transaction 3/10 Add OwnerToKeyMapping(MED::local::122054500060..., SigningPublicKey(id = 1220cfa4a332..., format = Tink, scheme = Ed25519)) with ts=EffectiveTime(2026-01-13T10:45:34.690215Z) (epsilon=0 ms)
2026-01-13 16:15:35,385 [canton-env-ec-81] INFO  c.d.c.t.p.TopologyTransactionProcessor:participant=sandbox tid:93697136102b9d10bf374c3f5c6913b3 - Storing topology transaction 4/10 Add OwnerToKeyMapping(SEQ::local::122054500060..., SigningPublicKey(id = 1220bdd66cc9..., format = Tink, scheme = Ed25519)) with ts=EffectiveTime(2026-01-13T10:45:34.690215Z) (epsilon=0 ms)
2026-01-13 16:15:35,385 [canton-env-ec-81] INFO  c.d.c.t.p.TopologyTransactionProcessor:participant=sandbox tid:93697136102b9d10bf374c3f5c6913b3 - Storing topology transaction 5/10 Add NamespaceDelegation(12209f1044ed..., SigningPublicKey(id = 12209f1044ed..., format = Tink, scheme = Ed25519), true) with ts=EffectiveTime(2026-01-13T10:45:34.690215Z) (epsilon=0 ms)
2026-01-13 16:15:35,385 [canton-env-ec-81] INFO  c.d.c.t.p.TopologyTransactionProcessor:participant=sandbox tid:93697136102b9d10bf374c3f5c6913b3 - Storing topology transaction 6/10 Add ParticipantState(From, local::122054500060..., PAR::sandbox::12209f1044ed..., Submission, Ordinary) with ts=EffectiveTime(2026-01-13T10:45:34.690215Z) (epsilon=0 ms)
2026-01-13 16:15:35,385 [canton-env-ec-81] INFO  c.d.c.t.p.TopologyTransactionProcessor:participant=sandbox tid:93697136102b9d10bf374c3f5c6913b3 - Storing topology transaction 7/10 Add MediatorDomainState(Both, local::122054500060..., MED::local::122054500060...) with ts=EffectiveTime(2026-01-13T10:45:34.690215Z) (epsilon=0 ms)
2026-01-13 16:15:35,385 [canton-env-ec-81] INFO  c.d.c.t.p.TopologyTransactionProcessor:participant=sandbox tid:93697136102b9d10bf374c3f5c6913b3 - Storing topology transaction 8/10 Add OwnerToKeyMapping(PAR::sandbox::12209f1044ed..., SigningPublicKey(id = 1220fb0385a8..., format = Tink, scheme = Ed25519)) with ts=EffectiveTime(2026-01-13T10:45:34.690215Z) (epsilon=0 ms)
2026-01-13 16:15:35,385 [canton-env-ec-81] INFO  c.d.c.t.p.TopologyTransactionProcessor:participant=sandbox tid:93697136102b9d10bf374c3f5c6913b3 - Storing topology transaction 9/10 Add OwnerToKeyMapping(PAR::sandbox::12209f1044ed..., EncryptionPublicKey(id = 122097d39b39..., format = Tink, scheme = ECIES-P256_HMAC256_AES128-GCM)) with ts=EffectiveTime(2026-01-13T10:45:34.690215Z) (epsilon=0 ms)
2026-01-13 16:15:35,385 [canton-env-ec-81] INFO  c.d.c.t.p.TopologyTransactionProcessor:participant=sandbox tid:93697136102b9d10bf374c3f5c6913b3 - Storing topology transaction 10/10 Replace DomainParametersChange(
  local::122054500060...,
  DynamicDomainParameters(
    participant response timeout = 30s,
    mediator reaction timeout = 30s,
    transfer exclusivity timeout = 1m,
    topology change delay = 0.25s,
    ledger time record time tolerance = 1m,
    mediator deduplication timeout = 2m,
    reconciliation interval = 1m,
    max rate per participant = 1000000,
    max request size = 10485760,
    catchup config = CatchUpConfig(catchUpIntervalSkip = 5, nrIntervalsToTriggerCatchUp = 2)
  )
) with ts=EffectiveTime(2026-01-13T10:45:34.690215Z) (epsilon=0 ms)
2026-01-13 16:15:35,392 [canton-env-ec-68] INFO  c.d.c.p.t.c.MissingKeysAlerter:participant=sandbox tid:93697136102b9d10bf374c3f5c6913b3 - Domain local::122054500060... update my participant permission as of 2026-01-13T10:45:34.690215Z to Submission, Ordinary
2026-01-13 16:15:35,398 [input-mapping-pool-2] INFO  c.d.c.p.i.p.ParallelIndexerSubscription:participant=sandbox tid:93697136102b9d10bf374c3f5c6913b3 - Storing at offset=000000000000000003 PartyAddedToParticipant(recordTime = 2026-01-13T10:45:35.394574Z, party = sandbox::12209f1044ed..., displayName = '', participantId = sandbox::12209f1044ed..., ...)
2026-01-13 16:15:35,426 [canton-env-ec-80] INFO  c.d.c.p.p.DefaultMessageDispatcher:participant=sandbox/domainId=local::122054500060 tid:93697136102b9d10bf374c3f5c6913b3 - Processing event at sc=1, ts=2026-01-13T10:45:34.701251Z, with contents=DomainTopologyTransactionMessage
2026-01-13 16:15:35,429 [canton-env-ec-30] INFO  c.d.c.t.p.TopologyTransactionProcessor:participant=sandbox tid:93697136102b9d10bf374c3f5c6913b3 - Storing topology transaction 1/1 Add ParticipantState(To, local::122054500060..., PAR::sandbox::12209f1044ed..., Submission, Ordinary) with ts=EffectiveTime(2026-01-13T10:45:34.951251Z) (epsilon=250 ms)
2026-01-13 16:15:35,709 [canton-env-ec-71] INFO  c.d.c.d.s.s.GrpcSequencerService:domain=local tid:f754fdf7456012b5e9adeaec71b22b4e - 'PAR::sandbox::12209f1044ed...' sends request with id '4887bfd9-2bf6-45b3-b9e9-a2542908c6d5' of size 2091 bytes with 1 envelopes.
2026-01-13 16:15:35,722 [canton-env-ec-69] INFO  c.d.c.p.p.DefaultMessageDispatcher:participant=sandbox/domainId=local::122054500060 tid:f754fdf7456012b5e9adeaec71b22b4e - Processing event at sc=2, ts=2026-01-13T10:45:35.712236Z, messageId=4887bfd9-2bf6-45b3-b9e9-a2542908c6d5, with contents=Seq()
2026-01-13 16:15:35,725 [canton-env-ec-30] INFO  c.d.c.d.t.DomainTopologyManager:domain=local tid:f754fdf7456012b5e9adeaec71b22b4e - Applied topology transaction Add VettedPackages(
  participant = sandbox::12209f1044ed...,
  packages = Seq(
    c058a0c9602a...,
    65921e553a35...,
    6851f194e144...,
    57b5c520512c...,
    cb0552debf21...,
    3f4deaf145a1...,
    86828b984346...,
    f20de1e4e37b...,
    76bf0fd12bd9...,
    38e6274601b2...,
    d58cf9939847...,
    40f452260bef...,
    e491352788e5...,
    6839a6d3d430...,
    518032f41fd0...,
    20a8d69c867d...,
    8abf89c9b4a8...,
    852d8e3a8ccf...,
    10e0333b52bb...,
    bfcd37bd6b84...,
    cc348d369011...,
    057eed1fd48c...,
    d14e08374fc7...,
    c1f1f0055879...,
    6c2c0667393c...,
    e22bce619ae2...,
    e4cc67c3264e...,
    8a7806365bbd...,
    97b883cd8a2b...,
    5921708ce82f...,
    733e38d36a27...,
    99a2705ed38c...
  )
) at 2026-01-13T10:45:35.724892Z
2026-01-13 16:15:35,725 [canton-env-ec-78] INFO  c.d.c.d.t.DomainTopologyManagerRequestService:domain=local tid:f754fdf7456012b5e9adeaec71b22b4e - Register topology request by PAR::sandbox::12209f1044ed... for PAR::sandbox::12209f1044ed... yielded
  Accepted -> Add VettedPackages(
  participant = sandbox::12209f1044ed...,
  packages = Seq(
    c058a0c9602a...,
    65921e553a35...,
    6851f194e144...,
    57b5c520512c...,
    cb0552debf21...,
    3f4deaf145a1...,
    86828b984346...,
    f20de1e4e37b...,
    76bf0fd12bd9...,
    38e6274601b2...,
    d58cf9939847...,
    40f452260bef...,
    e491352788e5...,
    6839a6d3d430...,
    518032f41fd0...,
    20a8d69c867d...,
    8abf89c9b4a8...,
    852d8e3a8ccf...,
    10e0333b52bb...,
    bfcd37bd6b84...,
    cc348d369011...,
    057eed1fd48c...,
    d14e08374fc7...,
    c1f1f0055879...,
    6c2c0667393c...,
    e22bce619ae2...,
    e4cc67c3264e...,
    8a7806365bbd...,
    97b883cd8a2b...,
    5921708ce82f...,
    733e38d36a27...,
    99a2705ed38c...
  )
)
2026-01-13 16:15:35,730 [canton-env-ec-30] INFO  c.d.c.d.s.s.GrpcSequencerService:domain=local tid:f754fdf7456012b5e9adeaec71b22b4e - 'DOM::local::122054500060...' sends request with id '5924299c-33fc-4b1f-b670-ae6a03640504' of size 522 bytes with 1 envelopes.
2026-01-13 16:15:35,730 [canton-env-ec-81] INFO  c.d.c.d.s.s.GrpcSequencerService:domain=local tid:f754fdf7456012b5e9adeaec71b22b4e - 'DOM::local::122054500060...' sends request with id '73d51f95-5451-4b38-b246-1c470966b782' of size 2217 bytes with 1 envelopes.
2026-01-13 16:15:35,738 [canton-env-ec-20] INFO  c.d.c.p.p.DefaultMessageDispatcher:participant=sandbox/domainId=local::122054500060 tid:f754fdf7456012b5e9adeaec71b22b4e - Processing event at sc=3, ts=2026-01-13T10:45:35.732029Z, with contents=RegisterTopologyTransactionResponse
2026-01-13 16:15:35,740 [canton-env-ec-20] INFO  c.d.c.p.s.SyncDomainEphemeralState:participant=sandbox/domain-alias=local - 'sync-domain-ephemeral' is now in state Ok(). Previous state was Not Initialized.
2026-01-13 16:15:35,740 [canton-env-ec-20] INFO  c.d.c.h.MutableHealthComponent:participant=sandbox - 'sync-domain-ephemeral' is now in state Ok(). Previous state was Not Initialized.
2026-01-13 16:15:35,741 [canton-env-ec-71] INFO  c.d.c.p.p.DefaultMessageDispatcher:participant=sandbox/domainId=local::122054500060 tid:f754fdf7456012b5e9adeaec71b22b4e - Processing event at sc=4, ts=2026-01-13T10:45:35.732139Z, with contents=DomainTopologyTransactionMessage
2026-01-13 16:15:35,749 [canton-env-ec-20] INFO  c.d.c.h.MutableHealthComponent:participant=sandbox - 'sync-domain-ephemeral' is now in state Ok(). Previous state was Not Initialized.
2026-01-13 16:15:35,751 [canton-env-ec-83] INFO  c.d.c.t.p.TopologyTransactionProcessor:domain=local/client=topology-manager tid:f754fdf7456012b5e9adeaec71b22b4e - Storing topology transaction 1/1 Add VettedPackages(
  participant = sandbox::12209f1044ed...,
  packages = Seq(
    c058a0c9602a...,
    65921e553a35...,
    6851f194e144...,
    57b5c520512c...,
    cb0552debf21...,
    3f4deaf145a1...,
    86828b984346...,
    f20de1e4e37b...,
    76bf0fd12bd9...,
    38e6274601b2...,
    d58cf9939847...,
    40f452260bef...,
    e491352788e5...,
    6839a6d3d430...,
    518032f41fd0...,
    20a8d69c867d...,
    8abf89c9b4a8...,
    852d8e3a8ccf...,
    10e0333b52bb...,
    bfcd37bd6b84...,
    cc348d369011...,
    057eed1fd48c...,
    d14e08374fc7...,
    c1f1f0055879...,
    6c2c0667393c...,
    e22bce619ae2...,
    e4cc67c3264e...,
    8a7806365bbd...,
    97b883cd8a2b...,
    5921708ce82f...,
    733e38d36a27...,
    99a2705ed38c...
  )
) with ts=EffectiveTime(2026-01-13T10:45:35.982139Z) (epsilon=250 ms)
2026-01-13 16:15:35,752 [canton-env-ec-71] INFO  c.d.c.t.p.TopologyTransactionProcessor:participant=sandbox tid:f754fdf7456012b5e9adeaec71b22b4e - Storing topology transaction 1/1 Add VettedPackages(
  participant = sandbox::12209f1044ed...,
  packages = Seq(
    c058a0c9602a...,
    65921e553a35...,
    6851f194e144...,
    57b5c520512c...,
    cb0552debf21...,
    3f4deaf145a1...,
    86828b984346...,
    f20de1e4e37b...,
    76bf0fd12bd9...,
    38e6274601b2...,
    d58cf9939847...,
    40f452260bef...,
    e491352788e5...,
    6839a6d3d430...,
    518032f41fd0...,
    20a8d69c867d...,
    8abf89c9b4a8...,
    852d8e3a8ccf...,
    10e0333b52bb...,
    bfcd37bd6b84...,
    cc348d369011...,
    057eed1fd48c...,
    d14e08374fc7...,
    c1f1f0055879...,
    6c2c0667393c...,
    e22bce619ae2...,
    e4cc67c3264e...,
    8a7806365bbd...,
    97b883cd8a2b...,
    5921708ce82f...,
    733e38d36a27...,
    99a2705ed38c...
  )
) with ts=EffectiveTime(2026-01-13T10:45:35.982139Z) (epsilon=250 ms)
2026-01-13 16:15:35,752 [canton-env-ec-76] INFO  c.d.c.t.p.TopologyTransactionProcessor:domain=local/node=mediator/client=mediator tid:f754fdf7456012b5e9adeaec71b22b4e - Storing topology transaction 1/1 Add VettedPackages(
  participant = sandbox::12209f1044ed...,
  packages = Seq(
    c058a0c9602a...,
    65921e553a35...,
    6851f194e144...,
    57b5c520512c...,
    cb0552debf21...,
    3f4deaf145a1...,
    86828b984346...,
    f20de1e4e37b...,
    76bf0fd12bd9...,
    38e6274601b2...,
    d58cf9939847...,
    40f452260bef...,
    e491352788e5...,
    6839a6d3d430...,
    518032f41fd0...,
    20a8d69c867d...,
    8abf89c9b4a8...,
    852d8e3a8ccf...,
    10e0333b52bb...,
    bfcd37bd6b84...,
    cc348d369011...,
    057eed1fd48c...,
    d14e08374fc7...,
    c1f1f0055879...,
    6c2c0667393c...,
    e22bce619ae2...,
    e4cc67c3264e...,
    8a7806365bbd...,
    97b883cd8a2b...,
    5921708ce82f...,
    733e38d36a27...,
    99a2705ed38c...
  )
) with ts=EffectiveTime(2026-01-13T10:45:35.982139Z) (epsilon=250 ms)
2026-01-13 16:15:35,767 [canton-env-ec-69] INFO  c.d.c.p.a.s.ApiActiveContractsService:participant=sandbox tid:a3e250c2314ec1ef4453afc239e336ea - Received request for active contracts: GetActiveContractsRequest(sandbox,Some(TransactionFilter(Map(sandbox::12209f1044ed68ff04f6fc866c4d2d5cacafa31d173b36bd184c6ed7977ccbdc20bc -> Filters(Some(InclusiveFilters(Vector(Identifier(65921e553a353588e950cbc87e98a127730e63295f7ad8d3adae952ef0133b3e,PingPong,PingProposal), Identifier(65921e553a353588e950cbc87e98a127730e63295f7ad8d3adae952ef0133b3e,PingPong,Ping), Identifier(65921e553a353588e950cbc87e98a127730e63295f7ad8d3adae952ef0133b3e,PingPong,Pong), Identifier(65921e553a353588e950cbc87e98a127730e63295f7ad8d3adae952ef0133b3e,PingPong,Explode), Identifier(65921e553a353588e950cbc87e98a127730e63295f7ad8d3adae952ef0133b3e,PingPong,Merge), Identifier(65921e553a353588e950cbc87e98a127730e63295f7ad8d3adae952ef0133b3e,PingPong,Collapse)),Vector(),Vector())))))),false,), filters -> {sandbox::12209f1044ed68ff04f6fc866c4d2d5cacafa31d173b36bd184c6ed7977ccbdc20bc: ['65921e553a353588e950cbc87e98a127730e63295f7ad8d3adae952ef0133b3e:PingPong:Pong', '65921e553a353588e950cbc87e98a127730e63295f7ad8d3adae952ef0133b3e:PingPong:Collapse', '65921e553a353588e950cbc87e98a127730e63295f7ad8d3adae952ef0133b3e:PingPong:PingProposal', '65921e553a353588e950cbc87e98a127730e63295f7ad8d3adae952ef0133b3e:PingPong:Explode', '65921e553a353588e950cbc87e98a127730e63295f7ad8d3adae952ef0133b3e:PingPong:Merge', '65921e553a353588e950cbc87e98a127730e63295f7ad8d3adae952ef0133b3e:PingPong:Ping']}.
2026-01-13 16:15:35,774 [main] INFO  c.d.c.e.CommunityEnvironment tid:e2e451fa5c9b26a50f6ab48ae661fcf8 - Successfully started all nodes
2026-01-13 16:15:35,775 [main] INFO  c.digitalasset.canton.ServerRunner - Canton started
2026-01-13 16:15:35,888 [canton-env-ec-74] INFO  c.d.c.p.a.s.a.ApiPackageManagementService:participant=sandbox tid:065e380e6ebc4e839c2c32b588cdb381 - Uploading DAR file, submissionId -> '4cf31505-5de1-48a2-892c-96ce0e7ec132'.
2026-01-13 16:15:36,189 [input-mapping-pool-3] INFO  c.d.c.p.i.p.ParallelIndexerSubscription:participant=sandbox tid:065e380e6ebc4e839c2c32b588cdb381 - Storing at offset=000000000000000004 PublicPackageUpload(
  recordTime = 2026-01-13T10:45:36.187949Z,
  archives = Seq(
    539a1a262a2b...,
    315cb5676675...,
    cb0552debf21...,
    3f4deaf145a1...,
    86828b984346...,
    f20de1e4e37b...,
    76bf0fd12bd9...,
    38e6274601b2...,
    d58cf9939847...,
    40f452260bef...,
    e491352788e5...,
    6839a6d3d430...,
    518032f41fd0...,
    0f062c5863c7...,
    a80dd2c5dafc...,
    10e0333b52bb...,
    bfcd37bd6b84...,
    cc348d369011...,
    057eed1fd48c...,
    6df2d1fd8ea9...,
    d14e08374fc7...,
    c1f1f0055879...,
    6c2c0667393c...,
    e22bce619ae2...,
    e4cc67c3264e...,
    8a7806365bbd...,
    97b883cd8a2b...,
    5921708ce82f...,
    733e38d36a27...,
    99a2705ed38c...
  ),
  sourceDescription = ''
)
2026-01-13 16:15:36,274 [canton-env-ec-75] INFO  c.d.c.d.s.s.GrpcSequencerService:domain=local tid:195204bef4e66f42f0aa13893be24f3e - 'PAR::sandbox::12209f1044ed...' sends request with id 'tick-22dff697-61d9-48bf-8805-2a10b0b575c0' of size 338 bytes with 0 envelopes.
2026-01-13 16:15:36,363 [canton-env-ec-83] INFO  c.d.c.p.t.ParticipantTopologyManager:participant=sandbox tid:065e380e6ebc4e839c2c32b588cdb381 - Applied topology transaction Add VettedPackages(
  participant = sandbox::12209f1044ed...,
  packages = Seq(
    539a1a262a2b...,
    315cb5676675...,
    cb0552debf21...,
    3f4deaf145a1...,
    86828b984346...,
    f20de1e4e37b...,
    76bf0fd12bd9...,
    38e6274601b2...,
    d58cf9939847...,
    40f452260bef...,
    e491352788e5...,
    6839a6d3d430...,
    518032f41fd0...,
    0f062c5863c7...,
    a80dd2c5dafc...,
    10e0333b52bb...,
    bfcd37bd6b84...,
    cc348d369011...,
    057eed1fd48c...,
    6df2d1fd8ea9...,
    d14e08374fc7...,
    c1f1f0055879...,
    6c2c0667393c...,
    e22bce619ae2...,
    e4cc67c3264e...,
    8a7806365bbd...,
    97b883cd8a2b...,
    5921708ce82f...,
    733e38d36a27...,
    99a2705ed38c...
  )
) at 2026-01-13T10:45:36.363534Z
2026-01-13 16:15:36,372 [canton-env-ec-71] INFO  c.d.c.d.s.s.GrpcSequencerService:domain=local tid:0a4c142ca1316c37d781aea60d484dd4 - 'PAR::sandbox::12209f1044ed...' sends request with id 'c077c0d9-4d20-4afa-8e20-49562eceb43f' of size 2010 bytes with 1 envelopes.
2026-01-13 16:15:36,379 [canton-env-ec-69] INFO  c.d.c.p.p.DefaultMessageDispatcher:participant=sandbox/domainId=local::122054500060 tid:0a4c142ca1316c37d781aea60d484dd4 - Processing event at sc=6, ts=2026-01-13T10:45:36.373818Z, messageId=c077c0d9-4d20-4afa-8e20-49562eceb43f, with contents=Seq()
2026-01-13 16:15:36,381 [canton-env-ec-27] INFO  c.d.c.d.t.DomainTopologyManager:domain=local tid:0a4c142ca1316c37d781aea60d484dd4 - Applied topology transaction Add VettedPackages(
  participant = sandbox::12209f1044ed...,
  packages = Seq(
    539a1a262a2b...,
    315cb5676675...,
    cb0552debf21...,
    3f4deaf145a1...,
    86828b984346...,
    f20de1e4e37b...,
    76bf0fd12bd9...,
    38e6274601b2...,
    d58cf9939847...,
    40f452260bef...,
    e491352788e5...,
    6839a6d3d430...,
    518032f41fd0...,
    0f062c5863c7...,
    a80dd2c5dafc...,
    10e0333b52bb...,
    bfcd37bd6b84...,
    cc348d369011...,
    057eed1fd48c...,
    6df2d1fd8ea9...,
    d14e08374fc7...,
    c1f1f0055879...,
    6c2c0667393c...,
    e22bce619ae2...,
    e4cc67c3264e...,
    8a7806365bbd...,
    97b883cd8a2b...,
    5921708ce82f...,
    733e38d36a27...,
    99a2705ed38c...
  )
) at 2026-01-13T10:45:36.381187Z
2026-01-13 16:15:36,382 [canton-env-ec-27] INFO  c.d.c.d.t.DomainTopologyManagerRequestService:domain=local tid:0a4c142ca1316c37d781aea60d484dd4 - Register topology request by PAR::sandbox::12209f1044ed... for PAR::sandbox::12209f1044ed... yielded
  Accepted -> Add VettedPackages(
  participant = sandbox::12209f1044ed...,
  packages = Seq(
    539a1a262a2b...,
    315cb5676675...,
    cb0552debf21...,
    3f4deaf145a1...,
    86828b984346...,
    f20de1e4e37b...,
    76bf0fd12bd9...,
    38e6274601b2...,
    d58cf9939847...,
    40f452260bef...,
    e491352788e5...,
    6839a6d3d430...,
    518032f41fd0...,
    0f062c5863c7...,
    a80dd2c5dafc...,
    10e0333b52bb...,
    bfcd37bd6b84...,
    cc348d369011...,
    057eed1fd48c...,
    6df2d1fd8ea9...,
    d14e08374fc7...,
    c1f1f0055879...,
    6c2c0667393c...,
    e22bce619ae2...,
    e4cc67c3264e...,
    8a7806365bbd...,
    97b883cd8a2b...,
    5921708ce82f...,
    733e38d36a27...,
    99a2705ed38c...
  )
)
2026-01-13 16:15:36,385 [canton-env-ec-20] INFO  c.d.c.d.s.s.GrpcSequencerService:domain=local tid:0a4c142ca1316c37d781aea60d484dd4 - 'DOM::local::122054500060...' sends request with id '79fd38c4-7c7f-4777-9614-d25b6e918077' of size 523 bytes with 1 envelopes.
2026-01-13 16:15:36,385 [canton-env-ec-27] INFO  c.d.c.d.s.s.GrpcSequencerService:domain=local tid:0a4c142ca1316c37d781aea60d484dd4 - 'DOM::local::122054500060...' sends request with id '9257e4ab-b77d-48ed-afcc-ce095a0f2a76' of size 2141 bytes with 1 envelopes.
2026-01-13 16:15:36,393 [canton-env-ec-68] INFO  c.d.c.p.p.DefaultMessageDispatcher:participant=sandbox/domainId=local::122054500060 tid:0a4c142ca1316c37d781aea60d484dd4 - Processing event at sc=7, ts=2026-01-13T10:45:36.387541Z, with contents=RegisterTopologyTransactionResponse
2026-01-13 16:15:36,396 [canton-env-ec-21] INFO  c.d.c.t.p.TopologyTransactionProcessor:domain=local/node=mediator/client=mediator tid:0a4c142ca1316c37d781aea60d484dd4 - Storing topology transaction 1/1 Add VettedPackages(
  participant = sandbox::12209f1044ed...,
  packages = Seq(
    539a1a262a2b...,
    315cb5676675...,
    cb0552debf21...,
    3f4deaf145a1...,
    86828b984346...,
    f20de1e4e37b...,
    76bf0fd12bd9...,
    38e6274601b2...,
    d58cf9939847...,
    40f452260bef...,
    e491352788e5...,
    6839a6d3d430...,
    518032f41fd0...,
    0f062c5863c7...,
    a80dd2c5dafc...,
    10e0333b52bb...,
    bfcd37bd6b84...,
    cc348d369011...,
    057eed1fd48c...,
    6df2d1fd8ea9...,
    d14e08374fc7...,
    c1f1f0055879...,
    6c2c0667393c...,
    e22bce619ae2...,
    e4cc67c3264e...,
    8a7806365bbd...,
    97b883cd8a2b...,
    5921708ce82f...,
    733e38d36a27...,
    99a2705ed38c...
  )
) with ts=EffectiveTime(2026-01-13T10:45:36.638042Z) (epsilon=250 ms)
2026-01-13 16:15:36,397 [canton-env-ec-76] INFO  c.d.c.p.p.DefaultMessageDispatcher:participant=sandbox/domainId=local::122054500060 tid:0a4c142ca1316c37d781aea60d484dd4 - Processing event at sc=8, ts=2026-01-13T10:45:36.388042Z, with contents=DomainTopologyTransactionMessage
2026-01-13 16:15:36,398 [canton-env-ec-83] INFO  c.d.c.t.p.TopologyTransactionProcessor:domain=local/client=topology-manager tid:0a4c142ca1316c37d781aea60d484dd4 - Storing topology transaction 1/1 Add VettedPackages(
  participant = sandbox::12209f1044ed...,
  packages = Seq(
    539a1a262a2b...,
    315cb5676675...,
    cb0552debf21...,
    3f4deaf145a1...,
    86828b984346...,
    f20de1e4e37b...,
    76bf0fd12bd9...,
    38e6274601b2...,
    d58cf9939847...,
    40f452260bef...,
    e491352788e5...,
    6839a6d3d430...,
    518032f41fd0...,
    0f062c5863c7...,
    a80dd2c5dafc...,
    10e0333b52bb...,
    bfcd37bd6b84...,
    cc348d369011...,
    057eed1fd48c...,
    6df2d1fd8ea9...,
    d14e08374fc7...,
    c1f1f0055879...,
    6c2c0667393c...,
    e22bce619ae2...,
    e4cc67c3264e...,
    8a7806365bbd...,
    97b883cd8a2b...,
    5921708ce82f...,
    733e38d36a27...,
    99a2705ed38c...
  )
) with ts=EffectiveTime(2026-01-13T10:45:36.638042Z) (epsilon=250 ms)
2026-01-13 16:15:36,399 [canton-env-ec-70] INFO  c.d.c.t.p.TopologyTransactionProcessor:participant=sandbox tid:0a4c142ca1316c37d781aea60d484dd4 - Storing topology transaction 1/1 Add VettedPackages(
  participant = sandbox::12209f1044ed...,
  packages = Seq(
    539a1a262a2b...,
    315cb5676675...,
    cb0552debf21...,
    3f4deaf145a1...,
    86828b984346...,
    f20de1e4e37b...,
    76bf0fd12bd9...,
    38e6274601b2...,
    d58cf9939847...,
    40f452260bef...,
    e491352788e5...,
    6839a6d3d430...,
    518032f41fd0...,
    0f062c5863c7...,
    a80dd2c5dafc...,
    10e0333b52bb...,
    bfcd37bd6b84...,
    cc348d369011...,
    057eed1fd48c...,
    6df2d1fd8ea9...,
    d14e08374fc7...,
    c1f1f0055879...,
    6c2c0667393c...,
    e22bce619ae2...,
    e4cc67c3264e...,
    8a7806365bbd...,
    97b883cd8a2b...,
    5921708ce82f...,
    733e38d36a27...,
    99a2705ed38c...
  )
) with ts=EffectiveTime(2026-01-13T10:45:36.638042Z) (epsilon=250 ms)
2026-01-13 16:15:37,458 [canton-env-ec-69] INFO  c.d.c.p.a.s.ApiLedgerIdentityService:participant=sandbox tid:8d2e9a3833f4cdbfc38445a92f924978 - Received request for ledger identity: GetLedgerIdentityRequest().
2026-01-13 16:15:40,362 [Thread-0] INFO  c.d.canton.CantonCommunityApp$ - Shutting down...
2026-01-13 16:15:40,367 [Thread-0] INFO  c.d.c.e.CommunityEnvironment - Closing environment...
2026-01-13 16:15:40,369 [canton-env-ec-76] INFO  c.d.c.h.MutableHealthComponent:participant=sandbox - 'sync-domain' is now in state Failed(Component is closed). Previous state was Ok().
2026-01-13 16:15:40,370 [canton-env-ec-76] INFO  c.d.c.h.MutableHealthComponent:participant=sandbox - 'sync-domain-ephemeral' is now in state Failed(Component is closed). Previous state was Ok().
2026-01-13 16:15:40,370 [canton-env-ec-76] INFO  c.d.c.h.MutableHealthComponent:participant=sandbox - 'sequencer-client' is now in state Failed(Component is closed). Previous state was Ok().
2026-01-13 16:15:40,370 [canton-env-ec-76] INFO  c.d.c.h.MutableHealthComponent:participant=sandbox - 'acs-commitment-processor' is now in state Failed(Component is closed). Previous state was Ok().
2026-01-13 16:15:40,376 [canton-env-ec-76] INFO  c.d.c.p.ParticipantNode:participant=sandbox - Stopping participant node
2026-01-13 16:15:40,379 [canton-env-ec-27] INFO  c.d.c.n.g.ApiRequestLogger:participant=sandbox tid:a21e6508072608656fb630af4adc4c7e - Request c.d.l.a.v.TransactionService/GetTransactions by /127.0.0.1:55689: cancelled
2026-01-13 16:15:40,390 [canton-env-ec-74] INFO  c.d.c.p.a.s.c.CommandServiceImpl:participant=sandbox - Shutting down Command Service.
2026-01-13 16:15:40,396 [canton-env-ec-69] INFO  com.zaxxer.hikari.HikariDataSource - daml.index.db.connection.api-server - Shutdown initiated...
2026-01-13 16:15:40,397 [canton-env-ec-69] INFO  com.zaxxer.hikari.HikariDataSource - daml.index.db.connection.api-server - Shutdown completed.
2026-01-13 16:15:40,398 [canton-env-ec-70] INFO  c.d.c.p.i.RecoveringIndexer:participant=sandbox - Stopping Indexer Server
2026-01-13 16:15:40,399 [canton-env-ec-70] INFO  com.zaxxer.hikari.HikariDataSource - daml.index.db.connection.indexer - Shutdown initiated...
2026-01-13 16:15:40,399 [canton-env-ec-70] INFO  com.zaxxer.hikari.HikariDataSource - daml.index.db.connection.indexer - Shutdown completed.
2026-01-13 16:15:40,399 [canton-env-ec-70] INFO  c.d.c.p.i.RecoveringIndexer:participant=sandbox - Successfully finished processing state updates
2026-01-13 16:15:40,399 [canton-env-ec-70] INFO  c.d.c.p.i.p.ParallelIndexerFactory$:participant=sandbox - Indexing finished.
2026-01-13 16:15:40,399 [canton-env-ec-70] INFO  c.d.c.p.i.RecoveringIndexer:participant=sandbox - Stopped Indexer Server
2026-01-13 16:15:40,400 [canton-env-ec-79] INFO  c.d.c.p.DispatcherState:participant=sandbox - Shutting down Ledger API offset dispatcher state.
2026-01-13 16:15:40,403 [canton-env-ec-79] INFO  c.d.c.p.DispatcherState:participant=sandbox - Ledger API offset dispatcher shutdown.
2026-01-13 16:15:40,781 [canton-env-ec-76] INFO  c.d.c.p.s.SyncDomain:participant=sandbox/domainId=local::122054500060 - 'sync-domain' is now in state Failed(Disconnected from domain). Previous state was Ok().
2026-01-13 16:15:40,782 [canton-env-ec-76] INFO  c.d.c.h.MutableHealthComponent:participant=sandbox - 'sync-domain' is now in state Failed(Disconnected from domain). Previous state was Ok().
2026-01-13 16:15:40,784 [canton-env-ec-76] INFO  c.d.c.s.c.ResilientSequencerSubscription:participant=sandbox/domainId=local::122054500060 - 'sequencer-client' is now in state Failed(Disconnected from domain). Previous state was Ok().
2026-01-13 16:15:40,785 [canton-env-ec-76] INFO  c.d.c.h.DelegatingMutableHealthComponent:participant=sandbox/domainId=local::122054500060 - 'sequencer-client' is now in state Failed(Disconnected from domain). Previous state was Ok().
2026-01-13 16:15:40,785 [canton-env-ec-76] INFO  c.d.c.h.MutableHealthComponent:participant=sandbox - 'sequencer-client' is now in state Failed(Disconnected from domain). Previous state was Ok().
2026-01-13 16:15:40,787 [canton-env-ec-79] INFO  c.d.c.s.c.t.GrpcSequencerSubscription:participant=sandbox/domainId=local::122054500060 - GRPC subscription successfully closed due to client shutdown.
2026-01-13 16:15:40,789 [canton-env-ec-83] INFO  c.d.c.n.g.ApiRequestLogger:domain=local tid:9b2e3c986c388132f0a5c48141ab508b - Request c.d.c.d.a.v.SequencerService/SubscribeVersioned by /127.0.0.1:55700: cancelled
2026-01-13 16:15:40,790 [canton-env-ec-76] INFO  c.d.c.p.p.AcsCommitmentProcessor:participant=sandbox/domainId=local::122054500060 - 'acs-commitment-processor' is now in state Failed(Disconnected from domain). Previous state was Ok().
2026-01-13 16:15:40,790 [canton-env-ec-76] INFO  c.d.c.h.MutableHealthComponent:participant=sandbox - 'acs-commitment-processor' is now in state Failed(Disconnected from domain). Previous state was Ok().
2026-01-13 16:15:40,791 [canton-env-ec-71] INFO  c.d.c.p.s.CantonSyncService:participant=sandbox - Domain 'local' disconnected because sequencer client was closed
2026-01-13 16:15:40,792 [canton-env-ec-76] INFO  c.d.c.p.s.SyncDomainEphemeralState:participant=sandbox/domain-alias=local - 'sync-domain-ephemeral' is now in state Failed(Disconnected from domain). Previous state was Ok().
2026-01-13 16:15:40,792 [canton-env-ec-76] INFO  c.d.c.h.MutableHealthComponent:participant=sandbox - 'sync-domain-ephemeral' is now in state Failed(Disconnected from domain). Previous state was Ok().
2026-01-13 16:15:40,796 [canton-env-ec-76] INFO  c.d.c.h.MutableHealthComponent:participant=sandbox - 'sync-domain' is now in state Failed(Component is closed). Previous state was Failed(Disconnected from domain).
2026-01-13 16:15:40,796 [canton-env-ec-76] INFO  c.d.c.h.MutableHealthComponent:participant=sandbox - 'sync-domain-ephemeral' is now in state Failed(Component is closed). Previous state was Failed(Disconnected from domain).
2026-01-13 16:15:40,796 [canton-env-ec-76] INFO  c.d.c.h.MutableHealthComponent:participant=sandbox - 'sequencer-client' is now in state Failed(Component is closed). Previous state was Failed(Disconnected from domain).
2026-01-13 16:15:40,796 [canton-env-ec-76] INFO  c.d.c.h.MutableHealthComponent:participant=sandbox - 'acs-commitment-processor' is now in state Failed(Component is closed). Previous state was Failed(Disconnected from domain).
2026-01-13 16:15:40,797 [canton-env-ec-76] INFO  c.d.c.r.MemoryStorage:participant=sandbox - 'memory_storage' is now in state Failed(Component is closed). Previous state was Ok().
2026-01-13 16:15:40,797 [canton-env-ec-76] INFO  c.d.c.p.ParticipantNodeBootstrap:participant=sandbox - 'participant' is now in state ServingStatus(status = 'NOT_SERVING'). Previous state was ServingStatus(status = 'SERVING').
2026-01-13 16:15:40,797 [canton-env-ec-76] INFO  c.d.c.c.Crypto:participant=sandbox - 'crypto' is now in state Failed(Component is closed). Previous state was Ok().
2026-01-13 16:15:40,797 [canton-env-ec-76] INFO  c.d.c.c.p.t.TinkPrivateCrypto:participant=sandbox - 'tink-private-crypto' is now in state Failed(Component is closed). Previous state was Ok().
2026-01-13 16:15:40,798 [canton-env-ec-76] INFO  c.d.c.d.DomainNodeBootstrap:domain=local - Stopping domain node
2026-01-13 16:15:40,799 [canton-env-ec-76] INFO  c.d.c.d.t.DomainTopologySender$Impl:domain=local/identity - 'domain-topology-sender' is now in state Failed(Component is closed). Previous state was Ok().
2026-01-13 16:15:40,799 [canton-env-ec-76] INFO  c.d.c.h.MutableHealthComponent:domain=local - 'domain-topology-sender' is now in state Failed(Component is closed). Previous state was Ok().
2026-01-13 16:15:40,800 [canton-env-ec-76] INFO  c.d.c.s.c.ResilientSequencerSubscription:domain=local/client=topology-manager - 'sequencer-client' is now in state Failed(Disconnected from domain). Previous state was Ok().
2026-01-13 16:15:40,800 [canton-env-ec-76] INFO  c.d.c.h.DelegatingMutableHealthComponent:domain=local/client=topology-manager - 'sequencer-client' is now in state Failed(Disconnected from domain). Previous state was Ok().
2026-01-13 16:15:40,800 [canton-env-ec-70] INFO  c.d.c.s.c.t.GrpcSequencerSubscription:domain=local/client=topology-manager - GRPC subscription successfully closed due to client shutdown.
2026-01-13 16:15:40,801 [canton-env-ec-83] INFO  c.d.c.n.g.ApiRequestLogger:domain=local tid:48cd175377f3a97b782d5ad3292c0831 - Request c.d.c.d.a.v.SequencerService/SubscribeVersioned by /127.0.0.1:55683: cancelled
2026-01-13 16:15:40,803 [canton-env-ec-76] INFO  c.d.c.s.c.ResilientSequencerSubscription:domain=local/client=mediator - 'sequencer-client' is now in state Failed(Disconnected from domain). Previous state was Ok().
2026-01-13 16:15:40,803 [canton-env-ec-76] INFO  c.d.c.h.DelegatingMutableHealthComponent:domain=local/client=mediator - 'sequencer-client' is now in state Failed(Disconnected from domain). Previous state was Ok().
2026-01-13 16:15:40,803 [canton-env-ec-20] INFO  c.d.c.s.c.t.GrpcSequencerSubscription:domain=local/client=mediator - GRPC subscription successfully closed due to client shutdown.
2026-01-13 16:15:40,804 [canton-env-ec-20] INFO  c.d.c.n.g.ApiRequestLogger:domain=local tid:74746e4ad8c9555b9f5351df34dd8863 - Request c.d.c.d.a.v.SequencerService/SubscribeVersioned by /127.0.0.1:55685: cancelled
2026-01-13 16:15:40,806 [canton-env-ec-76] INFO  c.d.c.d.s.s.DatabaseSequencer:domain=local - 'sequencer' is now in state SequencerHealthStatus(active = false, details = Sequencer is closed). Previous state was SequencerHealthStatus(active = true).
2026-01-13 16:15:40,807 [canton-env-ec-76] INFO  c.d.c.h.MutableHealthQuasiComponent:domain=local - 'sequencer' is now in state SequencerHealthStatus(active = false, details = Sequencer is closed). Previous state was SequencerHealthStatus(active = true).
2026-01-13 16:15:40,807 [canton-env-ec-76] INFO  c.d.c.d.DomainNodeBootstrap:domain=local - 'sequencer-health-check-service' is now in state ServingStatus(status = 'NOT_SERVING'). Previous state was ServingStatus(status = 'SERVING').
2026-01-13 16:15:40,811 [canton-env-ec-76] INFO  c.d.c.r.MemoryStorage:domain=local - 'memory_storage' is now in state Failed(Component is closed). Previous state was Ok().
2026-01-13 16:15:40,811 [canton-env-ec-76] INFO  c.d.c.d.DomainNodeBootstrap:domain=local - 'domain' is now in state ServingStatus(status = 'NOT_SERVING'). Previous state was ServingStatus(status = 'SERVING').
2026-01-13 16:15:40,812 [canton-env-ec-76] INFO  c.d.c.crypto.Crypto:domain=local - 'crypto' is now in state Failed(Component is closed). Previous state was Ok().
2026-01-13 16:15:40,812 [canton-env-ec-76] INFO  c.d.c.c.p.t.TinkPrivateCrypto:domain=local - 'tink-private-crypto' is now in state Failed(Component is closed). Previous state was Ok().
2026-01-13 16:15:40,825 [canton-env-ec-74] INFO  o.a.pekko.actor.CoordinatedShutdown - Running CoordinatedShutdown with reason [ActorSystemTerminateReason]
2026-01-13 16:15:40,844 [Thread-0] INFO  c.d.canton.CantonCommunityApp$ - Shutdown complete.
2026-01-13 16:15:40,844 [Thread-0] INFO  c.d.canton.CantonCommunityApp$ - Shutting down logger. Bye bye.
2026-01-13 16:16:07,008 [main] INFO  c.d.canton.CantonCommunityApp$ - Starting Canton version 2.10.0
2026-01-13 16:16:07,432 [main] INFO  c.d.canton.CantonCommunityApp$ - Starting up with resolved config:
domains {
    local {
        admin-api {
            port=6868
        }
        init {
            domain-parameters {
                protocol-version="7"
            }
        }
        public-api {
            port=6867
        }
        storage {
            type=memory
        }
    }
}
parameters {
    dev-version-support=true
    non-standard-config=true
    ports-file="/var/folders/6h/h_td7sys15x4866r9hv1k8xc0000gn/T/extra-dir-11565466784/sandbox-portfile"
}
participants {
    sandbox {
        admin-api {
            port=6866
        }
        ledger-api {
            port=6865
            user-management-service {
                enabled=true
            }
        }
        parameters {
            dev-version-support=true
        }
        storage {
            type=memory
        }
    }
}

2026-01-13 16:16:07,447 [main] INFO  c.d.c.e.CommunityEnvironment - Deriving 8 as number of threads from 'sys.runtime.availableProcessors()'. Please use '-Dscala.concurrent.context.numThreads' to override.
2026-01-13 16:16:07,550 [canton-env-ec-20] INFO  o.a.pekko.event.slf4j.Slf4jLogger - Slf4jLogger started
2026-01-13 16:16:07,588 [main] INFO  c.d.c.t.OpenTelemetryFactory$ - Initializing open telemetry with Exporter.Disabled
2026-01-13 16:16:07,622 [main] INFO  c.d.c.e.CommunityEnvironment tid:585b5b6b618dd365d83a5c072cee2dc2 - Automatically starting all instances
2026-01-13 16:16:07,754 [canton-env-ec-29] INFO  c.d.c.crypto.Crypto:domain=local - 'crypto' is now in state Ok(). Previous state was Not Initialized.
2026-01-13 16:16:07,756 [canton-env-ec-22] INFO  c.d.c.d.DomainNodeBootstrap:domain=local - Starting admin-api services on CommunityAdminServerConfig(127.0.0.1,Some(6868),None,Some(BasicKeepAliveServerConfig(40s,20s,20s,false)),10485760)
2026-01-13 16:16:07,793 [canton-env-ec-30] INFO  c.d.c.c.Crypto:participant=sandbox - 'crypto' is now in state Ok(). Previous state was Not Initialized.
2026-01-13 16:16:07,793 [canton-env-ec-28] INFO  c.d.c.p.ParticipantNodeBootstrap:participant=sandbox - Starting admin-api services on CommunityAdminServerConfig(127.0.0.1,Some(6866),None,Some(BasicKeepAliveServerConfig(40s,20s,20s,false)),10485760)
2026-01-13 16:16:07,997 [canton-env-ec-22] INFO  c.d.c.d.DomainNodeBootstrap:domain=local - 'domain' is now in state ServingStatus(status = 'SERVING'). Previous state was ServingStatus(status = 'NOT_SERVING').
2026-01-13 16:16:07,998 [canton-env-ec-28] INFO  c.d.c.p.ParticipantNodeBootstrap:participant=sandbox - 'participant' is now in state ServingStatus(status = 'SERVING'). Previous state was ServingStatus(status = 'NOT_SERVING').
2026-01-13 16:16:08,059 [canton-env-ec-27] INFO  c.d.c.p.ParticipantNodeBootstrap:participant=sandbox - Node is not initialized yet. Performing automated default initialization.
2026-01-13 16:16:08,059 [canton-env-ec-29] INFO  c.d.c.d.DomainNodeBootstrap:domain=local - Node is not initialized yet. Performing automated default initialization.
2026-01-13 16:16:08,214 [canton-env-ec-28] INFO  c.d.c.d.t.DomainTopologyManager:domain=local tid:8bea55b443fd95f4ac4fce197263632f - Applied topology transaction Add NamespaceDelegation(122065f8d3ee..., SigningPublicKey(id = 122065f8d3ee..., format = Tink, scheme = Ed25519), true) at 2026-01-13T10:46:08.213309Z
2026-01-13 16:16:08,214 [canton-env-ec-22] INFO  c.d.c.p.t.ParticipantTopologyManager:participant=sandbox tid:e3377edc2b1e018f2c41770d816d7a38 - Applied topology transaction Add NamespaceDelegation(122032f00bd0..., SigningPublicKey(id = 122032f00bd0..., format = Tink, scheme = Ed25519), true) at 2026-01-13T10:46:08.213309Z
2026-01-13 16:16:08,237 [canton-env-ec-20] INFO  c.d.c.d.t.DomainTopologyManager:domain=local tid:8bea55b443fd95f4ac4fce197263632f - Applied topology transaction Replace DomainParametersChange(
  local::122065f8d3ee...,
  DynamicDomainParameters(
    participant response timeout = 30s,
    mediator reaction timeout = 30s,
    transfer exclusivity timeout = 1m,
    topology change delay = 0.25s,
    ledger time record time tolerance = 1m,
    mediator deduplication timeout = 2m,
    reconciliation interval = 1m,
    max rate per participant = 1000000,
    max request size = 10485760,
    catchup config = CatchUpConfig(catchUpIntervalSkip = 5, nrIntervalsToTriggerCatchUp = 2)
  )
) at 2026-01-13T10:46:08.235564Z
2026-01-13 16:16:08,245 [canton-env-ec-22] INFO  c.d.c.d.t.DomainTopologyManager:domain=local tid:8bea55b443fd95f4ac4fce197263632f - Applied topology transaction Add OwnerToKeyMapping(DOM::local::122065f8d3ee..., SigningPublicKey(id = 12208902d186..., format = Tink, scheme = Ed25519)) at 2026-01-13T10:46:08.244937Z
2026-01-13 16:16:08,251 [canton-env-ec-23] INFO  c.d.c.d.t.DomainTopologyManager:domain=local - Applied topology transaction Add OwnerToKeyMapping(MED::local::122065f8d3ee..., SigningPublicKey(id = 1220edfc89f9..., format = Tink, scheme = Ed25519)) at 2026-01-13T10:46:08.251373Z
2026-01-13 16:16:08,260 [canton-env-ec-30] INFO  c.d.c.d.t.DomainTopologyManager:domain=local - Applied topology transaction Add MediatorDomainState(Both, local::122065f8d3ee..., MED::local::122065f8d3ee...) at 2026-01-13T10:46:08.259572Z
2026-01-13 16:16:08,266 [canton-env-ec-23] INFO  c.d.c.p.a.PackageUploader:participant=sandbox - Initializing Upgradable Package Resolution View
2026-01-13 16:16:08,267 [canton-env-ec-20] INFO  c.d.c.p.a.PackageUploader:participant=sandbox - Upgradable Package Resolution View has been initialized (0 ms)
2026-01-13 16:16:08,269 [canton-env-ec-29] INFO  c.d.c.d.t.DomainTopologyManager:domain=local - Applied topology transaction Add OwnerToKeyMapping(SEQ::local::122065f8d3ee..., SigningPublicKey(id = 12209505dce5..., format = Tink, scheme = Ed25519)) at 2026-01-13T10:46:08.268777Z
2026-01-13 16:16:08,270 [canton-env-ec-27] INFO  c.d.c.d.DomainNodeBootstrap:domain=local - Initializing node with id NodeId(local::122065f8d3ee...)
2026-01-13 16:16:08,315 [canton-env-ec-22] INFO  c.d.c.p.s.CantonSyncService:participant=sandbox tid:f6e1d77a21ca36b161434f77b13330cd - Recovering published timely rejections
2026-01-13 16:16:08,319 [canton-env-ec-28] INFO  c.d.c.p.s.CantonSyncService:participant=sandbox tid:f6e1d77a21ca36b161434f77b13330cd - Publishing the unpublished events from the ParticipantEventLog
2026-01-13 16:16:08,369 [canton-env-ec-28] INFO  c.d.c.p.l.a.StartableStoppableLedgerApiServer:participant=sandbox - Creating storage, num-indexer: 16, num-ledger-api: 4
2026-01-13 16:16:08,390 [canton-env-ec-30] INFO  c.d.c.d.s.SequencerRuntime:domain=local - Sequencer is healthy
2026-01-13 16:16:08,407 [canton-env-ec-30] INFO  c.d.c.h.MutableHealthQuasiComponent:domain=local - 'sequencer' is now in state SequencerHealthStatus(active = true). Previous state was SequencerHealthStatus(active = false).
2026-01-13 16:16:08,408 [canton-env-ec-30] INFO  c.d.c.d.DomainNodeBootstrap:domain=local - 'sequencer-health-check-service' is now in state ServingStatus(status = 'SERVING'). Previous state was ServingStatus(status = 'NOT_SERVING').
2026-01-13 16:16:08,519 [canton-env-ec-23] INFO  c.d.c.p.s.b.VerifiedDataSource$:participant=sandbox - Attempting to connect to the database (attempt 1/600)
2026-01-13 16:16:08,651 [canton-env-ec-29] INFO  c.d.c.p.s.FlywayMigrations:participant=sandbox - Ensuring Flyway migration has either not started or there are no pending migrations...
2026-01-13 16:16:08,653 [canton-env-ec-29] INFO  o.f.c.i.license.VersionPrinter - Flyway Community Edition 9.15.2 by Redgate
2026-01-13 16:16:08,653 [canton-env-ec-29] INFO  o.f.c.i.license.VersionPrinter - See release notes here: https://rd.gt/416ObMi
2026-01-13 16:16:08,654 [canton-env-ec-29] INFO  o.f.c.i.license.VersionPrinter - 
2026-01-13 16:16:08,693 [canton-env-ec-29] INFO  o.f.c.i.d.base.BaseDatabaseType - Database: jdbc:h2:mem:ledger_api_sandbox122032f00bd0e84a5b6785044dd20871e2bef28d29102a5255f1f8536f1466e0c378_593e187b32ab4b1aabbd51640dde2e20 (H2 2.1)
2026-01-13 16:16:08,701 [canton-env-ec-20] INFO  c.d.c.s.c.SequencerClientImpl:domain=local/client=topology-manager - No event found up to 0001-01-01T00:00:00Z. Resubscribing from the beginning.
2026-01-13 16:16:08,702 [canton-env-ec-20] INFO  c.d.c.s.c.SequencerClientImpl:domain=local/client=topology-manager - Processing events from the SequencedEventStore from 0001-01-01T00:00:00.000001Z on
2026-01-13 16:16:08,717 [canton-env-ec-29] INFO  c.d.c.p.s.FlywayMigrations:participant=sandbox - Running Flyway migration on empty database with 1 migrations pending...
2026-01-13 16:16:08,717 [canton-env-ec-27] INFO  c.d.c.s.c.SequencerClientImpl:domain=local/client=topology-manager - Starting subscription for alias=SEQ::local::122065f8d3ee... at timestamp None; next counter 0
2026-01-13 16:16:08,720 [canton-env-ec-29] INFO  o.f.c.internal.command.DbValidate - Successfully validated 1 migration (execution time 00:00.000s)
2026-01-13 16:16:08,721 [canton-env-ec-29] INFO  o.f.c.i.s.JdbcTableSchemaHistory - Creating Schema History table "PUBLIC"."flyway_schema_history" ...
2026-01-13 16:16:08,721 [canton-env-ec-27] INFO  c.d.c.h.DelegatingMutableHealthComponent:domain=local/client=topology-manager - 'sequencer-client' is now in state Ok(). Previous state was Not Initialized.
2026-01-13 16:16:08,730 [canton-env-ec-29] INFO  o.f.core.internal.command.DbMigrate - Current version of schema "PUBLIC": << Empty Schema >>
2026-01-13 16:16:08,745 [canton-env-ec-28] INFO  c.d.c.d.i.TopologyManagementInitialization$:domain=local - Sending initial topology transactions to domain members Set(DOM::local::122065f8d3ee..., MED::local::122065f8d3ee...) as DOM::local::122065f8d3ee...
2026-01-13 16:16:08,745 [canton-env-ec-29] INFO  o.f.core.internal.command.DbMigrate - Migrating schema "PUBLIC" to version "1 - Append only schema"
2026-01-13 16:16:08,768 [canton-env-ec-23] INFO  c.d.c.d.s.a.MemberAuthenticationServiceOld:domain=local - DOM::local::122065f8d3ee... authenticated new token with expiry 2026-01-13T11:46:08.767363Z
2026-01-13 16:16:08,779 [canton-env-ec-29] INFO  o.f.core.internal.command.DbMigrate - Successfully applied 1 migration to schema "PUBLIC", now at version v1 (execution time 00:00.050s)
2026-01-13 16:16:08,780 [canton-env-ec-29] INFO  c.d.c.p.s.FlywayMigrations:participant=sandbox - Flyway schema migration finished successfully, applying 1 steps on empty database.
2026-01-13 16:16:08,794 [canton-env-ec-27] INFO  c.d.c.d.s.s.GrpcSequencerService:domain=local - DOM::local::122065f8d3ee... subscribes from counter=0
2026-01-13 16:16:08,799 [canton-env-ec-28] INFO  c.d.c.p.i.RecoveringIndexer:participant=sandbox - Starting Indexer Server
2026-01-13 16:16:08,808 [canton-env-ec-21] INFO  com.zaxxer.hikari.HikariDataSource - daml.index.db.connection.indexer - Starting...
2026-01-13 16:16:08,814 [canton-env-ec-21] INFO  com.zaxxer.hikari.HikariDataSource - daml.index.db.connection.indexer - Start completed.
2026-01-13 16:16:08,830 [canton-env-ec-23] INFO  c.d.c.p.i.p.InitializeParallelIngestion:participant=sandbox - Attempting to initialize with participant ID sandbox::122032f00bd0e84a5b6785044dd20871e2bef28d29102a5255f1f8536f1466e0c378
2026-01-13 16:16:08,833 [canton-env-ec-30] INFO  c.d.c.d.s.s.GrpcSequencerService:domain=local tid:f12048290dd4d00c686506128d41a054 - 'DOM::local::122065f8d3ee...' sends request with id '52afe4c0-c82c-46b3-8e8b-07b073887137' of size 1815 bytes with 2 envelopes.
2026-01-13 16:16:08,833 [daml.index.db.threadpool.connection.indexer-1] INFO  c.d.c.p.s.b.c.ParameterStorageBackendImpl$:participant=sandbox - Initializing new database for participantId 'sandbox::122032f00bd0e84a5b6785044dd20871e2bef28d29102a5255f1f8536f1466e0c378'
2026-01-13 16:16:08,850 [canton-env-ec-21] INFO  c.d.c.p.InMemoryState:participant=sandbox - Initializing participant in-memory state to ledger end: LedgerEnd(Offset(Bytes()),0,0)
2026-01-13 16:16:08,861 [canton-env-ec-20] INFO  c.d.c.p.i.UpdatePackageMetadataView$:participant=sandbox - Package Metadata View has been initialized (5 ms)
2026-01-13 16:16:08,862 [canton-env-ec-30] INFO  c.d.c.p.DispatcherState:participant=sandbox - Started a Ledger API offset dispatcher at initialization offset: Offset(Bytes()).
2026-01-13 16:16:08,870 [canton-env-ec-27] INFO  c.d.c.d.s.s.SequencerReader$EventsReader:domain=local/subscriber=DOM::local::122065f8d3ee tid:f12048290dd4d00c686506128d41a054 - Using approximate topology snapshot at 0001-01-01T00:00:00.000001Z for desired timestamp 2026-01-13T10:46:08.860536Z
2026-01-13 16:16:08,885 [canton-env-ec-30] INFO  c.d.c.p.i.p.ParallelIndexerFactory$:participant=sandbox - Indexer initialized, indexing started.
2026-01-13 16:16:08,886 [canton-env-ec-23] INFO  c.d.c.p.i.RecoveringIndexer:participant=sandbox - Started Indexer Server
2026-01-13 16:16:08,886 [canton-env-ec-30] INFO  c.d.c.s.c.SequencedEventValidatorImpl:domain=local/client=topology-manager tid:f12048290dd4d00c686506128d41a054 - Skipping signature verification of the first sequenced event due to a fresh subscription from SEQ::local::122065f8d3ee...
2026-01-13 16:16:08,887 [canton-env-ec-27] INFO  com.zaxxer.hikari.HikariDataSource - daml.index.db.connection.api-server - Starting...
2026-01-13 16:16:08,888 [canton-env-ec-27] INFO  com.zaxxer.hikari.HikariDataSource - daml.index.db.connection.api-server - Start completed.
2026-01-13 16:16:08,900 [input-mapping-pool-0] INFO  c.d.c.p.i.p.ParallelIndexerSubscription:participant=sandbox tid:f6e1d77a21ca36b161434f77b13330cd - Storing at offset=000000000000000001 ConfigurationChanged(
  recordTime = 2026-01-13T10:46:08.327275Z,
  configuration = Configuration(generation = 1, maxDeduplicationDuration = 168h, timeModel = LedgerTimeModel(avgTransactionLatency = 0s, minSkew = 8760h, maxSkew = 8760h)),
  ...
)
2026-01-13 16:16:08,941 [canton-env-ec-29] INFO  c.d.c.p.i.IndexServiceOwner:participant=sandbox - Found existing participant with ID: sandbox::122032f00bd0e84a5b6785044dd20871e2bef28d29102a5255f1f8536f1466e0c378`
2026-01-13 16:16:09,003 [canton-env-ec-22] INFO  c.d.c.t.p.DomainTopologyTransactionMessageValidator$Impl:domain=local/client=topology-manager tid:f12048290dd4d00c686506128d41a054 - Using approximate topology snapshot at 0001-01-01T00:00:00.000001Z for desired timestamp 2026-01-13T10:46:08.860536Z
2026-01-13 16:16:09,018 [canton-env-ec-23] INFO  c.d.c.t.p.TopologyTransactionProcessor:domain=local/client=topology-manager tid:f12048290dd4d00c686506128d41a054 - Updated topology change delay from=0s to 0.25s
2026-01-13 16:16:09,023 [canton-env-ec-30] INFO  c.d.c.t.p.TopologyTransactionProcessor:domain=local/client=topology-manager tid:f12048290dd4d00c686506128d41a054 - Storing topology transaction 1/6 Add NamespaceDelegation(122065f8d3ee..., SigningPublicKey(id = 122065f8d3ee..., format = Tink, scheme = Ed25519), true) with ts=EffectiveTime(2026-01-13T10:46:08.860536Z) (epsilon=0 ms)
2026-01-13 16:16:09,029 [canton-env-ec-30] INFO  c.d.c.t.p.TopologyTransactionProcessor:domain=local/client=topology-manager tid:f12048290dd4d00c686506128d41a054 - Storing topology transaction 2/6 Replace DomainParametersChange(
  local::122065f8d3ee...,
  DynamicDomainParameters(
    participant response timeout = 30s,
    mediator reaction timeout = 30s,
    transfer exclusivity timeout = 1m,
    topology change delay = 0.25s,
    ledger time record time tolerance = 1m,
    mediator deduplication timeout = 2m,
    reconciliation interval = 1m,
    max rate per participant = 1000000,
    max request size = 10485760,
    catchup config = CatchUpConfig(catchUpIntervalSkip = 5, nrIntervalsToTriggerCatchUp = 2)
  )
) with ts=EffectiveTime(2026-01-13T10:46:08.860536Z) (epsilon=0 ms)
2026-01-13 16:16:09,032 [canton-env-ec-30] INFO  c.d.c.t.p.TopologyTransactionProcessor:domain=local/client=topology-manager tid:f12048290dd4d00c686506128d41a054 - Storing topology transaction 3/6 Add OwnerToKeyMapping(DOM::local::122065f8d3ee..., SigningPublicKey(id = 12208902d186..., format = Tink, scheme = Ed25519)) with ts=EffectiveTime(2026-01-13T10:46:08.860536Z) (epsilon=0 ms)
2026-01-13 16:16:09,032 [canton-env-ec-30] INFO  c.d.c.t.p.TopologyTransactionProcessor:domain=local/client=topology-manager tid:f12048290dd4d00c686506128d41a054 - Storing topology transaction 4/6 Add OwnerToKeyMapping(MED::local::122065f8d3ee..., SigningPublicKey(id = 1220edfc89f9..., format = Tink, scheme = Ed25519)) with ts=EffectiveTime(2026-01-13T10:46:08.860536Z) (epsilon=0 ms)
2026-01-13 16:16:09,032 [canton-env-ec-30] INFO  c.d.c.t.p.TopologyTransactionProcessor:domain=local/client=topology-manager tid:f12048290dd4d00c686506128d41a054 - Storing topology transaction 5/6 Add MediatorDomainState(Both, local::122065f8d3ee..., MED::local::122065f8d3ee...) with ts=EffectiveTime(2026-01-13T10:46:08.860536Z) (epsilon=0 ms)
2026-01-13 16:16:09,033 [canton-env-ec-30] INFO  c.d.c.t.p.TopologyTransactionProcessor:domain=local/client=topology-manager tid:f12048290dd4d00c686506128d41a054 - Storing topology transaction 6/6 Add OwnerToKeyMapping(SEQ::local::122065f8d3ee..., SigningPublicKey(id = 12209505dce5..., format = Tink, scheme = Ed25519)) with ts=EffectiveTime(2026-01-13T10:46:08.860536Z) (epsilon=0 ms)
2026-01-13 16:16:09,037 [canton-env-ec-28] INFO  c.d.c.p.a.r.MemoryCheck$:participant=sandbox - Using 'tenured' memory pool G1 Old Gen.  Setting its collection pool threshold to 2147483648
2026-01-13 16:16:09,061 [canton-env-ec-29] INFO  c.d.c.p.a.ApiServices$Owner:participant=sandbox - Daml-LF Engine supports LF versions: 1.14, 1.15, 1.17, 1.dev
2026-01-13 16:16:09,062 [canton-env-ec-23] INFO  c.d.c.h.MutableHealthComponent:domain=local - 'domain-topology-sender' is now in state Ok(). Previous state was Not Initialized.
2026-01-13 16:16:09,072 [canton-env-ec-20] INFO  c.d.c.p.a.c.LedgerConfigurationSubscriptionFromIndex:participant=sandbox - Initial ledger configuration lookup found configuration Configuration(1,LedgerTimeModel(PT0S,PT8760H,PT8760H),PT168H) at Absolute(000000000000000001). Looking for new ledger configurations from this offset.
2026-01-13 16:16:09,164 [canton-env-ec-65] INFO  c.d.c.s.c.SequencerClientImpl:domain=local/client=mediator - No event found up to 0001-01-01T00:00:00Z. Resubscribing from the beginning.
2026-01-13 16:16:09,167 [canton-env-ec-65] INFO  c.d.c.s.c.SequencerClientImpl:domain=local/client=mediator - Processing events from the SequencedEventStore from 0001-01-01T00:00:00.000001Z on
2026-01-13 16:16:09,195 [canton-env-ec-23] INFO  c.d.c.s.c.SequencerClientImpl:domain=local/client=mediator - Starting subscription for alias=SEQ::local::122065f8d3ee... at timestamp None; next counter 0
2026-01-13 16:16:09,197 [canton-env-ec-23] INFO  c.d.c.h.DelegatingMutableHealthComponent:domain=local/client=mediator - 'sequencer-client' is now in state Ok(). Previous state was Not Initialized.
2026-01-13 16:16:09,224 [canton-env-ec-65] INFO  c.d.c.d.s.a.MemberAuthenticationServiceOld:domain=local - MED::local::122065f8d3ee... authenticated new token with expiry 2026-01-13T11:46:09.224341Z
2026-01-13 16:16:09,235 [canton-env-ec-20] INFO  c.d.c.d.s.s.GrpcSequencerService:domain=local - MED::local::122065f8d3ee... subscribes from counter=0
2026-01-13 16:16:09,248 [canton-env-ec-21] INFO  c.d.c.s.c.SequencedEventValidatorImpl:domain=local/client=mediator tid:f12048290dd4d00c686506128d41a054 - Skipping signature verification of the first sequenced event due to a fresh subscription from SEQ::local::122065f8d3ee...
2026-01-13 16:16:09,252 [canton-env-ec-21] INFO  c.d.c.d.m.Mediator:domain=local/node=mediator tid:f12048290dd4d00c686506128d41a054 - Caught up with batch with counter=0 with sequencer with 392 ms delay
2026-01-13 16:16:09,253 [canton-env-ec-21] INFO  c.d.c.t.p.DomainTopologyTransactionMessageValidator$Impl:domain=local/node=mediator/client=mediator tid:f12048290dd4d00c686506128d41a054 - Using approximate topology snapshot at 0001-01-01T00:00:00.000001Z for desired timestamp 2026-01-13T10:46:08.860536Z
2026-01-13 16:16:09,258 [canton-env-ec-65] INFO  c.d.c.t.p.TopologyTransactionProcessor:domain=local/node=mediator/client=mediator tid:f12048290dd4d00c686506128d41a054 - Updated topology change delay from=0s to 0.25s
2026-01-13 16:16:09,259 [canton-env-ec-22] INFO  c.d.c.t.p.TopologyTransactionProcessor:domain=local/node=mediator/client=mediator tid:f12048290dd4d00c686506128d41a054 - Storing topology transaction 1/6 Add NamespaceDelegation(122065f8d3ee..., SigningPublicKey(id = 122065f8d3ee..., format = Tink, scheme = Ed25519), true) with ts=EffectiveTime(2026-01-13T10:46:08.860536Z) (epsilon=0 ms)
2026-01-13 16:16:09,259 [canton-env-ec-22] INFO  c.d.c.t.p.TopologyTransactionProcessor:domain=local/node=mediator/client=mediator tid:f12048290dd4d00c686506128d41a054 - Storing topology transaction 2/6 Replace DomainParametersChange(
  local::122065f8d3ee...,
  DynamicDomainParameters(
    participant response timeout = 30s,
    mediator reaction timeout = 30s,
    transfer exclusivity timeout = 1m,
    topology change delay = 0.25s,
    ledger time record time tolerance = 1m,
    mediator deduplication timeout = 2m,
    reconciliation interval = 1m,
    max rate per participant = 1000000,
    max request size = 10485760,
    catchup config = CatchUpConfig(catchUpIntervalSkip = 5, nrIntervalsToTriggerCatchUp = 2)
  )
) with ts=EffectiveTime(2026-01-13T10:46:08.860536Z) (epsilon=0 ms)
2026-01-13 16:16:09,260 [canton-env-ec-22] INFO  c.d.c.t.p.TopologyTransactionProcessor:domain=local/node=mediator/client=mediator tid:f12048290dd4d00c686506128d41a054 - Storing topology transaction 3/6 Add OwnerToKeyMapping(DOM::local::122065f8d3ee..., SigningPublicKey(id = 12208902d186..., format = Tink, scheme = Ed25519)) with ts=EffectiveTime(2026-01-13T10:46:08.860536Z) (epsilon=0 ms)
2026-01-13 16:16:09,260 [canton-env-ec-22] INFO  c.d.c.t.p.TopologyTransactionProcessor:domain=local/node=mediator/client=mediator tid:f12048290dd4d00c686506128d41a054 - Storing topology transaction 4/6 Add OwnerToKeyMapping(MED::local::122065f8d3ee..., SigningPublicKey(id = 1220edfc89f9..., format = Tink, scheme = Ed25519)) with ts=EffectiveTime(2026-01-13T10:46:08.860536Z) (epsilon=0 ms)
2026-01-13 16:16:09,260 [canton-env-ec-22] INFO  c.d.c.t.p.TopologyTransactionProcessor:domain=local/node=mediator/client=mediator tid:f12048290dd4d00c686506128d41a054 - Storing topology transaction 5/6 Add MediatorDomainState(Both, local::122065f8d3ee..., MED::local::122065f8d3ee...) with ts=EffectiveTime(2026-01-13T10:46:08.860536Z) (epsilon=0 ms)
2026-01-13 16:16:09,260 [canton-env-ec-22] INFO  c.d.c.t.p.TopologyTransactionProcessor:domain=local/node=mediator/client=mediator tid:f12048290dd4d00c686506128d41a054 - Storing topology transaction 6/6 Add OwnerToKeyMapping(SEQ::local::122065f8d3ee..., SigningPublicKey(id = 12209505dce5..., format = Tink, scheme = Ed25519)) with ts=EffectiveTime(2026-01-13T10:46:08.860536Z) (epsilon=0 ms)
2026-01-13 16:16:09,328 [canton-env-ec-20] INFO  c.d.c.p.a.LedgerApiService:participant=sandbox - Listening on 127.0.0.1:6865 over plain text with LedgerApiKeepAliveServerConfig(10m,20s,10s,true).
2026-01-13 16:16:09,328 [canton-env-ec-30] INFO  c.d.c.p.a.ApiServiceOwner$:participant=sandbox - Initialized API server version {component version not found on classpath} with ledger-id = sandbox, port = 6865.
2026-01-13 16:16:09,352 [canton-env-ec-20] INFO  c.d.c.p.a.s.ApiLedgerIdentityService:participant=sandbox tid:b3f8e3cd5813032d362171e5c08e50a1 - Received request for ledger identity: GetLedgerIdentityRequest().
2026-01-13 16:16:10,128 [canton-env-ec-65] INFO  c.d.c.p.a.s.ApiPackageService:participant=sandbox tid:fcc3910b924b54bbef5dd126c5648c9f - Received request for a package status: GetPackageStatusRequest(sandbox,c058a0c9602a9c8d85066c27bf4d81c3d7da69c07a87270b1fcedfd284cea7ff), packageId -> 'c058a0c9602a9c8d85066c27bf4d81c3d7da69c07a87270b1fcedfd284cea7ff'.
2026-01-13 16:16:10,128 [canton-env-ec-23] INFO  c.d.c.p.a.s.ApiPackageService:participant=sandbox tid:e48ddc9734e4dd7874dafe7560faaf13 - Received request for a package status: GetPackageStatusRequest(sandbox,cc348d369011362a5190fe96dd1f0dfbc697fdfd10e382b9e9666f0da05961b7), packageId -> 'cc348d369011362a5190fe96dd1f0dfbc697fdfd10e382b9e9666f0da05961b7'.
2026-01-13 16:16:10,129 [canton-env-ec-30] INFO  c.d.c.p.a.s.ApiPackageService:participant=sandbox tid:857dcfee48e991a04773d0b7093aa871 - Received request for a package status: GetPackageStatusRequest(sandbox,d58cf9939847921b2aab78eaa7b427dc4c649d25e6bee3c749ace4c3f52f5c97), packageId -> 'd58cf9939847921b2aab78eaa7b427dc4c649d25e6bee3c749ace4c3f52f5c97'.
2026-01-13 16:16:10,129 [canton-env-ec-28] INFO  c.d.c.p.a.s.ApiPackageService:participant=sandbox tid:c62a8c555ced31fc8994267c3c727442 - Received request for a package status: GetPackageStatusRequest(sandbox,3f4deaf145a15cdcfa762c058005e2edb9baa75bb7f95a4f8f6f937378e86415), packageId -> '3f4deaf145a15cdcfa762c058005e2edb9baa75bb7f95a4f8f6f937378e86415'.
2026-01-13 16:16:10,129 [canton-env-ec-20] INFO  c.d.c.p.a.s.ApiPackageService:participant=sandbox tid:e2c6a9c56a09fa53538995416b1955a4 - Received request for a package status: GetPackageStatusRequest(sandbox,5921708ce82f4255deb1b26d2c05358b548720938a5a325718dc69f381ba47ff), packageId -> '5921708ce82f4255deb1b26d2c05358b548720938a5a325718dc69f381ba47ff'.
2026-01-13 16:16:10,129 [canton-env-ec-69] INFO  c.d.c.p.a.s.ApiPackageService:participant=sandbox tid:dc42738f31f73fbe9ea1b3b8ee91817b - Received request for a package status: GetPackageStatusRequest(sandbox,8a7806365bbd98d88b4c13832ebfa305f6abaeaf32cfa2b7dd25c4fa489b79fb), packageId -> '8a7806365bbd98d88b4c13832ebfa305f6abaeaf32cfa2b7dd25c4fa489b79fb'.
2026-01-13 16:16:10,129 [canton-env-ec-77] INFO  c.d.c.p.a.s.ApiPackageService:participant=sandbox tid:db46ee5683539e3aef98d536d621ab19 - Received request for a package status: GetPackageStatusRequest(sandbox,e4cc67c3264eba4a19c080cac5ab32d87551578e0f5f58b6a9460f91c7abc254), packageId -> 'e4cc67c3264eba4a19c080cac5ab32d87551578e0f5f58b6a9460f91c7abc254'.
2026-01-13 16:16:10,130 [canton-env-ec-72] INFO  c.d.c.p.a.s.ApiPackageService:participant=sandbox tid:498fb25aa93d899099929076434fbed6 - Received request for a package status: GetPackageStatusRequest(sandbox,bfcd37bd6b84768e86e432f5f6c33e25d9e7724a9d42e33875ff74f6348e733f), packageId -> 'bfcd37bd6b84768e86e432f5f6c33e25d9e7724a9d42e33875ff74f6348e733f'.
2026-01-13 16:16:10,130 [canton-env-ec-65] INFO  c.d.c.p.a.s.ApiPackageService:participant=sandbox tid:fb0c31fdc50f59908c4fbb8ecf744c5d - Received request for a package status: GetPackageStatusRequest(sandbox,518032f41fd0175461b35ae0c9691e08b4aea55e62915f8360af2cc7a1f2ba6c), packageId -> '518032f41fd0175461b35ae0c9691e08b4aea55e62915f8360af2cc7a1f2ba6c'.
2026-01-13 16:16:10,130 [canton-env-ec-73] INFO  c.d.c.p.a.s.ApiPackageService:participant=sandbox tid:a36343a1bcfb456b04978632c2d2ffc9 - Received request for a package status: GetPackageStatusRequest(sandbox,57b5c520512c24035057aa4c783cb7ac7f3f49db29806280962e188be7aadb66), packageId -> '57b5c520512c24035057aa4c783cb7ac7f3f49db29806280962e188be7aadb66'.
2026-01-13 16:16:10,131 [canton-env-ec-71] INFO  c.d.c.p.a.s.ApiPackageService:participant=sandbox tid:593d689d94c307e6990b2cebed725d58 - Received request for a package status: GetPackageStatusRequest(sandbox,c1f1f00558799eec139fb4f4c76f95fb52fa1837a5dd29600baa1c8ed1bdccfd), packageId -> 'c1f1f00558799eec139fb4f4c76f95fb52fa1837a5dd29600baa1c8ed1bdccfd'.
2026-01-13 16:16:10,131 [canton-env-ec-74] INFO  c.d.c.p.a.s.ApiPackageService:participant=sandbox tid:0f007d54fe5b23a543c9c20efdb4c971 - Received request for a package status: GetPackageStatusRequest(sandbox,733e38d36a2759688a4b2c4cec69d48e7b55ecc8dedc8067b815926c917a182a), packageId -> '733e38d36a2759688a4b2c4cec69d48e7b55ecc8dedc8067b815926c917a182a'.
2026-01-13 16:16:10,131 [canton-env-ec-29] INFO  c.d.c.p.a.s.ApiPackageService:participant=sandbox tid:82b087f66211c194265dcbab7ee43d17 - Received request for a package status: GetPackageStatusRequest(sandbox,65921e553a353588e950cbc87e98a127730e63295f7ad8d3adae952ef0133b3e), packageId -> '65921e553a353588e950cbc87e98a127730e63295f7ad8d3adae952ef0133b3e'.
2026-01-13 16:16:10,128 [canton-env-ec-21] INFO  c.d.c.p.a.s.ApiPackageService:participant=sandbox tid:c3d4899edfa44430277c86150dc7da11 - Received request for a package status: GetPackageStatusRequest(sandbox,99a2705ed38c1c26cbb8fe7acf36bbf626668e167a33335de932599219e0a235), packageId -> '99a2705ed38c1c26cbb8fe7acf36bbf626668e167a33335de932599219e0a235'.
2026-01-13 16:16:10,128 [canton-env-ec-68] INFO  c.d.c.p.a.s.ApiPackageService:participant=sandbox tid:b7d639b7c2c0adea5e0110f8e32d55db - Received request for a package status: GetPackageStatusRequest(sandbox,6c2c0667393c5f92f1885163068cd31800d2264eb088eb6fc740e11241b2bf06), packageId -> '6c2c0667393c5f92f1885163068cd31800d2264eb088eb6fc740e11241b2bf06'.
2026-01-13 16:16:10,130 [canton-env-ec-20] INFO  c.d.c.p.a.s.ApiPackageService:participant=sandbox tid:f4837b7d7468ed4ff3b730cdc2b10c2c - Received request for a package status: GetPackageStatusRequest(sandbox,6851f194e144b693e63e9034b956c76cef6b5088dd8c66a657ab652a204dba2b), packageId -> '6851f194e144b693e63e9034b956c76cef6b5088dd8c66a657ab652a204dba2b'.
2026-01-13 16:16:10,133 [canton-env-ec-77] INFO  c.d.c.p.a.s.ApiPackageService:participant=sandbox tid:3a3112bcfbbd09ddecd6eec97b9cec0c - Received request for a package status: GetPackageStatusRequest(sandbox,8abf89c9b4a8d85b16ec66b58c6dc2eb41fb1eba02c36d67e21ca5a4dfa01552), packageId -> '8abf89c9b4a8d85b16ec66b58c6dc2eb41fb1eba02c36d67e21ca5a4dfa01552'.
2026-01-13 16:16:10,133 [canton-env-ec-69] INFO  c.d.c.p.a.s.ApiPackageService:participant=sandbox tid:bd157487ca9614b7e08dc3d09a3fb752 - Received request for a package status: GetPackageStatusRequest(sandbox,cb0552debf219cc909f51cbb5c3b41e9981d39f8f645b1f35e2ef5be2e0b858a), packageId -> 'cb0552debf219cc909f51cbb5c3b41e9981d39f8f645b1f35e2ef5be2e0b858a'.
2026-01-13 16:16:10,134 [canton-env-ec-70] INFO  c.d.c.p.a.s.ApiPackageService:participant=sandbox tid:cf8179ec6b21bd62576014a26034e896 - Received request for a package status: GetPackageStatusRequest(sandbox,f20de1e4e37b92280264c08bf15eca0be0bc5babd7a7b5e574997f154c00cb78), packageId -> 'f20de1e4e37b92280264c08bf15eca0be0bc5babd7a7b5e574997f154c00cb78'.
2026-01-13 16:16:10,133 [canton-env-ec-22] INFO  c.d.c.p.a.s.ApiPackageService:participant=sandbox tid:4eb75bd9dfb93764a1b5c26bc012c841 - Received request for a package status: GetPackageStatusRequest(sandbox,86828b9843465f419db1ef8a8ee741d1eef645df02375ebf509cdc8c3ddd16cb), packageId -> '86828b9843465f419db1ef8a8ee741d1eef645df02375ebf509cdc8c3ddd16cb'.
2026-01-13 16:16:10,133 [canton-env-ec-23] INFO  c.d.c.p.a.s.ApiPackageService:participant=sandbox tid:0ce2100a6cc330b77d011bed754abc04 - Received request for a package status: GetPackageStatusRequest(sandbox,6839a6d3d430c569b2425e9391717b44ca324b88ba621d597778811b2d05031d), packageId -> '6839a6d3d430c569b2425e9391717b44ca324b88ba621d597778811b2d05031d'.
2026-01-13 16:16:10,135 [canton-env-ec-69] INFO  c.d.c.p.a.s.ApiPackageService:participant=sandbox tid:bfc9959f086cf672fb601dbe89cb8d3f - Received request for a package status: GetPackageStatusRequest(sandbox,10e0333b52bba1ff147fc408a6b7d68465b157635ee230493bd6029b750dcb05), packageId -> '10e0333b52bba1ff147fc408a6b7d68465b157635ee230493bd6029b750dcb05'.
2026-01-13 16:16:10,135 [canton-env-ec-21] INFO  c.d.c.p.a.s.ApiPackageService:participant=sandbox tid:579ed48f3145b9045e7f8d3e2e4bcb1e - Received request for a package status: GetPackageStatusRequest(sandbox,38e6274601b21d7202bb995bc5ec147decda5a01b68d57dda422425038772af7), packageId -> '38e6274601b21d7202bb995bc5ec147decda5a01b68d57dda422425038772af7'.
2026-01-13 16:16:10,135 [canton-env-ec-28] INFO  c.d.c.p.a.s.ApiPackageService:participant=sandbox tid:cc5e159ce1d6e6379d9dbeef390b95a7 - Received request for a package status: GetPackageStatusRequest(sandbox,057eed1fd48c238491b8ea06b9b5bf85a5d4c9275dd3f6183e0e6b01730cc2ba), packageId -> '057eed1fd48c238491b8ea06b9b5bf85a5d4c9275dd3f6183e0e6b01730cc2ba'.
2026-01-13 16:16:10,137 [canton-env-ec-77] INFO  c.d.c.p.a.s.ApiPackageService:participant=sandbox tid:4a6aa33e90774f422a644aed874fe976 - Received request for a package status: GetPackageStatusRequest(sandbox,d14e08374fc7197d6a0de468c968ae8ba3aadbf9315476fd39071831f5923662), packageId -> 'd14e08374fc7197d6a0de468c968ae8ba3aadbf9315476fd39071831f5923662'.
2026-01-13 16:16:10,135 [canton-env-ec-65] INFO  c.d.c.p.a.s.ApiPackageService:participant=sandbox tid:501e374bb5914f3400a649874eda74be - Received request for a package status: GetPackageStatusRequest(sandbox,852d8e3a8ccf952acc73e17522846bc1eb41498e840d637e519ddcca7dbc7671), packageId -> '852d8e3a8ccf952acc73e17522846bc1eb41498e840d637e519ddcca7dbc7671'.
2026-01-13 16:16:10,138 [canton-env-ec-30] INFO  c.d.c.p.a.s.ApiPackageService:participant=sandbox tid:1f63fd2d3593d3985054b2333706d9e3 - Received request for a package status: GetPackageStatusRequest(sandbox,20a8d69c867d7184fd98b7c87f2428aa2c02f6a8a0edc756aac59592a0b6dc3b), packageId -> '20a8d69c867d7184fd98b7c87f2428aa2c02f6a8a0edc756aac59592a0b6dc3b'.
2026-01-13 16:16:10,138 [canton-env-ec-23] INFO  c.d.c.p.a.s.ApiPackageService:participant=sandbox tid:da5124da5fcc5844efa22ee3143ec8da - Received request for a package status: GetPackageStatusRequest(sandbox,76bf0fd12bd945762a01f8fc5bbcdfa4d0ff20f8762af490f8f41d6237c6524f), packageId -> '76bf0fd12bd945762a01f8fc5bbcdfa4d0ff20f8762af490f8f41d6237c6524f'.
2026-01-13 16:16:10,138 [canton-env-ec-79] INFO  c.d.c.p.a.s.ApiPackageService:participant=sandbox tid:27ca99f664c2fe1cddec0935c7adad15 - Received request for a package status: GetPackageStatusRequest(sandbox,e22bce619ae24ca3b8e6519281cb5a33b64b3190cc763248b4c3f9ad5087a92c), packageId -> 'e22bce619ae24ca3b8e6519281cb5a33b64b3190cc763248b4c3f9ad5087a92c'.
2026-01-13 16:16:10,137 [canton-env-ec-71] INFO  c.d.c.p.a.s.ApiPackageService:participant=sandbox tid:15707913be2b959eb4d261064a7da552 - Received request for a package status: GetPackageStatusRequest(sandbox,40f452260bef3f29dede136108fc08a88d5a5250310281067087da6f0baddff7), packageId -> '40f452260bef3f29dede136108fc08a88d5a5250310281067087da6f0baddff7'.
2026-01-13 16:16:10,136 [canton-env-ec-69] INFO  c.d.c.p.a.s.ApiPackageService:participant=sandbox tid:eac9599dcbe43016f2829c9367a52f79 - Received request for a package status: GetPackageStatusRequest(sandbox,e491352788e56ca4603acc411ffe1a49fefd76ed8b163af86cf5ee5f4c38645b), packageId -> 'e491352788e56ca4603acc411ffe1a49fefd76ed8b163af86cf5ee5f4c38645b'.
2026-01-13 16:16:10,139 [canton-env-ec-70] INFO  c.d.c.p.a.s.ApiPackageService:participant=sandbox tid:dd54a9f4cb3a21ca53de4e1559bf0d67 - Received request for a package status: GetPackageStatusRequest(sandbox,97b883cd8a2b7f49f90d5d39c981cf6e110cf1f1c64427a28a6d58ec88c43657), packageId -> '97b883cd8a2b7f49f90d5d39c981cf6e110cf1f1c64427a28a6d58ec88c43657'.
2026-01-13 16:16:11,284 [input-mapping-pool-1] INFO  c.d.c.p.i.p.ParallelIndexerSubscription:participant=sandbox tid:f008f8adf9a9df4e81778f09efe144ac - Storing at offset=000000000000000002 PublicPackageUpload(
  recordTime = 2026-01-13T10:46:11.278471Z,
  archives = Seq(
    c058a0c9602a...,
    65921e553a35...,
    6851f194e144...,
    57b5c520512c...,
    cb0552debf21...,
    3f4deaf145a1...,
    86828b984346...,
    f20de1e4e37b...,
    76bf0fd12bd9...,
    38e6274601b2...,
    d58cf9939847...,
    40f452260bef...,
    e491352788e5...,
    6839a6d3d430...,
    518032f41fd0...,
    20a8d69c867d...,
    8abf89c9b4a8...,
    852d8e3a8ccf...,
    10e0333b52bb...,
    bfcd37bd6b84...,
    cc348d369011...,
    057eed1fd48c...,
    d14e08374fc7...,
    c1f1f0055879...,
    6c2c0667393c...,
    e22bce619ae2...,
    e4cc67c3264e...,
    8a7806365bbd...,
    97b883cd8a2b...,
    5921708ce82f...,
    733e38d36a27...,
    99a2705ed38c...
  ),
  sourceDescription = 'AdminWorkflowsWithVacuuming'
)
2026-01-13 16:16:11,728 [canton-env-ec-65] INFO  c.d.c.p.t.ParticipantTopologyManager:participant=sandbox tid:f008f8adf9a9df4e81778f09efe144ac - Applied topology transaction Add VettedPackages(
  participant = sandbox::122032f00bd0...,
  packages = Seq(
    c058a0c9602a...,
    65921e553a35...,
    6851f194e144...,
    57b5c520512c...,
    cb0552debf21...,
    3f4deaf145a1...,
    86828b984346...,
    f20de1e4e37b...,
    76bf0fd12bd9...,
    38e6274601b2...,
    d58cf9939847...,
    40f452260bef...,
    e491352788e5...,
    6839a6d3d430...,
    518032f41fd0...,
    20a8d69c867d...,
    8abf89c9b4a8...,
    852d8e3a8ccf...,
    10e0333b52bb...,
    bfcd37bd6b84...,
    cc348d369011...,
    057eed1fd48c...,
    d14e08374fc7...,
    c1f1f0055879...,
    6c2c0667393c...,
    e22bce619ae2...,
    e4cc67c3264e...,
    8a7806365bbd...,
    97b883cd8a2b...,
    5921708ce82f...,
    733e38d36a27...,
    99a2705ed38c...
  )
) at 2026-01-13T10:46:11.728176Z
2026-01-13 16:16:11,743 [canton-env-ec-69] INFO  c.d.c.p.a.s.ApiLedgerIdentityService:participant=sandbox tid:24ad742100fc7688cd89097fa1a80e26 - Received request for ledger identity: GetLedgerIdentityRequest().
2026-01-13 16:16:11,750 [canton-env-ec-30] INFO  c.d.c.p.a.s.ApiPackageService:participant=sandbox tid:3355dde41fc7566a76a1138e603666a0 - Received request for a package status: GetPackageStatusRequest(sandbox,65921e553a353588e950cbc87e98a127730e63295f7ad8d3adae952ef0133b3e), packageId -> '65921e553a353588e950cbc87e98a127730e63295f7ad8d3adae952ef0133b3e'.
2026-01-13 16:16:11,791 [canton-env-ec-29] INFO  c.d.c.p.a.s.t.TransactionServiceImpl:participant=sandbox tid:c8d1cd8261666f8381951f48138ae66d - Received request for transactions, startExclusive -> '000000000000000002', endInclusive -> , filters -> {sandbox::122032f00bd0e84a5b6785044dd20871e2bef28d29102a5255f1f8536f1466e0c378: 'all-templates'}, verbose -> false, ledgerId -> 'sandbox'.
2026-01-13 16:16:11,841 [canton-env-ec-70] INFO  c.d.c.p.t.ParticipantTopologyManager:participant=sandbox tid:e3377edc2b1e018f2c41770d816d7a38 - Applied topology transaction Add OwnerToKeyMapping(PAR::sandbox::122032f00bd0..., SigningPublicKey(id = 1220f7c8f01c..., format = Tink, scheme = Ed25519)) at 2026-01-13T10:46:11.841481Z
2026-01-13 16:16:11,844 [canton-env-ec-29] INFO  c.d.c.p.t.ParticipantTopologyManager:participant=sandbox tid:e3377edc2b1e018f2c41770d816d7a38 - Applied topology transaction Add OwnerToKeyMapping(PAR::sandbox::122032f00bd0..., EncryptionPublicKey(id = 1220237f50a9..., format = Tink, scheme = ECIES-P256_HMAC256_AES128-GCM)) at 2026-01-13T10:46:11.844127Z
2026-01-13 16:16:11,844 [canton-env-ec-23] INFO  c.d.c.p.ParticipantNodeBootstrap:participant=sandbox - Initializing node with id NodeId(sandbox::122032f00bd0...)
2026-01-13 16:16:11,846 [canton-env-ec-27] INFO  c.d.c.p.s.CantonSyncService:participant=sandbox tid:585b5b6b618dd365d83a5c072cee2dc2 - Reconnecting to domains List(). Already connected: Set()
2026-01-13 16:16:11,847 [canton-env-ec-27] INFO  c.d.c.p.s.CantonSyncService:participant=sandbox tid:585b5b6b618dd365d83a5c072cee2dc2 - Successfully re-connected to domains List()
2026-01-13 16:16:11,848 [main] INFO  c.d.c.e.CommunityEnvironment - Auto-connecting local participants List(sandbox) to local domains List(local)
2026-01-13 16:16:11,874 [canton-env-ec-27] INFO  c.d.c.c.d.g.SequencerInfoLoader:participant=sandbox - Version handshake with sequencer Sequencer 'DefaultSequencer' and domain using protocol version 7 succeeded.
2026-01-13 16:16:11,916 [canton-env-ec-70] INFO  c.d.c.p.t.ParticipantTopologyManager:participant=sandbox - Applied topology transaction Add ParticipantState(To, local::122065f8d3ee..., PAR::sandbox::122032f00bd0..., Submission, Ordinary) at 2026-01-13T10:46:11.916318Z
2026-01-13 16:16:11,937 [canton-env-ec-70] INFO  c.d.c.s.c.SequencerClientImpl:participant=sandbox/domainId=local::122065f8d3ee - No event found up to 0001-01-01T00:00:00Z. Resubscribing from the beginning.
2026-01-13 16:16:11,937 [canton-env-ec-70] INFO  c.d.c.s.c.SequencerClientImpl:participant=sandbox/domainId=local::122065f8d3ee - Processing events from the SequencedEventStore from 0001-01-01T00:00:00.000001Z on
2026-01-13 16:16:11,937 [canton-env-ec-70] INFO  c.d.c.s.c.SequencerClientImpl:participant=sandbox/domainId=local::122065f8d3ee - Starting subscription for alias=SEQ::local::122065f8d3ee... at timestamp None; next counter 0
2026-01-13 16:16:11,937 [canton-env-ec-70] INFO  c.d.c.h.DelegatingMutableHealthComponent:participant=sandbox/domainId=local::122065f8d3ee - 'sequencer-client' is now in state Ok(). Previous state was Not Initialized.
2026-01-13 16:16:11,939 [canton-env-ec-79] INFO  c.d.c.d.s.s.GrpcSequencerService:domain=local - UNM::08a808313f475bd7ed046d704c430ddef293a618::122032f00bd0... subscribes from counter=0
2026-01-13 16:16:11,955 [canton-env-ec-29] INFO  c.d.c.d.s.s.GrpcSequencerService:domain=local tid:3b10352cbb236367a096da81a8069bfd - 'UNM::08a808313f475bd7ed046d704c430ddef293a618::122032f00bd0...' sends request with id '58120931-5531-4175-a053-5319fe5e74dd' of size 1429 bytes with 1 envelopes.
2026-01-13 16:16:11,958 [canton-env-ec-29] INFO  c.d.c.d.s.s.SequencerReader$EventsReader:domain=local/subscriber=UNM::08a808313f475bd7ed046d704c430ddef293a618::122032f00bd0 tid:3b10352cbb236367a096da81a8069bfd - Using approximate topology snapshot at 2026-01-13T10:46:08.860537Z for desired timestamp 2026-01-13T10:46:11.956884Z
2026-01-13 16:16:11,983 [canton-env-ec-70] INFO  c.d.c.d.t.DomainTopologyManager:domain=local tid:3b10352cbb236367a096da81a8069bfd - Applied topology transaction Add NamespaceDelegation(122032f00bd0..., SigningPublicKey(id = 122032f00bd0..., format = Tink, scheme = Ed25519), true) at 2026-01-13T10:46:11.983191Z
2026-01-13 16:16:11,985 [canton-env-ec-79] INFO  c.d.c.d.t.DomainTopologyManager:domain=local tid:3b10352cbb236367a096da81a8069bfd - Applied topology transaction Add OwnerToKeyMapping(PAR::sandbox::122032f00bd0..., SigningPublicKey(id = 1220f7c8f01c..., format = Tink, scheme = Ed25519)) at 2026-01-13T10:46:11.985657Z
2026-01-13 16:16:11,987 [canton-env-ec-30] INFO  c.d.c.d.t.DomainTopologyManager:domain=local tid:3b10352cbb236367a096da81a8069bfd - Applied topology transaction Add OwnerToKeyMapping(PAR::sandbox::122032f00bd0..., EncryptionPublicKey(id = 1220237f50a9..., format = Tink, scheme = ECIES-P256_HMAC256_AES128-GCM)) at 2026-01-13T10:46:11.987487Z
2026-01-13 16:16:11,990 [canton-env-ec-70] INFO  c.d.c.d.t.DomainTopologyManager:domain=local tid:3b10352cbb236367a096da81a8069bfd - Setting participant PAR::sandbox::122032f00bd0... state to ParticipantAttributes(Submission,Ordinary)
2026-01-13 16:16:11,991 [canton-env-ec-70] INFO  c.d.c.d.t.DomainTopologyManager:domain=local tid:3b10352cbb236367a096da81a8069bfd - Applied topology transaction Add ParticipantState(From, local::122065f8d3ee..., PAR::sandbox::122032f00bd0..., Submission, Ordinary) at 2026-01-13T10:46:11.990733Z
2026-01-13 16:16:11,992 [canton-env-ec-20] INFO  c.d.c.d.t.DomainTopologyManager:domain=local tid:3b10352cbb236367a096da81a8069bfd - Applied topology transaction Add ParticipantState(To, local::122065f8d3ee..., PAR::sandbox::122032f00bd0..., Submission, Ordinary) at 2026-01-13T10:46:11.992059Z
2026-01-13 16:16:11,992 [canton-env-ec-70] INFO  c.d.c.d.t.RequestProcessingStrategy$Impl:domain=local tid:3b10352cbb236367a096da81a8069bfd - Successfully onboarded PAR::sandbox::122032f00bd0...
2026-01-13 16:16:11,992 [canton-env-ec-27] INFO  c.d.c.d.s.s.GrpcSequencerService:domain=local tid:3b10352cbb236367a096da81a8069bfd - 'DOM::local::122065f8d3ee...' sends request with id '740705ac-ba06-4a68-a130-19df0fac2372' of size 920 bytes with 1 envelopes.
2026-01-13 16:16:11,995 [canton-env-ec-70] INFO  c.d.c.d.t.DomainTopologyManagerRequestService:domain=local tid:3b10352cbb236367a096da81a8069bfd - Register topology request by UNM::08a808313f475bd7ed046d704c430ddef293a618::122032f00bd0... for PAR::sandbox::122032f00bd0... yielded
  Accepted -> Add NamespaceDelegation(122032f00bd0..., SigningPublicKey(id = 122032f00bd0..., format = Tink, scheme = Ed25519), true)
  Accepted -> Add OwnerToKeyMapping(PAR::sandbox::122032f00bd0..., SigningPublicKey(id = 1220f7c8f01c..., format = Tink, scheme = Ed25519))
  Accepted -> Add OwnerToKeyMapping(PAR::sandbox::122032f00bd0..., EncryptionPublicKey(id = 1220237f50a9..., format = Tink, scheme = ECIES-P256_HMAC256_AES128-GCM))
  Accepted -> Add ParticipantState(To, local::122065f8d3ee..., PAR::sandbox::122032f00bd0..., Submission, Ordinary)
2026-01-13 16:16:12,004 [canton-env-ec-30] INFO  c.d.c.t.p.TopologyTransactionProcessor:domain=local/client=topology-manager tid:3b10352cbb236367a096da81a8069bfd - Storing topology transaction 1/1 Add NamespaceDelegation(122032f00bd0..., SigningPublicKey(id = 122032f00bd0..., format = Tink, scheme = Ed25519), true) with ts=EffectiveTime(2026-01-13T10:46:12.244385Z) (epsilon=250 ms)
2026-01-13 16:16:12,005 [canton-env-ec-27] INFO  c.d.c.d.s.s.GrpcSequencerService:domain=local tid:3b10352cbb236367a096da81a8069bfd - 'DOM::local::122065f8d3ee...' sends request with id 'f621229a-e43c-4b05-bf60-7b64a322f343' of size 547 bytes with 1 envelopes.
2026-01-13 16:16:12,006 [canton-env-ec-30] INFO  c.d.c.t.p.TopologyTransactionProcessor:domain=local/node=mediator/client=mediator tid:3b10352cbb236367a096da81a8069bfd - Storing topology transaction 1/1 Add NamespaceDelegation(122032f00bd0..., SigningPublicKey(id = 122032f00bd0..., format = Tink, scheme = Ed25519), true) with ts=EffectiveTime(2026-01-13T10:46:12.244385Z) (epsilon=250 ms)
2026-01-13 16:16:12,009 [canton-env-ec-70] INFO  c.d.c.d.s.s.GrpcSequencerService:domain=local tid:3b10352cbb236367a096da81a8069bfd - 'DOM::local::122065f8d3ee...' sends request with id 'f2482f5c-0237-4edf-9d0d-09f88a5105ad' of size 1556 bytes with 1 envelopes.
2026-01-13 16:16:12,022 [canton-env-ec-77] INFO  c.d.c.t.p.TopologyTransactionProcessor:domain=local/client=topology-manager tid:3b10352cbb236367a096da81a8069bfd - Storing topology transaction 1/3 Add OwnerToKeyMapping(PAR::sandbox::122032f00bd0..., SigningPublicKey(id = 1220f7c8f01c..., format = Tink, scheme = Ed25519)) with ts=EffectiveTime(2026-01-13T10:46:12.261585Z) (epsilon=250 ms)
2026-01-13 16:16:12,022 [canton-env-ec-27] INFO  c.d.c.t.p.TopologyTransactionProcessor:domain=local/node=mediator/client=mediator tid:3b10352cbb236367a096da81a8069bfd - Storing topology transaction 1/3 Add OwnerToKeyMapping(PAR::sandbox::122032f00bd0..., SigningPublicKey(id = 1220f7c8f01c..., format = Tink, scheme = Ed25519)) with ts=EffectiveTime(2026-01-13T10:46:12.261585Z) (epsilon=250 ms)
2026-01-13 16:16:12,022 [canton-env-ec-77] INFO  c.d.c.t.p.TopologyTransactionProcessor:domain=local/client=topology-manager tid:3b10352cbb236367a096da81a8069bfd - Storing topology transaction 2/3 Add OwnerToKeyMapping(PAR::sandbox::122032f00bd0..., EncryptionPublicKey(id = 1220237f50a9..., format = Tink, scheme = ECIES-P256_HMAC256_AES128-GCM)) with ts=EffectiveTime(2026-01-13T10:46:12.261585Z) (epsilon=250 ms)
2026-01-13 16:16:12,022 [canton-env-ec-27] INFO  c.d.c.t.p.TopologyTransactionProcessor:domain=local/node=mediator/client=mediator tid:3b10352cbb236367a096da81a8069bfd - Storing topology transaction 2/3 Add OwnerToKeyMapping(PAR::sandbox::122032f00bd0..., EncryptionPublicKey(id = 1220237f50a9..., format = Tink, scheme = ECIES-P256_HMAC256_AES128-GCM)) with ts=EffectiveTime(2026-01-13T10:46:12.261585Z) (epsilon=250 ms)
2026-01-13 16:16:12,022 [canton-env-ec-77] INFO  c.d.c.t.p.TopologyTransactionProcessor:domain=local/client=topology-manager tid:3b10352cbb236367a096da81a8069bfd - Storing topology transaction 3/3 Add ParticipantState(From, local::122065f8d3ee..., PAR::sandbox::122032f00bd0..., Submission, Ordinary) with ts=EffectiveTime(2026-01-13T10:46:12.261585Z) (epsilon=250 ms)
2026-01-13 16:16:12,022 [canton-env-ec-27] INFO  c.d.c.t.p.TopologyTransactionProcessor:domain=local/node=mediator/client=mediator tid:3b10352cbb236367a096da81a8069bfd - Storing topology transaction 3/3 Add ParticipantState(From, local::122065f8d3ee..., PAR::sandbox::122032f00bd0..., Submission, Ordinary) with ts=EffectiveTime(2026-01-13T10:46:12.261585Z) (epsilon=250 ms)
2026-01-13 16:16:12,023 [canton-env-ec-70] INFO  c.d.c.s.c.ResilientSequencerSubscription:participant=sandbox/domainId=local::122065f8d3ee - 'sequencer-client' is now in state Failed(Disconnected from domain). Previous state was Ok().
2026-01-13 16:16:12,023 [canton-env-ec-79] INFO  c.d.c.d.t.MemberTopologyCatchup:domain=local/identity tid:3b10352cbb236367a096da81a8069bfd - Participant PAR::sandbox::122032f00bd0... is changing from None to Some(Submission), requires to catch up 10
2026-01-13 16:16:12,024 [canton-env-ec-70] INFO  c.d.c.h.DelegatingMutableHealthComponent:participant=sandbox/domainId=local::122065f8d3ee - 'sequencer-client' is now in state Failed(Disconnected from domain). Previous state was Ok().
2026-01-13 16:16:12,025 [canton-env-ec-30] INFO  c.d.c.s.c.t.GrpcSequencerSubscription:participant=sandbox/domainId=local::122065f8d3ee - GRPC subscription successfully closed due to client shutdown.
2026-01-13 16:16:12,025 [canton-env-ec-79] INFO  c.d.c.n.g.ApiRequestLogger:domain=local tid:b4f61b5e476cafd25e99fad6042f3de0 - Request c.d.c.d.a.v.SequencerService/SubscribeUnauthenticatedVersioned by /127.0.0.1:55771: cancelled
2026-01-13 16:16:12,030 [canton-env-ec-27] INFO  c.d.c.d.s.s.GrpcSequencerService:domain=local tid:3b10352cbb236367a096da81a8069bfd - 'DOM::local::122065f8d3ee...' sends request with id '549cd7a9-7cd1-47f4-94fc-ad0bed0909de' of size 2684 bytes with 1 envelopes.
2026-01-13 16:16:12,032 [canton-env-ec-23] INFO  c.d.c.c.d.g.GrpcSequencerConnectClient:participant=sandbox - The operation 'verify active' was not successful. New kind of error: no success error (request infinite retries). Retrying after 0.5s. Result: Right(false). 
2026-01-13 16:16:12,041 [canton-env-ec-69] INFO  c.d.c.d.s.s.GrpcSequencerService:domain=local tid:3b10352cbb236367a096da81a8069bfd - 'DOM::local::122065f8d3ee...' sends request with id '930618e9-6a45-4b97-97b0-e5edaf9579b2' of size 933 bytes with 1 envelopes.
2026-01-13 16:16:12,050 [canton-env-ec-20] INFO  c.d.c.t.p.TopologyTransactionProcessor:domain=local/node=mediator/client=mediator tid:3b10352cbb236367a096da81a8069bfd - Storing topology transaction 1/1 Add ParticipantState(To, local::122065f8d3ee..., PAR::sandbox::122032f00bd0..., Submission, Ordinary) with ts=EffectiveTime(2026-01-13T10:46:12.293108Z) (epsilon=250 ms)
2026-01-13 16:16:12,051 [canton-env-ec-77] INFO  c.d.c.t.p.TopologyTransactionProcessor:domain=local/client=topology-manager tid:3b10352cbb236367a096da81a8069bfd - Storing topology transaction 1/1 Add ParticipantState(To, local::122065f8d3ee..., PAR::sandbox::122032f00bd0..., Submission, Ordinary) with ts=EffectiveTime(2026-01-13T10:46:12.293108Z) (epsilon=250 ms)
2026-01-13 16:16:12,537 [canton-env-ec-79] INFO  c.d.c.c.d.g.GrpcSequencerConnectClient:participant=sandbox - Now retrying operation 'verify active'. 
2026-01-13 16:16:12,553 [canton-env-ec-27] INFO  c.d.c.p.s.SyncDomainEphemeralStateFactoryImpl:participant=sandbox - Computed starting points: ProcessingStartingPoints(
  clean replay = MessageCleanReplayStartingPoint(next request counter = 0, next sequencer counter = 0, prenext timestamp = 0001-01-01T00:00:00Z),
  processing = MessageProcessingStartingPoint(next request counter = 0, next sequencer counter = 0, prenext timestamp = 0001-01-01T00:00:00Z),
  rewound sequencer counter prehead = None()
)
2026-01-13 16:16:12,554 [canton-env-ec-27] INFO  c.d.c.s.m.InMemoryCursorPreheadStore:participant=sandbox/domain-alias=local - Rewinding prehead to None
2026-01-13 16:16:12,644 [canton-env-ec-30] INFO  c.d.c.p.p.AcsCommitmentProcessor:participant=sandbox/domainId=local::122065f8d3ee - Will use parallelism 8 when computing ACS commitments
2026-01-13 16:16:12,646 [canton-env-ec-77] INFO  c.d.c.p.p.AcsCommitmentProcessor:participant=sandbox/domainId=local::122065f8d3ee - Initialized from stored snapshot at RecordTime(timestamp = 0001-01-01T00:00:00Z, tieBreaker = -9223372036854775808) (might be incomplete)
2026-01-13 16:16:12,646 [canton-env-ec-27] INFO  c.d.c.p.p.AcsCommitmentProcessor:participant=sandbox/domainId=local::122065f8d3ee - Initialized the ACS commitment processor queue
2026-01-13 16:16:12,651 [canton-env-ec-30] INFO  c.d.c.h.MutableHealthComponent:participant=sandbox - 'acs-commitment-processor' is now in state Ok(). Previous state was Not Initialized.
2026-01-13 16:16:12,651 [canton-env-ec-30] INFO  c.d.c.h.MutableHealthComponent:participant=sandbox - 'acs-commitment-processor' is now in state Ok(). Previous state was Not Initialized.
2026-01-13 16:16:12,651 [canton-env-ec-30] INFO  c.d.c.p.s.SyncDomain:participant=sandbox/domainId=local::122065f8d3ee - 'sync-domain' is now in state Ok(). Previous state was Not Initialized.
2026-01-13 16:16:12,651 [canton-env-ec-30] INFO  c.d.c.h.MutableHealthComponent:participant=sandbox - 'sync-domain' is now in state Ok(). Previous state was Not Initialized.
2026-01-13 16:16:12,651 [canton-env-ec-30] INFO  c.d.c.h.MutableHealthComponent:participant=sandbox - 'sync-domain' is now in state Ok(). Previous state was Not Initialized.
2026-01-13 16:16:12,651 [canton-env-ec-30] INFO  c.d.c.p.s.CantonSyncService:participant=sandbox - Connected to domain and starting synchronisation: Domain 'local'
2026-01-13 16:16:12,659 [canton-env-ec-77] INFO  c.d.c.p.s.SyncDomain:participant=sandbox/domainId=local::122065f8d3ee - Found 0 repair requests at request counters Seq()
2026-01-13 16:16:12,661 [canton-env-ec-30] INFO  c.d.c.s.c.SequencerClientImpl:participant=sandbox/domainId=local::122065f8d3ee - No event found up to 0001-01-01T00:00:00Z. Resubscribing from the beginning.
2026-01-13 16:16:12,661 [canton-env-ec-30] INFO  c.d.c.s.c.SequencerClientImpl:participant=sandbox/domainId=local::122065f8d3ee - Processing events from the SequencedEventStore from 0001-01-01T00:00:00.000001Z on
2026-01-13 16:16:12,662 [canton-env-ec-77] INFO  c.d.c.s.c.SequencerClientImpl:participant=sandbox/domainId=local::122065f8d3ee - Starting subscription for alias=SEQ::local::122065f8d3ee... at timestamp None; next counter 0
2026-01-13 16:16:12,662 [canton-env-ec-77] INFO  c.d.c.h.DelegatingMutableHealthComponent:participant=sandbox/domainId=local::122065f8d3ee - 'sequencer-client' is now in state Ok(). Previous state was Not Initialized.
2026-01-13 16:16:12,662 [canton-env-ec-77] INFO  c.d.c.h.MutableHealthComponent:participant=sandbox - 'sequencer-client' is now in state Ok(). Previous state was Not Initialized.
2026-01-13 16:16:12,662 [canton-env-ec-77] INFO  c.d.c.h.MutableHealthComponent:participant=sandbox - 'sequencer-client' is now in state Ok(). Previous state was Not Initialized.
2026-01-13 16:16:12,669 [canton-env-ec-79] INFO  c.d.c.d.s.a.MemberAuthenticationServiceOld:domain=local - PAR::sandbox::122032f00bd0... authenticated new token with expiry 2026-01-13T11:46:12.668976Z
2026-01-13 16:16:12,670 [canton-env-ec-22] INFO  c.d.c.d.s.s.GrpcSequencerService:domain=local - PAR::sandbox::122032f00bd0... subscribes from counter=0
2026-01-13 16:16:12,674 [canton-env-ec-27] INFO  c.d.c.s.c.SequencedEventValidatorImpl:participant=sandbox/domainId=local::122065f8d3ee tid:3b10352cbb236367a096da81a8069bfd - Skipping signature verification of the first sequenced event due to a fresh subscription from SEQ::local::122065f8d3ee...
2026-01-13 16:16:12,676 [canton-env-ec-69] INFO  c.d.c.p.s.SyncDomain:participant=sandbox/domainId=local::122065f8d3ee tid:3b10352cbb236367a096da81a8069bfd - Caught up with batch with counter=0 with sequencer with 644 ms delay
2026-01-13 16:16:12,676 [canton-env-ec-69] INFO  c.d.c.p.s.SyncDomain$EventProcessingMonitor:participant=sandbox/domainId=local::122065f8d3ee tid:3b10352cbb236367a096da81a8069bfd - Replaying requests 0 up to clean prehead -1
2026-01-13 16:16:12,676 [canton-env-ec-69] INFO  c.d.c.p.s.SyncDomain$EventProcessingMonitor:participant=sandbox/domainId=local::122065f8d3ee tid:3b10352cbb236367a096da81a8069bfd - Replaying or processing locally stored events with sequencer counters 0 to -1
2026-01-13 16:16:12,683 [canton-env-ec-77] INFO  c.d.c.p.p.DefaultMessageDispatcher:participant=sandbox/domainId=local::122065f8d3ee tid:3b10352cbb236367a096da81a8069bfd - Processing event at sc=0, ts=2026-01-13T10:46:12.032168Z, with contents=DomainTopologyTransactionMessage
2026-01-13 16:16:12,684 [canton-env-ec-69] INFO  c.d.c.t.p.DomainTopologyTransactionMessageValidator$Impl:participant=sandbox tid:3b10352cbb236367a096da81a8069bfd - Using approximate topology snapshot at 0001-01-01T00:00:00.000001Z for desired timestamp 2026-01-13T10:46:12.032168Z
2026-01-13 16:16:12,697 [canton-env-ec-74] INFO  c.d.c.t.p.TopologyTransactionProcessor:participant=sandbox tid:3b10352cbb236367a096da81a8069bfd - Updated topology change delay from=0s to 0.25s
2026-01-13 16:16:12,697 [canton-env-ec-77] INFO  c.d.c.t.p.TopologyTransactionProcessor:participant=sandbox tid:3b10352cbb236367a096da81a8069bfd - Storing topology transaction 1/10 Add NamespaceDelegation(122065f8d3ee..., SigningPublicKey(id = 122065f8d3ee..., format = Tink, scheme = Ed25519), true) with ts=EffectiveTime(2026-01-13T10:46:12.032168Z) (epsilon=0 ms)
2026-01-13 16:16:12,698 [canton-env-ec-77] INFO  c.d.c.t.p.TopologyTransactionProcessor:participant=sandbox tid:3b10352cbb236367a096da81a8069bfd - Storing topology transaction 2/10 Add OwnerToKeyMapping(DOM::local::122065f8d3ee..., SigningPublicKey(id = 12208902d186..., format = Tink, scheme = Ed25519)) with ts=EffectiveTime(2026-01-13T10:46:12.032168Z) (epsilon=0 ms)
2026-01-13 16:16:12,698 [canton-env-ec-77] INFO  c.d.c.t.p.TopologyTransactionProcessor:participant=sandbox tid:3b10352cbb236367a096da81a8069bfd - Storing topology transaction 3/10 Add OwnerToKeyMapping(MED::local::122065f8d3ee..., SigningPublicKey(id = 1220edfc89f9..., format = Tink, scheme = Ed25519)) with ts=EffectiveTime(2026-01-13T10:46:12.032168Z) (epsilon=0 ms)
2026-01-13 16:16:12,698 [canton-env-ec-77] INFO  c.d.c.t.p.TopologyTransactionProcessor:participant=sandbox tid:3b10352cbb236367a096da81a8069bfd - Storing topology transaction 4/10 Add OwnerToKeyMapping(SEQ::local::122065f8d3ee..., SigningPublicKey(id = 12209505dce5..., format = Tink, scheme = Ed25519)) with ts=EffectiveTime(2026-01-13T10:46:12.032168Z) (epsilon=0 ms)
2026-01-13 16:16:12,698 [canton-env-ec-77] INFO  c.d.c.t.p.TopologyTransactionProcessor:participant=sandbox tid:3b10352cbb236367a096da81a8069bfd - Storing topology transaction 5/10 Add NamespaceDelegation(122032f00bd0..., SigningPublicKey(id = 122032f00bd0..., format = Tink, scheme = Ed25519), true) with ts=EffectiveTime(2026-01-13T10:46:12.032168Z) (epsilon=0 ms)
2026-01-13 16:16:12,698 [canton-env-ec-77] INFO  c.d.c.t.p.TopologyTransactionProcessor:participant=sandbox tid:3b10352cbb236367a096da81a8069bfd - Storing topology transaction 6/10 Add ParticipantState(From, local::122065f8d3ee..., PAR::sandbox::122032f00bd0..., Submission, Ordinary) with ts=EffectiveTime(2026-01-13T10:46:12.032168Z) (epsilon=0 ms)
2026-01-13 16:16:12,698 [canton-env-ec-77] INFO  c.d.c.t.p.TopologyTransactionProcessor:participant=sandbox tid:3b10352cbb236367a096da81a8069bfd - Storing topology transaction 7/10 Add MediatorDomainState(Both, local::122065f8d3ee..., MED::local::122065f8d3ee...) with ts=EffectiveTime(2026-01-13T10:46:12.032168Z) (epsilon=0 ms)
2026-01-13 16:16:12,698 [canton-env-ec-77] INFO  c.d.c.t.p.TopologyTransactionProcessor:participant=sandbox tid:3b10352cbb236367a096da81a8069bfd - Storing topology transaction 8/10 Add OwnerToKeyMapping(PAR::sandbox::122032f00bd0..., SigningPublicKey(id = 1220f7c8f01c..., format = Tink, scheme = Ed25519)) with ts=EffectiveTime(2026-01-13T10:46:12.032168Z) (epsilon=0 ms)
2026-01-13 16:16:12,698 [canton-env-ec-77] INFO  c.d.c.t.p.TopologyTransactionProcessor:participant=sandbox tid:3b10352cbb236367a096da81a8069bfd - Storing topology transaction 9/10 Add OwnerToKeyMapping(PAR::sandbox::122032f00bd0..., EncryptionPublicKey(id = 1220237f50a9..., format = Tink, scheme = ECIES-P256_HMAC256_AES128-GCM)) with ts=EffectiveTime(2026-01-13T10:46:12.032168Z) (epsilon=0 ms)
2026-01-13 16:16:12,699 [canton-env-ec-77] INFO  c.d.c.t.p.TopologyTransactionProcessor:participant=sandbox tid:3b10352cbb236367a096da81a8069bfd - Storing topology transaction 10/10 Replace DomainParametersChange(
  local::122065f8d3ee...,
  DynamicDomainParameters(
    participant response timeout = 30s,
    mediator reaction timeout = 30s,
    transfer exclusivity timeout = 1m,
    topology change delay = 0.25s,
    ledger time record time tolerance = 1m,
    mediator deduplication timeout = 2m,
    reconciliation interval = 1m,
    max rate per participant = 1000000,
    max request size = 10485760,
    catchup config = CatchUpConfig(catchUpIntervalSkip = 5, nrIntervalsToTriggerCatchUp = 2)
  )
) with ts=EffectiveTime(2026-01-13T10:46:12.032168Z) (epsilon=0 ms)
2026-01-13 16:16:12,705 [canton-env-ec-74] INFO  c.d.c.p.t.c.MissingKeysAlerter:participant=sandbox tid:3b10352cbb236367a096da81a8069bfd - Domain local::122065f8d3ee... update my participant permission as of 2026-01-13T10:46:12.032168Z to Submission, Ordinary
2026-01-13 16:16:12,712 [input-mapping-pool-2] INFO  c.d.c.p.i.p.ParallelIndexerSubscription:participant=sandbox tid:3b10352cbb236367a096da81a8069bfd - Storing at offset=000000000000000003 PartyAddedToParticipant(recordTime = 2026-01-13T10:46:12.708253Z, party = sandbox::122032f00bd0..., displayName = '', participantId = sandbox::122032f00bd0..., ...)
2026-01-13 16:16:12,745 [canton-env-ec-74] INFO  c.d.c.p.p.DefaultMessageDispatcher:participant=sandbox/domainId=local::122065f8d3ee tid:3b10352cbb236367a096da81a8069bfd - Processing event at sc=1, ts=2026-01-13T10:46:12.043108Z, with contents=DomainTopologyTransactionMessage
2026-01-13 16:16:12,748 [canton-env-ec-74] INFO  c.d.c.t.p.TopologyTransactionProcessor:participant=sandbox tid:3b10352cbb236367a096da81a8069bfd - Storing topology transaction 1/1 Add ParticipantState(To, local::122065f8d3ee..., PAR::sandbox::122032f00bd0..., Submission, Ordinary) with ts=EffectiveTime(2026-01-13T10:46:12.293108Z) (epsilon=250 ms)
2026-01-13 16:16:13,012 [canton-env-ec-74] INFO  c.d.c.d.s.s.GrpcSequencerService:domain=local tid:7dd7272f45d19c92531c8058d86a823c - 'PAR::sandbox::122032f00bd0...' sends request with id 'a44343c0-ea9c-4449-956d-8a9d45187b87' of size 2084 bytes with 1 envelopes.
2026-01-13 16:16:13,022 [canton-env-ec-29] INFO  c.d.c.p.p.DefaultMessageDispatcher:participant=sandbox/domainId=local::122065f8d3ee tid:7dd7272f45d19c92531c8058d86a823c - Processing event at sc=2, ts=2026-01-13T10:46:13.015061Z, messageId=a44343c0-ea9c-4449-956d-8a9d45187b87, with contents=Seq()
2026-01-13 16:16:13,025 [canton-env-ec-74] INFO  c.d.c.d.t.DomainTopologyManager:domain=local tid:7dd7272f45d19c92531c8058d86a823c - Applied topology transaction Add VettedPackages(
  participant = sandbox::122032f00bd0...,
  packages = Seq(
    c058a0c9602a...,
    65921e553a35...,
    6851f194e144...,
    57b5c520512c...,
    cb0552debf21...,
    3f4deaf145a1...,
    86828b984346...,
    f20de1e4e37b...,
    76bf0fd12bd9...,
    38e6274601b2...,
    d58cf9939847...,
    40f452260bef...,
    e491352788e5...,
    6839a6d3d430...,
    518032f41fd0...,
    20a8d69c867d...,
    8abf89c9b4a8...,
    852d8e3a8ccf...,
    10e0333b52bb...,
    bfcd37bd6b84...,
    cc348d369011...,
    057eed1fd48c...,
    d14e08374fc7...,
    c1f1f0055879...,
    6c2c0667393c...,
    e22bce619ae2...,
    e4cc67c3264e...,
    8a7806365bbd...,
    97b883cd8a2b...,
    5921708ce82f...,
    733e38d36a27...,
    99a2705ed38c...
  )
) at 2026-01-13T10:46:13.025151Z
2026-01-13 16:16:13,026 [canton-env-ec-27] INFO  c.d.c.d.t.DomainTopologyManagerRequestService:domain=local tid:7dd7272f45d19c92531c8058d86a823c - Register topology request by PAR::sandbox::122032f00bd0... for PAR::sandbox::122032f00bd0... yielded
  Accepted -> Add VettedPackages(
  participant = sandbox::122032f00bd0...,
  packages = Seq(
    c058a0c9602a...,
    65921e553a35...,
    6851f194e144...,
    57b5c520512c...,
    cb0552debf21...,
    3f4deaf145a1...,
    86828b984346...,
    f20de1e4e37b...,
    76bf0fd12bd9...,
    38e6274601b2...,
    d58cf9939847...,
    40f452260bef...,
    e491352788e5...,
    6839a6d3d430...,
    518032f41fd0...,
    20a8d69c867d...,
    8abf89c9b4a8...,
    852d8e3a8ccf...,
    10e0333b52bb...,
    bfcd37bd6b84...,
    cc348d369011...,
    057eed1fd48c...,
    d14e08374fc7...,
    c1f1f0055879...,
    6c2c0667393c...,
    e22bce619ae2...,
    e4cc67c3264e...,
    8a7806365bbd...,
    97b883cd8a2b...,
    5921708ce82f...,
    733e38d36a27...,
    99a2705ed38c...
  )
)
2026-01-13 16:16:13,030 [canton-env-ec-29] INFO  c.d.c.d.s.s.GrpcSequencerService:domain=local tid:7dd7272f45d19c92531c8058d86a823c - 'DOM::local::122065f8d3ee...' sends request with id '1420bace-7b34-45b4-a957-2692ed61384e' of size 519 bytes with 1 envelopes.
2026-01-13 16:16:13,030 [canton-env-ec-70] INFO  c.d.c.d.s.s.GrpcSequencerService:domain=local tid:7dd7272f45d19c92531c8058d86a823c - 'DOM::local::122065f8d3ee...' sends request with id 'e3dc2409-36ba-4925-a042-e6b7ce234e84' of size 2215 bytes with 1 envelopes.
2026-01-13 16:16:13,039 [canton-env-ec-70] INFO  c.d.c.p.p.DefaultMessageDispatcher:participant=sandbox/domainId=local::122065f8d3ee tid:7dd7272f45d19c92531c8058d86a823c - Processing event at sc=3, ts=2026-01-13T10:46:13.031711Z, with contents=RegisterTopologyTransactionResponse
2026-01-13 16:16:13,041 [canton-env-ec-68] INFO  c.d.c.p.s.SyncDomainEphemeralState:participant=sandbox/domain-alias=local - 'sync-domain-ephemeral' is now in state Ok(). Previous state was Not Initialized.
2026-01-13 16:16:13,041 [canton-env-ec-68] INFO  c.d.c.h.MutableHealthComponent:participant=sandbox - 'sync-domain-ephemeral' is now in state Ok(). Previous state was Not Initialized.
2026-01-13 16:16:13,042 [canton-env-ec-68] INFO  c.d.c.h.MutableHealthComponent:participant=sandbox - 'sync-domain-ephemeral' is now in state Ok(). Previous state was Not Initialized.
2026-01-13 16:16:13,046 [canton-env-ec-20] INFO  c.d.c.t.p.TopologyTransactionProcessor:domain=local/client=topology-manager tid:7dd7272f45d19c92531c8058d86a823c - Storing topology transaction 1/1 Add VettedPackages(
  participant = sandbox::122032f00bd0...,
  packages = Seq(
    c058a0c9602a...,
    65921e553a35...,
    6851f194e144...,
    57b5c520512c...,
    cb0552debf21...,
    3f4deaf145a1...,
    86828b984346...,
    f20de1e4e37b...,
    76bf0fd12bd9...,
    38e6274601b2...,
    d58cf9939847...,
    40f452260bef...,
    e491352788e5...,
    6839a6d3d430...,
    518032f41fd0...,
    20a8d69c867d...,
    8abf89c9b4a8...,
    852d8e3a8ccf...,
    10e0333b52bb...,
    bfcd37bd6b84...,
    cc348d369011...,
    057eed1fd48c...,
    d14e08374fc7...,
    c1f1f0055879...,
    6c2c0667393c...,
    e22bce619ae2...,
    e4cc67c3264e...,
    8a7806365bbd...,
    97b883cd8a2b...,
    5921708ce82f...,
    733e38d36a27...,
    99a2705ed38c...
  )
) with ts=EffectiveTime(2026-01-13T10:46:13.281840Z) (epsilon=250 ms)
2026-01-13 16:16:13,047 [canton-env-ec-28] INFO  c.d.c.t.p.TopologyTransactionProcessor:domain=local/node=mediator/client=mediator tid:7dd7272f45d19c92531c8058d86a823c - Storing topology transaction 1/1 Add VettedPackages(
  participant = sandbox::122032f00bd0...,
  packages = Seq(
    c058a0c9602a...,
    65921e553a35...,
    6851f194e144...,
    57b5c520512c...,
    cb0552debf21...,
    3f4deaf145a1...,
    86828b984346...,
    f20de1e4e37b...,
    76bf0fd12bd9...,
    38e6274601b2...,
    d58cf9939847...,
    40f452260bef...,
    e491352788e5...,
    6839a6d3d430...,
    518032f41fd0...,
    20a8d69c867d...,
    8abf89c9b4a8...,
    852d8e3a8ccf...,
    10e0333b52bb...,
    bfcd37bd6b84...,
    cc348d369011...,
    057eed1fd48c...,
    d14e08374fc7...,
    c1f1f0055879...,
    6c2c0667393c...,
    e22bce619ae2...,
    e4cc67c3264e...,
    8a7806365bbd...,
    97b883cd8a2b...,
    5921708ce82f...,
    733e38d36a27...,
    99a2705ed38c...
  )
) with ts=EffectiveTime(2026-01-13T10:46:13.281840Z) (epsilon=250 ms)
2026-01-13 16:16:13,048 [canton-env-ec-77] INFO  c.d.c.p.p.DefaultMessageDispatcher:participant=sandbox/domainId=local::122065f8d3ee tid:7dd7272f45d19c92531c8058d86a823c - Processing event at sc=4, ts=2026-01-13T10:46:13.031840Z, with contents=DomainTopologyTransactionMessage
2026-01-13 16:16:13,051 [canton-env-ec-77] INFO  c.d.c.t.p.TopologyTransactionProcessor:participant=sandbox tid:7dd7272f45d19c92531c8058d86a823c - Storing topology transaction 1/1 Add VettedPackages(
  participant = sandbox::122032f00bd0...,
  packages = Seq(
    c058a0c9602a...,
    65921e553a35...,
    6851f194e144...,
    57b5c520512c...,
    cb0552debf21...,
    3f4deaf145a1...,
    86828b984346...,
    f20de1e4e37b...,
    76bf0fd12bd9...,
    38e6274601b2...,
    d58cf9939847...,
    40f452260bef...,
    e491352788e5...,
    6839a6d3d430...,
    518032f41fd0...,
    20a8d69c867d...,
    8abf89c9b4a8...,
    852d8e3a8ccf...,
    10e0333b52bb...,
    bfcd37bd6b84...,
    cc348d369011...,
    057eed1fd48c...,
    d14e08374fc7...,
    c1f1f0055879...,
    6c2c0667393c...,
    e22bce619ae2...,
    e4cc67c3264e...,
    8a7806365bbd...,
    97b883cd8a2b...,
    5921708ce82f...,
    733e38d36a27...,
    99a2705ed38c...
  )
) with ts=EffectiveTime(2026-01-13T10:46:13.281840Z) (epsilon=250 ms)
2026-01-13 16:16:13,059 [canton-env-ec-68] INFO  c.d.c.p.a.s.ApiActiveContractsService:participant=sandbox tid:3329ce58035b3fbad68488147c4e0495 - Received request for active contracts: GetActiveContractsRequest(sandbox,Some(TransactionFilter(Map(sandbox::122032f00bd0e84a5b6785044dd20871e2bef28d29102a5255f1f8536f1466e0c378 -> Filters(Some(InclusiveFilters(Vector(Identifier(65921e553a353588e950cbc87e98a127730e63295f7ad8d3adae952ef0133b3e,PingPong,PingProposal), Identifier(65921e553a353588e950cbc87e98a127730e63295f7ad8d3adae952ef0133b3e,PingPong,Ping), Identifier(65921e553a353588e950cbc87e98a127730e63295f7ad8d3adae952ef0133b3e,PingPong,Pong), Identifier(65921e553a353588e950cbc87e98a127730e63295f7ad8d3adae952ef0133b3e,PingPong,Explode), Identifier(65921e553a353588e950cbc87e98a127730e63295f7ad8d3adae952ef0133b3e,PingPong,Merge), Identifier(65921e553a353588e950cbc87e98a127730e63295f7ad8d3adae952ef0133b3e,PingPong,Collapse)),Vector(),Vector())))))),false,), filters -> {sandbox::122032f00bd0e84a5b6785044dd20871e2bef28d29102a5255f1f8536f1466e0c378: ['65921e553a353588e950cbc87e98a127730e63295f7ad8d3adae952ef0133b3e:PingPong:Pong', '65921e553a353588e950cbc87e98a127730e63295f7ad8d3adae952ef0133b3e:PingPong:Collapse', '65921e553a353588e950cbc87e98a127730e63295f7ad8d3adae952ef0133b3e:PingPong:PingProposal', '65921e553a353588e950cbc87e98a127730e63295f7ad8d3adae952ef0133b3e:PingPong:Explode', '65921e553a353588e950cbc87e98a127730e63295f7ad8d3adae952ef0133b3e:PingPong:Merge', '65921e553a353588e950cbc87e98a127730e63295f7ad8d3adae952ef0133b3e:PingPong:Ping']}.
2026-01-13 16:16:13,073 [main] INFO  c.d.c.e.CommunityEnvironment tid:585b5b6b618dd365d83a5c072cee2dc2 - Successfully started all nodes
2026-01-13 16:16:13,073 [main] INFO  c.digitalasset.canton.ServerRunner - Canton started
2026-01-13 16:16:13,202 [canton-env-ec-21] INFO  c.d.c.p.a.s.a.ApiPackageManagementService:participant=sandbox tid:694152597c587e650bb6f153cb9c7e77 - Uploading DAR file, submissionId -> '8c8a2abe-b24f-4c53-9237-32b6b63a8891'.
2026-01-13 16:16:13,564 [canton-env-ec-30] INFO  c.d.c.d.s.s.GrpcSequencerService:domain=local tid:3ab4ab4def5fe27df0a2b12da375d82b - 'PAR::sandbox::122032f00bd0...' sends request with id 'tick-de520113-8658-4f10-a897-23ee281be0ea' of size 338 bytes with 0 envelopes.
2026-01-13 16:16:13,782 [input-mapping-pool-3] INFO  c.d.c.p.i.p.ParallelIndexerSubscription:participant=sandbox tid:694152597c587e650bb6f153cb9c7e77 - Storing at offset=000000000000000004 PublicPackageUpload(
  recordTime = 2026-01-13T10:46:13.780723Z,
  archives = Seq(
    539a1a262a2b...,
    315cb5676675...,
    cb0552debf21...,
    3f4deaf145a1...,
    86828b984346...,
    f20de1e4e37b...,
    76bf0fd12bd9...,
    38e6274601b2...,
    d58cf9939847...,
    40f452260bef...,
    e491352788e5...,
    6839a6d3d430...,
    518032f41fd0...,
    0f062c5863c7...,
    a80dd2c5dafc...,
    10e0333b52bb...,
    bfcd37bd6b84...,
    cc348d369011...,
    057eed1fd48c...,
    6df2d1fd8ea9...,
    d14e08374fc7...,
    c1f1f0055879...,
    6c2c0667393c...,
    e22bce619ae2...,
    e4cc67c3264e...,
    8a7806365bbd...,
    97b883cd8a2b...,
    5921708ce82f...,
    733e38d36a27...,
    99a2705ed38c...
  ),
  sourceDescription = ''
)
2026-01-13 16:16:14,065 [canton-env-ec-71] INFO  c.d.c.p.t.ParticipantTopologyManager:participant=sandbox tid:694152597c587e650bb6f153cb9c7e77 - Applied topology transaction Add VettedPackages(
  participant = sandbox::122032f00bd0...,
  packages = Seq(
    539a1a262a2b...,
    315cb5676675...,
    cb0552debf21...,
    3f4deaf145a1...,
    86828b984346...,
    f20de1e4e37b...,
    76bf0fd12bd9...,
    38e6274601b2...,
    d58cf9939847...,
    40f452260bef...,
    e491352788e5...,
    6839a6d3d430...,
    518032f41fd0...,
    0f062c5863c7...,
    a80dd2c5dafc...,
    10e0333b52bb...,
    bfcd37bd6b84...,
    cc348d369011...,
    057eed1fd48c...,
    6df2d1fd8ea9...,
    d14e08374fc7...,
    c1f1f0055879...,
    6c2c0667393c...,
    e22bce619ae2...,
    e4cc67c3264e...,
    8a7806365bbd...,
    97b883cd8a2b...,
    5921708ce82f...,
    733e38d36a27...,
    99a2705ed38c...
  )
) at 2026-01-13T10:46:14.065116Z
2026-01-13 16:16:14,078 [canton-env-ec-29] INFO  c.d.c.d.s.s.GrpcSequencerService:domain=local tid:b08b8e10ff570359b491a707649685db - 'PAR::sandbox::122032f00bd0...' sends request with id 'a9461b3a-c67a-4f95-a2b9-24af318b5883' of size 2000 bytes with 1 envelopes.
2026-01-13 16:16:14,087 [canton-env-ec-20] INFO  c.d.c.p.p.DefaultMessageDispatcher:participant=sandbox/domainId=local::122065f8d3ee tid:b08b8e10ff570359b491a707649685db - Processing event at sc=6, ts=2026-01-13T10:46:14.080889Z, messageId=a9461b3a-c67a-4f95-a2b9-24af318b5883, with contents=Seq()
2026-01-13 16:16:14,090 [canton-env-ec-30] INFO  c.d.c.d.t.DomainTopologyManager:domain=local tid:b08b8e10ff570359b491a707649685db - Applied topology transaction Add VettedPackages(
  participant = sandbox::122032f00bd0...,
  packages = Seq(
    539a1a262a2b...,
    315cb5676675...,
    cb0552debf21...,
    3f4deaf145a1...,
    86828b984346...,
    f20de1e4e37b...,
    76bf0fd12bd9...,
    38e6274601b2...,
    d58cf9939847...,
    40f452260bef...,
    e491352788e5...,
    6839a6d3d430...,
    518032f41fd0...,
    0f062c5863c7...,
    a80dd2c5dafc...,
    10e0333b52bb...,
    bfcd37bd6b84...,
    cc348d369011...,
    057eed1fd48c...,
    6df2d1fd8ea9...,
    d14e08374fc7...,
    c1f1f0055879...,
    6c2c0667393c...,
    e22bce619ae2...,
    e4cc67c3264e...,
    8a7806365bbd...,
    97b883cd8a2b...,
    5921708ce82f...,
    733e38d36a27...,
    99a2705ed38c...
  )
) at 2026-01-13T10:46:14.089887Z
2026-01-13 16:16:14,091 [canton-env-ec-22] INFO  c.d.c.d.t.DomainTopologyManagerRequestService:domain=local tid:b08b8e10ff570359b491a707649685db - Register topology request by PAR::sandbox::122032f00bd0... for PAR::sandbox::122032f00bd0... yielded
  Accepted -> Add VettedPackages(
  participant = sandbox::122032f00bd0...,
  packages = Seq(
    539a1a262a2b...,
    315cb5676675...,
    cb0552debf21...,
    3f4deaf145a1...,
    86828b984346...,
    f20de1e4e37b...,
    76bf0fd12bd9...,
    38e6274601b2...,
    d58cf9939847...,
    40f452260bef...,
    e491352788e5...,
    6839a6d3d430...,
    518032f41fd0...,
    0f062c5863c7...,
    a80dd2c5dafc...,
    10e0333b52bb...,
    bfcd37bd6b84...,
    cc348d369011...,
    057eed1fd48c...,
    6df2d1fd8ea9...,
    d14e08374fc7...,
    c1f1f0055879...,
    6c2c0667393c...,
    e22bce619ae2...,
    e4cc67c3264e...,
    8a7806365bbd...,
    97b883cd8a2b...,
    5921708ce82f...,
    733e38d36a27...,
    99a2705ed38c...
  )
)
2026-01-13 16:16:14,142 [canton-env-ec-71] INFO  c.d.c.d.s.s.GrpcSequencerService:domain=local tid:b08b8e10ff570359b491a707649685db - 'DOM::local::122065f8d3ee...' sends request with id 'a107e438-ccce-4096-8035-f6b6126a3282' of size 2132 bytes with 1 envelopes.
2026-01-13 16:16:14,142 [canton-env-ec-28] INFO  c.d.c.d.s.s.GrpcSequencerService:domain=local tid:b08b8e10ff570359b491a707649685db - 'DOM::local::122065f8d3ee...' sends request with id 'a2f8fa87-1c63-4a5e-b890-bb49e7214632' of size 519 bytes with 1 envelopes.
2026-01-13 16:16:14,151 [canton-env-ec-27] INFO  c.d.c.p.p.DefaultMessageDispatcher:participant=sandbox/domainId=local::122065f8d3ee tid:b08b8e10ff570359b491a707649685db - Processing event at sc=7, ts=2026-01-13T10:46:14.144998Z, with contents=DomainTopologyTransactionMessage
2026-01-13 16:16:14,157 [canton-env-ec-70] INFO  c.d.c.t.p.TopologyTransactionProcessor:participant=sandbox tid:b08b8e10ff570359b491a707649685db - Storing topology transaction 1/1 Add VettedPackages(
  participant = sandbox::122032f00bd0...,
  packages = Seq(
    539a1a262a2b...,
    315cb5676675...,
    cb0552debf21...,
    3f4deaf145a1...,
    86828b984346...,
    f20de1e4e37b...,
    76bf0fd12bd9...,
    38e6274601b2...,
    d58cf9939847...,
    40f452260bef...,
    e491352788e5...,
    6839a6d3d430...,
    518032f41fd0...,
    0f062c5863c7...,
    a80dd2c5dafc...,
    10e0333b52bb...,
    bfcd37bd6b84...,
    cc348d369011...,
    057eed1fd48c...,
    6df2d1fd8ea9...,
    d14e08374fc7...,
    c1f1f0055879...,
    6c2c0667393c...,
    e22bce619ae2...,
    e4cc67c3264e...,
    8a7806365bbd...,
    97b883cd8a2b...,
    5921708ce82f...,
    733e38d36a27...,
    99a2705ed38c...
  )
) with ts=EffectiveTime(2026-01-13T10:46:14.394998Z) (epsilon=250 ms)
2026-01-13 16:16:14,158 [canton-env-ec-79] INFO  c.d.c.t.p.TopologyTransactionProcessor:domain=local/client=topology-manager tid:b08b8e10ff570359b491a707649685db - Storing topology transaction 1/1 Add VettedPackages(
  participant = sandbox::122032f00bd0...,
  packages = Seq(
    539a1a262a2b...,
    315cb5676675...,
    cb0552debf21...,
    3f4deaf145a1...,
    86828b984346...,
    f20de1e4e37b...,
    76bf0fd12bd9...,
    38e6274601b2...,
    d58cf9939847...,
    40f452260bef...,
    e491352788e5...,
    6839a6d3d430...,
    518032f41fd0...,
    0f062c5863c7...,
    a80dd2c5dafc...,
    10e0333b52bb...,
    bfcd37bd6b84...,
    cc348d369011...,
    057eed1fd48c...,
    6df2d1fd8ea9...,
    d14e08374fc7...,
    c1f1f0055879...,
    6c2c0667393c...,
    e22bce619ae2...,
    e4cc67c3264e...,
    8a7806365bbd...,
    97b883cd8a2b...,
    5921708ce82f...,
    733e38d36a27...,
    99a2705ed38c...
  )
) with ts=EffectiveTime(2026-01-13T10:46:14.394998Z) (epsilon=250 ms)
2026-01-13 16:16:14,159 [canton-env-ec-65] INFO  c.d.c.p.p.DefaultMessageDispatcher:participant=sandbox/domainId=local::122065f8d3ee tid:b08b8e10ff570359b491a707649685db - Processing event at sc=8, ts=2026-01-13T10:46:14.145097Z, with contents=RegisterTopologyTransactionResponse
2026-01-13 16:16:14,159 [canton-env-ec-71] INFO  c.d.c.t.p.TopologyTransactionProcessor:domain=local/node=mediator/client=mediator tid:b08b8e10ff570359b491a707649685db - Storing topology transaction 1/1 Add VettedPackages(
  participant = sandbox::122032f00bd0...,
  packages = Seq(
    539a1a262a2b...,
    315cb5676675...,
    cb0552debf21...,
    3f4deaf145a1...,
    86828b984346...,
    f20de1e4e37b...,
    76bf0fd12bd9...,
    38e6274601b2...,
    d58cf9939847...,
    40f452260bef...,
    e491352788e5...,
    6839a6d3d430...,
    518032f41fd0...,
    0f062c5863c7...,
    a80dd2c5dafc...,
    10e0333b52bb...,
    bfcd37bd6b84...,
    cc348d369011...,
    057eed1fd48c...,
    6df2d1fd8ea9...,
    d14e08374fc7...,
    c1f1f0055879...,
    6c2c0667393c...,
    e22bce619ae2...,
    e4cc67c3264e...,
    8a7806365bbd...,
    97b883cd8a2b...,
    5921708ce82f...,
    733e38d36a27...,
    99a2705ed38c...
  )
) with ts=EffectiveTime(2026-01-13T10:46:14.394998Z) (epsilon=250 ms)
2026-01-13 16:16:15,244 [canton-env-ec-20] INFO  c.d.c.p.a.s.ApiLedgerIdentityService:participant=sandbox tid:a2a3a9c0458415d526b686381f688a92 - Received request for ledger identity: GetLedgerIdentityRequest().
2026-01-13 16:17:39,138 [Thread-0] INFO  c.d.canton.CantonCommunityApp$ - Shutting down...
2026-01-13 16:17:39,156 [Thread-0] INFO  c.d.c.e.CommunityEnvironment - Closing environment...
2026-01-13 16:17:39,164 [canton-env-ec-77] INFO  c.d.c.h.MutableHealthComponent:participant=sandbox - 'sync-domain' is now in state Failed(Component is closed). Previous state was Ok().
2026-01-13 16:17:39,165 [canton-env-ec-77] INFO  c.d.c.h.MutableHealthComponent:participant=sandbox - 'sync-domain-ephemeral' is now in state Failed(Component is closed). Previous state was Ok().
2026-01-13 16:17:39,166 [canton-env-ec-77] INFO  c.d.c.h.MutableHealthComponent:participant=sandbox - 'sequencer-client' is now in state Failed(Component is closed). Previous state was Ok().
2026-01-13 16:17:39,166 [canton-env-ec-77] INFO  c.d.c.h.MutableHealthComponent:participant=sandbox - 'acs-commitment-processor' is now in state Failed(Component is closed). Previous state was Ok().
2026-01-13 16:17:39,179 [canton-env-ec-77] INFO  c.d.c.p.ParticipantNode:participant=sandbox - Stopping participant node
2026-01-13 16:17:39,186 [canton-env-ec-68] INFO  c.d.c.n.g.ApiRequestLogger:participant=sandbox tid:c8d1cd8261666f8381951f48138ae66d - Request c.d.l.a.v.TransactionService/GetTransactions by /127.0.0.1:55764: cancelled
2026-01-13 16:17:39,199 [canton-env-ec-73] INFO  c.d.c.p.a.s.c.CommandServiceImpl:participant=sandbox - Shutting down Command Service.
2026-01-13 16:17:39,211 [canton-env-ec-74] INFO  com.zaxxer.hikari.HikariDataSource - daml.index.db.connection.api-server - Shutdown initiated...
2026-01-13 16:17:39,351 [canton-env-ec-74] INFO  com.zaxxer.hikari.HikariDataSource - daml.index.db.connection.api-server - Shutdown completed.
2026-01-13 16:17:39,352 [canton-env-ec-27] INFO  c.d.c.p.i.RecoveringIndexer:participant=sandbox - Stopping Indexer Server
2026-01-13 16:17:39,354 [canton-env-ec-72] INFO  com.zaxxer.hikari.HikariDataSource - daml.index.db.connection.indexer - Shutdown initiated...
2026-01-13 16:17:39,354 [canton-env-ec-72] INFO  com.zaxxer.hikari.HikariDataSource - daml.index.db.connection.indexer - Shutdown completed.
2026-01-13 16:17:39,354 [canton-env-ec-72] INFO  c.d.c.p.i.RecoveringIndexer:participant=sandbox - Successfully finished processing state updates
2026-01-13 16:17:39,354 [canton-env-ec-72] INFO  c.d.c.p.i.p.ParallelIndexerFactory$:participant=sandbox - Indexing finished.
2026-01-13 16:17:39,354 [canton-env-ec-72] INFO  c.d.c.p.i.RecoveringIndexer:participant=sandbox - Stopped Indexer Server
2026-01-13 16:17:39,356 [canton-env-ec-74] INFO  c.d.c.p.DispatcherState:participant=sandbox - Shutting down Ledger API offset dispatcher state.
2026-01-13 16:17:39,359 [canton-env-ec-74] INFO  c.d.c.p.DispatcherState:participant=sandbox - Ledger API offset dispatcher shutdown.
2026-01-13 16:17:39,599 [canton-env-ec-77] INFO  c.d.c.p.s.SyncDomain:participant=sandbox/domainId=local::122065f8d3ee - 'sync-domain' is now in state Failed(Disconnected from domain). Previous state was Ok().
2026-01-13 16:17:39,599 [canton-env-ec-77] INFO  c.d.c.h.MutableHealthComponent:participant=sandbox - 'sync-domain' is now in state Failed(Disconnected from domain). Previous state was Ok().
2026-01-13 16:17:39,601 [canton-env-ec-77] INFO  c.d.c.s.c.ResilientSequencerSubscription:participant=sandbox/domainId=local::122065f8d3ee - 'sequencer-client' is now in state Failed(Disconnected from domain). Previous state was Ok().
2026-01-13 16:17:39,601 [canton-env-ec-77] INFO  c.d.c.h.DelegatingMutableHealthComponent:participant=sandbox/domainId=local::122065f8d3ee - 'sequencer-client' is now in state Failed(Disconnected from domain). Previous state was Ok().
2026-01-13 16:17:39,601 [canton-env-ec-77] INFO  c.d.c.h.MutableHealthComponent:participant=sandbox - 'sequencer-client' is now in state Failed(Disconnected from domain). Previous state was Ok().
2026-01-13 16:17:39,602 [canton-env-ec-73] INFO  c.d.c.s.c.t.GrpcSequencerSubscription:participant=sandbox/domainId=local::122065f8d3ee - GRPC subscription successfully closed due to client shutdown.
2026-01-13 16:17:39,602 [canton-env-ec-73] INFO  c.d.c.n.g.ApiRequestLogger:domain=local tid:9915ace66d80f0f71b5a1f5b0818eca6 - Request c.d.c.d.a.v.SequencerService/SubscribeVersioned by /127.0.0.1:55773: cancelled
2026-01-13 16:17:39,604 [canton-env-ec-77] INFO  c.d.c.p.p.AcsCommitmentProcessor:participant=sandbox/domainId=local::122065f8d3ee - 'acs-commitment-processor' is now in state Failed(Disconnected from domain). Previous state was Ok().
2026-01-13 16:17:39,604 [canton-env-ec-65] INFO  c.d.c.p.s.CantonSyncService:participant=sandbox - Domain 'local' disconnected because sequencer client was closed
2026-01-13 16:17:39,604 [canton-env-ec-77] INFO  c.d.c.h.MutableHealthComponent:participant=sandbox - 'acs-commitment-processor' is now in state Failed(Disconnected from domain). Previous state was Ok().
2026-01-13 16:17:39,607 [canton-env-ec-77] INFO  c.d.c.p.s.SyncDomainEphemeralState:participant=sandbox/domain-alias=local - 'sync-domain-ephemeral' is now in state Failed(Disconnected from domain). Previous state was Ok().
2026-01-13 16:17:39,607 [canton-env-ec-77] INFO  c.d.c.h.MutableHealthComponent:participant=sandbox - 'sync-domain-ephemeral' is now in state Failed(Disconnected from domain). Previous state was Ok().
2026-01-13 16:17:39,610 [canton-env-ec-77] INFO  c.d.c.h.MutableHealthComponent:participant=sandbox - 'sync-domain' is now in state Failed(Component is closed). Previous state was Failed(Disconnected from domain).
2026-01-13 16:17:39,610 [canton-env-ec-77] INFO  c.d.c.h.MutableHealthComponent:participant=sandbox - 'sync-domain-ephemeral' is now in state Failed(Component is closed). Previous state was Failed(Disconnected from domain).
2026-01-13 16:17:39,610 [canton-env-ec-77] INFO  c.d.c.h.MutableHealthComponent:participant=sandbox - 'sequencer-client' is now in state Failed(Component is closed). Previous state was Failed(Disconnected from domain).
2026-01-13 16:17:39,611 [canton-env-ec-77] INFO  c.d.c.h.MutableHealthComponent:participant=sandbox - 'acs-commitment-processor' is now in state Failed(Component is closed). Previous state was Failed(Disconnected from domain).
2026-01-13 16:17:39,611 [canton-env-ec-77] INFO  c.d.c.r.MemoryStorage:participant=sandbox - 'memory_storage' is now in state Failed(Component is closed). Previous state was Ok().
2026-01-13 16:17:39,611 [canton-env-ec-77] INFO  c.d.c.p.ParticipantNodeBootstrap:participant=sandbox - 'participant' is now in state ServingStatus(status = 'NOT_SERVING'). Previous state was ServingStatus(status = 'SERVING').
2026-01-13 16:17:39,611 [canton-env-ec-77] INFO  c.d.c.c.Crypto:participant=sandbox - 'crypto' is now in state Failed(Component is closed). Previous state was Ok().
2026-01-13 16:17:39,611 [canton-env-ec-77] INFO  c.d.c.c.p.t.TinkPrivateCrypto:participant=sandbox - 'tink-private-crypto' is now in state Failed(Component is closed). Previous state was Ok().
2026-01-13 16:17:39,612 [canton-env-ec-77] INFO  c.d.c.d.DomainNodeBootstrap:domain=local - Stopping domain node
2026-01-13 16:17:39,614 [canton-env-ec-77] INFO  c.d.c.d.t.DomainTopologySender$Impl:domain=local/identity - 'domain-topology-sender' is now in state Failed(Component is closed). Previous state was Ok().
2026-01-13 16:17:39,614 [canton-env-ec-77] INFO  c.d.c.h.MutableHealthComponent:domain=local - 'domain-topology-sender' is now in state Failed(Component is closed). Previous state was Ok().
2026-01-13 16:17:39,614 [canton-env-ec-77] INFO  c.d.c.s.c.ResilientSequencerSubscription:domain=local/client=topology-manager - 'sequencer-client' is now in state Failed(Disconnected from domain). Previous state was Ok().
2026-01-13 16:17:39,614 [canton-env-ec-77] INFO  c.d.c.h.DelegatingMutableHealthComponent:domain=local/client=topology-manager - 'sequencer-client' is now in state Failed(Disconnected from domain). Previous state was Ok().
2026-01-13 16:17:39,614 [canton-env-ec-73] INFO  c.d.c.s.c.t.GrpcSequencerSubscription:domain=local/client=topology-manager - GRPC subscription successfully closed due to client shutdown.
2026-01-13 16:17:39,615 [canton-env-ec-73] INFO  c.d.c.n.g.ApiRequestLogger:domain=local tid:5830dcd378bbbcafaea4ed74550cda91 - Request c.d.c.d.a.v.SequencerService/SubscribeVersioned by /127.0.0.1:55753: cancelled
2026-01-13 16:17:39,617 [canton-env-ec-77] INFO  c.d.c.s.c.ResilientSequencerSubscription:domain=local/client=mediator - 'sequencer-client' is now in state Failed(Disconnected from domain). Previous state was Ok().
2026-01-13 16:17:39,617 [canton-env-ec-77] INFO  c.d.c.h.DelegatingMutableHealthComponent:domain=local/client=mediator - 'sequencer-client' is now in state Failed(Disconnected from domain). Previous state was Ok().
2026-01-13 16:17:39,618 [canton-env-ec-65] INFO  c.d.c.s.c.t.GrpcSequencerSubscription:domain=local/client=mediator - GRPC subscription successfully closed due to client shutdown.
2026-01-13 16:17:39,618 [canton-env-ec-27] INFO  c.d.c.n.g.ApiRequestLogger:domain=local tid:a7f04ff0961abee31936856950ace841 - Request c.d.c.d.a.v.SequencerService/SubscribeVersioned by /127.0.0.1:55755: cancelled
2026-01-13 16:17:39,621 [canton-env-ec-77] INFO  c.d.c.d.s.s.DatabaseSequencer:domain=local - 'sequencer' is now in state SequencerHealthStatus(active = false, details = Sequencer is closed). Previous state was SequencerHealthStatus(active = true).
2026-01-13 16:17:39,621 [canton-env-ec-77] INFO  c.d.c.h.MutableHealthQuasiComponent:domain=local - 'sequencer' is now in state SequencerHealthStatus(active = false, details = Sequencer is closed). Previous state was SequencerHealthStatus(active = true).
2026-01-13 16:17:39,621 [canton-env-ec-77] INFO  c.d.c.d.DomainNodeBootstrap:domain=local - 'sequencer-health-check-service' is now in state ServingStatus(status = 'NOT_SERVING'). Previous state was ServingStatus(status = 'SERVING').
2026-01-13 16:17:39,624 [canton-env-ec-77] INFO  c.d.c.r.MemoryStorage:domain=local - 'memory_storage' is now in state Failed(Component is closed). Previous state was Ok().
2026-01-13 16:17:39,624 [canton-env-ec-77] INFO  c.d.c.d.DomainNodeBootstrap:domain=local - 'domain' is now in state ServingStatus(status = 'NOT_SERVING'). Previous state was ServingStatus(status = 'SERVING').
2026-01-13 16:17:39,625 [canton-env-ec-77] INFO  c.d.c.crypto.Crypto:domain=local - 'crypto' is now in state Failed(Component is closed). Previous state was Ok().
2026-01-13 16:17:39,625 [canton-env-ec-77] INFO  c.d.c.c.p.t.TinkPrivateCrypto:domain=local - 'tink-private-crypto' is now in state Failed(Component is closed). Previous state was Ok().
2026-01-13 16:17:39,634 [canton-env-ec-65] INFO  o.a.pekko.actor.CoordinatedShutdown - Running CoordinatedShutdown with reason [ActorSystemTerminateReason]
2026-01-13 16:17:39,656 [Thread-0] INFO  c.d.canton.CantonCommunityApp$ - Shutdown complete.
2026-01-13 16:17:39,656 [Thread-0] INFO  c.d.canton.CantonCommunityApp$ - Shutting down logger. Bye bye.
2026-01-13 16:17:51,348 [main] INFO  c.d.canton.CantonCommunityApp$ - Starting Canton version 2.10.0
2026-01-13 16:17:51,774 [main] INFO  c.d.canton.CantonCommunityApp$ - Starting up with resolved config:
domains {
    local {
        admin-api {
            port=6868
        }
        init {
            domain-parameters {
                protocol-version="7"
            }
        }
        public-api {
            port=6867
        }
        storage {
            type=memory
        }
    }
}
parameters {
    dev-version-support=true
    non-standard-config=true
    ports-file="/var/folders/6h/h_td7sys15x4866r9hv1k8xc0000gn/T/extra-dir-18491707884/sandbox-portfile"
}
participants {
    sandbox {
        admin-api {
            port=6866
        }
        ledger-api {
            port=6865
            user-management-service {
                enabled=true
            }
        }
        parameters {
            dev-version-support=true
        }
        storage {
            type=memory
        }
    }
}

2026-01-13 16:17:51,791 [main] INFO  c.d.c.e.CommunityEnvironment - Deriving 8 as number of threads from 'sys.runtime.availableProcessors()'. Please use '-Dscala.concurrent.context.numThreads' to override.
2026-01-13 16:17:51,898 [canton-env-ec-20] INFO  o.a.pekko.event.slf4j.Slf4jLogger - Slf4jLogger started
2026-01-13 16:17:51,938 [main] INFO  c.d.c.t.OpenTelemetryFactory$ - Initializing open telemetry with Exporter.Disabled
2026-01-13 16:17:51,970 [main] INFO  c.d.c.e.CommunityEnvironment tid:3e1caa898cf474cdf7a69b5ecebdaf10 - Automatically starting all instances
2026-01-13 16:17:52,089 [canton-env-ec-28] INFO  c.d.c.crypto.Crypto:domain=local - 'crypto' is now in state Ok(). Previous state was Not Initialized.
2026-01-13 16:17:52,090 [canton-env-ec-22] INFO  c.d.c.d.DomainNodeBootstrap:domain=local - Starting admin-api services on CommunityAdminServerConfig(127.0.0.1,Some(6868),None,Some(BasicKeepAliveServerConfig(40s,20s,20s,false)),10485760)
2026-01-13 16:17:52,129 [canton-env-ec-26] INFO  c.d.c.c.Crypto:participant=sandbox - 'crypto' is now in state Ok(). Previous state was Not Initialized.
2026-01-13 16:17:52,129 [canton-env-ec-20] INFO  c.d.c.p.ParticipantNodeBootstrap:participant=sandbox - Starting admin-api services on CommunityAdminServerConfig(127.0.0.1,Some(6866),None,Some(BasicKeepAliveServerConfig(40s,20s,20s,false)),10485760)
2026-01-13 16:17:52,331 [canton-env-ec-22] INFO  c.d.c.d.DomainNodeBootstrap:domain=local - 'domain' is now in state ServingStatus(status = 'SERVING'). Previous state was ServingStatus(status = 'NOT_SERVING').
2026-01-13 16:17:52,332 [canton-env-ec-20] INFO  c.d.c.p.ParticipantNodeBootstrap:participant=sandbox - 'participant' is now in state ServingStatus(status = 'SERVING'). Previous state was ServingStatus(status = 'NOT_SERVING').
2026-01-13 16:17:52,394 [canton-env-ec-29] INFO  c.d.c.p.ParticipantNodeBootstrap:participant=sandbox - Node is not initialized yet. Performing automated default initialization.
2026-01-13 16:17:52,394 [canton-env-ec-26] INFO  c.d.c.d.DomainNodeBootstrap:domain=local - Node is not initialized yet. Performing automated default initialization.
2026-01-13 16:17:52,653 [canton-env-ec-22] INFO  c.d.c.p.t.ParticipantTopologyManager:participant=sandbox tid:75b86dc86e655e76628bb7789c2d6e4e - Applied topology transaction Add NamespaceDelegation(12202aaf07c3..., SigningPublicKey(id = 12202aaf07c3..., format = Tink, scheme = Ed25519), true) at 2026-01-13T10:47:52.652733Z
2026-01-13 16:17:52,653 [canton-env-ec-31] INFO  c.d.c.d.t.DomainTopologyManager:domain=local tid:2575f4562e6cf2d39ea275f9b88fbb75 - Applied topology transaction Add NamespaceDelegation(12205242112e..., SigningPublicKey(id = 12205242112e..., format = Tink, scheme = Ed25519), true) at 2026-01-13T10:47:52.652733Z
2026-01-13 16:17:52,689 [canton-env-ec-32] INFO  c.d.c.d.t.DomainTopologyManager:domain=local tid:2575f4562e6cf2d39ea275f9b88fbb75 - Applied topology transaction Replace DomainParametersChange(
  local::12205242112e...,
  DynamicDomainParameters(
    participant response timeout = 30s,
    mediator reaction timeout = 30s,
    transfer exclusivity timeout = 1m,
    topology change delay = 0.25s,
    ledger time record time tolerance = 1m,
    mediator deduplication timeout = 2m,
    reconciliation interval = 1m,
    max rate per participant = 1000000,
    max request size = 10485760,
    catchup config = CatchUpConfig(catchUpIntervalSkip = 5, nrIntervalsToTriggerCatchUp = 2)
  )
) at 2026-01-13T10:47:52.686320Z
2026-01-13 16:17:52,736 [canton-env-ec-28] INFO  c.d.c.d.t.DomainTopologyManager:domain=local tid:2575f4562e6cf2d39ea275f9b88fbb75 - Applied topology transaction Add OwnerToKeyMapping(DOM::local::12205242112e..., SigningPublicKey(id = 1220c652c3f0..., format = Tink, scheme = Ed25519)) at 2026-01-13T10:47:52.733550Z
2026-01-13 16:17:52,744 [canton-env-ec-20] INFO  c.d.c.d.t.DomainTopologyManager:domain=local - Applied topology transaction Add OwnerToKeyMapping(MED::local::12205242112e..., SigningPublicKey(id = 12209a6b299a..., format = Tink, scheme = Ed25519)) at 2026-01-13T10:47:52.744091Z
2026-01-13 16:17:52,752 [canton-env-ec-26] INFO  c.d.c.d.t.DomainTopologyManager:domain=local - Applied topology transaction Add MediatorDomainState(Both, local::12205242112e..., MED::local::12205242112e...) at 2026-01-13T10:47:52.752372Z
2026-01-13 16:17:52,757 [canton-env-ec-20] INFO  c.d.c.p.a.PackageUploader:participant=sandbox - Initializing Upgradable Package Resolution View
2026-01-13 16:17:52,758 [canton-env-ec-21] INFO  c.d.c.p.a.PackageUploader:participant=sandbox - Upgradable Package Resolution View has been initialized (1 ms)
2026-01-13 16:17:52,762 [canton-env-ec-20] INFO  c.d.c.d.t.DomainTopologyManager:domain=local - Applied topology transaction Add OwnerToKeyMapping(SEQ::local::12205242112e..., SigningPublicKey(id = 12206d79ddab..., format = Tink, scheme = Ed25519)) at 2026-01-13T10:47:52.762007Z
2026-01-13 16:17:52,763 [canton-env-ec-27] INFO  c.d.c.d.DomainNodeBootstrap:domain=local - Initializing node with id NodeId(local::12205242112e...)
2026-01-13 16:17:52,803 [canton-env-ec-28] INFO  c.d.c.p.s.CantonSyncService:participant=sandbox tid:ce642f1286ec0260801ba643c7cf6753 - Recovering published timely rejections
2026-01-13 16:17:52,807 [canton-env-ec-20] INFO  c.d.c.p.s.CantonSyncService:participant=sandbox tid:ce642f1286ec0260801ba643c7cf6753 - Publishing the unpublished events from the ParticipantEventLog
2026-01-13 16:17:52,861 [canton-env-ec-28] INFO  c.d.c.p.l.a.StartableStoppableLedgerApiServer:participant=sandbox - Creating storage, num-indexer: 16, num-ledger-api: 4
2026-01-13 16:17:52,881 [canton-env-ec-27] INFO  c.d.c.d.s.SequencerRuntime:domain=local - Sequencer is healthy
2026-01-13 16:17:52,898 [canton-env-ec-31] INFO  c.d.c.h.MutableHealthQuasiComponent:domain=local - 'sequencer' is now in state SequencerHealthStatus(active = true). Previous state was SequencerHealthStatus(active = false).
2026-01-13 16:17:52,898 [canton-env-ec-31] INFO  c.d.c.d.DomainNodeBootstrap:domain=local - 'sequencer-health-check-service' is now in state ServingStatus(status = 'SERVING'). Previous state was ServingStatus(status = 'NOT_SERVING').
2026-01-13 16:17:52,970 [canton-env-ec-27] INFO  c.d.c.p.s.b.VerifiedDataSource$:participant=sandbox - Attempting to connect to the database (attempt 1/600)
2026-01-13 16:17:53,093 [canton-env-ec-27] INFO  c.d.c.p.s.FlywayMigrations:participant=sandbox - Ensuring Flyway migration has either not started or there are no pending migrations...
2026-01-13 16:17:53,098 [canton-env-ec-27] INFO  o.f.c.i.license.VersionPrinter - Flyway Community Edition 9.15.2 by Redgate
2026-01-13 16:17:53,098 [canton-env-ec-27] INFO  o.f.c.i.license.VersionPrinter - See release notes here: https://rd.gt/416ObMi
2026-01-13 16:17:53,098 [canton-env-ec-27] INFO  o.f.c.i.license.VersionPrinter - 
2026-01-13 16:17:53,117 [canton-env-ec-27] INFO  o.f.c.i.d.base.BaseDatabaseType - Database: jdbc:h2:mem:ledger_api_sandbox12202aaf07c30d1a9f3117a9238054195db8678bfddaaea3046cca5392749d4a97da_dff4b208fbb74ab7b540c9e59c296dfc (H2 2.1)
2026-01-13 16:17:53,120 [canton-env-ec-21] INFO  c.d.c.s.c.SequencerClientImpl:domain=local/client=topology-manager - No event found up to 0001-01-01T00:00:00Z. Resubscribing from the beginning.
2026-01-13 16:17:53,120 [canton-env-ec-21] INFO  c.d.c.s.c.SequencerClientImpl:domain=local/client=topology-manager - Processing events from the SequencedEventStore from 0001-01-01T00:00:00.000001Z on
2026-01-13 16:17:53,135 [canton-env-ec-31] INFO  c.d.c.s.c.SequencerClientImpl:domain=local/client=topology-manager - Starting subscription for alias=SEQ::local::12205242112e... at timestamp None; next counter 0
2026-01-13 16:17:53,139 [canton-env-ec-27] INFO  c.d.c.p.s.FlywayMigrations:participant=sandbox - Running Flyway migration on empty database with 1 migrations pending...
2026-01-13 16:17:53,140 [canton-env-ec-31] INFO  c.d.c.h.DelegatingMutableHealthComponent:domain=local/client=topology-manager - 'sequencer-client' is now in state Ok(). Previous state was Not Initialized.
2026-01-13 16:17:53,146 [canton-env-ec-27] INFO  o.f.c.internal.command.DbValidate - Successfully validated 1 migration (execution time 00:00.001s)
2026-01-13 16:17:53,147 [canton-env-ec-27] INFO  o.f.c.i.s.JdbcTableSchemaHistory - Creating Schema History table "PUBLIC"."flyway_schema_history" ...
2026-01-13 16:17:53,170 [canton-env-ec-27] INFO  o.f.core.internal.command.DbMigrate - Current version of schema "PUBLIC": << Empty Schema >>
2026-01-13 16:17:53,182 [canton-env-ec-26] INFO  c.d.c.d.i.TopologyManagementInitialization$:domain=local - Sending initial topology transactions to domain members Set(DOM::local::12205242112e..., MED::local::12205242112e...) as DOM::local::12205242112e...
2026-01-13 16:17:53,189 [canton-env-ec-27] INFO  o.f.core.internal.command.DbMigrate - Migrating schema "PUBLIC" to version "1 - Append only schema"
2026-01-13 16:17:53,210 [canton-env-ec-28] INFO  c.d.c.d.s.a.MemberAuthenticationServiceOld:domain=local - DOM::local::12205242112e... authenticated new token with expiry 2026-01-13T11:47:53.209210Z
2026-01-13 16:17:53,225 [canton-env-ec-27] INFO  o.f.core.internal.command.DbMigrate - Successfully applied 1 migration to schema "PUBLIC", now at version v1 (execution time 00:00.056s)
2026-01-13 16:17:53,225 [canton-env-ec-27] INFO  c.d.c.p.s.FlywayMigrations:participant=sandbox - Flyway schema migration finished successfully, applying 1 steps on empty database.
2026-01-13 16:17:53,240 [canton-env-ec-31] INFO  c.d.c.d.s.s.GrpcSequencerService:domain=local - DOM::local::12205242112e... subscribes from counter=0
2026-01-13 16:17:53,243 [canton-env-ec-32] INFO  c.d.c.p.i.RecoveringIndexer:participant=sandbox - Starting Indexer Server
2026-01-13 16:17:53,252 [canton-env-ec-32] INFO  com.zaxxer.hikari.HikariDataSource - daml.index.db.connection.indexer - Starting...
2026-01-13 16:17:53,258 [canton-env-ec-32] INFO  com.zaxxer.hikari.HikariDataSource - daml.index.db.connection.indexer - Start completed.
2026-01-13 16:17:53,279 [canton-env-ec-32] INFO  c.d.c.p.i.p.InitializeParallelIngestion:participant=sandbox - Attempting to initialize with participant ID sandbox::12202aaf07c30d1a9f3117a9238054195db8678bfddaaea3046cca5392749d4a97da
2026-01-13 16:17:53,281 [daml.index.db.threadpool.connection.indexer-1] INFO  c.d.c.p.s.b.c.ParameterStorageBackendImpl$:participant=sandbox - Initializing new database for participantId 'sandbox::12202aaf07c30d1a9f3117a9238054195db8678bfddaaea3046cca5392749d4a97da'
2026-01-13 16:17:53,285 [canton-env-ec-21] INFO  c.d.c.d.s.s.GrpcSequencerService:domain=local tid:c1e8b4f3258eaf091a4263d08def714c - 'DOM::local::12205242112e...' sends request with id '82d6abea-776a-419e-982f-454a8817be05' of size 1813 bytes with 2 envelopes.
2026-01-13 16:17:53,291 [canton-env-ec-28] INFO  c.d.c.p.InMemoryState:participant=sandbox - Initializing participant in-memory state to ledger end: LedgerEnd(Offset(Bytes()),0,0)
2026-01-13 16:17:53,300 [canton-env-ec-21] INFO  c.d.c.p.i.UpdatePackageMetadataView$:participant=sandbox - Package Metadata View has been initialized (4 ms)
2026-01-13 16:17:53,302 [canton-env-ec-32] INFO  c.d.c.p.DispatcherState:participant=sandbox - Started a Ledger API offset dispatcher at initialization offset: Offset(Bytes()).
2026-01-13 16:17:53,311 [canton-env-ec-29] INFO  c.d.c.d.s.s.SequencerReader$EventsReader:domain=local/subscriber=DOM::local::12205242112e tid:c1e8b4f3258eaf091a4263d08def714c - Using approximate topology snapshot at 0001-01-01T00:00:00.000001Z for desired timestamp 2026-01-13T10:47:53.301708Z
2026-01-13 16:17:53,324 [canton-env-ec-32] INFO  c.d.c.p.i.p.ParallelIndexerFactory$:participant=sandbox - Indexer initialized, indexing started.
2026-01-13 16:17:53,324 [canton-env-ec-26] INFO  c.d.c.p.i.RecoveringIndexer:participant=sandbox - Started Indexer Server
2026-01-13 16:17:53,326 [canton-env-ec-21] INFO  com.zaxxer.hikari.HikariDataSource - daml.index.db.connection.api-server - Starting...
2026-01-13 16:17:53,326 [canton-env-ec-21] INFO  com.zaxxer.hikari.HikariDataSource - daml.index.db.connection.api-server - Start completed.
2026-01-13 16:17:53,328 [canton-env-ec-27] INFO  c.d.c.s.c.SequencedEventValidatorImpl:domain=local/client=topology-manager tid:c1e8b4f3258eaf091a4263d08def714c - Skipping signature verification of the first sequenced event due to a fresh subscription from SEQ::local::12205242112e...
2026-01-13 16:17:53,335 [input-mapping-pool-0] INFO  c.d.c.p.i.p.ParallelIndexerSubscription:participant=sandbox tid:ce642f1286ec0260801ba643c7cf6753 - Storing at offset=000000000000000001 ConfigurationChanged(
  recordTime = 2026-01-13T10:47:52.814359Z,
  configuration = Configuration(generation = 1, maxDeduplicationDuration = 168h, timeModel = LedgerTimeModel(avgTransactionLatency = 0s, minSkew = 8760h, maxSkew = 8760h)),
  ...
)
2026-01-13 16:17:53,359 [canton-env-ec-20] INFO  c.d.c.p.i.IndexServiceOwner:participant=sandbox - Found existing participant with ID: sandbox::12202aaf07c30d1a9f3117a9238054195db8678bfddaaea3046cca5392749d4a97da`
2026-01-13 16:17:53,368 [canton-env-ec-22] INFO  c.d.c.t.p.DomainTopologyTransactionMessageValidator$Impl:domain=local/client=topology-manager tid:c1e8b4f3258eaf091a4263d08def714c - Using approximate topology snapshot at 0001-01-01T00:00:00.000001Z for desired timestamp 2026-01-13T10:47:53.301708Z
2026-01-13 16:17:53,379 [canton-env-ec-27] INFO  c.d.c.t.p.TopologyTransactionProcessor:domain=local/client=topology-manager tid:c1e8b4f3258eaf091a4263d08def714c - Updated topology change delay from=0s to 0.25s
2026-01-13 16:17:53,380 [canton-env-ec-20] INFO  c.d.c.t.p.TopologyTransactionProcessor:domain=local/client=topology-manager tid:c1e8b4f3258eaf091a4263d08def714c - Storing topology transaction 1/6 Add NamespaceDelegation(12205242112e..., SigningPublicKey(id = 12205242112e..., format = Tink, scheme = Ed25519), true) with ts=EffectiveTime(2026-01-13T10:47:53.301708Z) (epsilon=0 ms)
2026-01-13 16:17:53,381 [canton-env-ec-20] INFO  c.d.c.t.p.TopologyTransactionProcessor:domain=local/client=topology-manager tid:c1e8b4f3258eaf091a4263d08def714c - Storing topology transaction 2/6 Replace DomainParametersChange(
  local::12205242112e...,
  DynamicDomainParameters(
    participant response timeout = 30s,
    mediator reaction timeout = 30s,
    transfer exclusivity timeout = 1m,
    topology change delay = 0.25s,
    ledger time record time tolerance = 1m,
    mediator deduplication timeout = 2m,
    reconciliation interval = 1m,
    max rate per participant = 1000000,
    max request size = 10485760,
    catchup config = CatchUpConfig(catchUpIntervalSkip = 5, nrIntervalsToTriggerCatchUp = 2)
  )
) with ts=EffectiveTime(2026-01-13T10:47:53.301708Z) (epsilon=0 ms)
2026-01-13 16:17:53,381 [canton-env-ec-20] INFO  c.d.c.t.p.TopologyTransactionProcessor:domain=local/client=topology-manager tid:c1e8b4f3258eaf091a4263d08def714c - Storing topology transaction 3/6 Add OwnerToKeyMapping(DOM::local::12205242112e..., SigningPublicKey(id = 1220c652c3f0..., format = Tink, scheme = Ed25519)) with ts=EffectiveTime(2026-01-13T10:47:53.301708Z) (epsilon=0 ms)
2026-01-13 16:17:53,382 [canton-env-ec-20] INFO  c.d.c.t.p.TopologyTransactionProcessor:domain=local/client=topology-manager tid:c1e8b4f3258eaf091a4263d08def714c - Storing topology transaction 4/6 Add OwnerToKeyMapping(MED::local::12205242112e..., SigningPublicKey(id = 12209a6b299a..., format = Tink, scheme = Ed25519)) with ts=EffectiveTime(2026-01-13T10:47:53.301708Z) (epsilon=0 ms)
2026-01-13 16:17:53,382 [canton-env-ec-20] INFO  c.d.c.t.p.TopologyTransactionProcessor:domain=local/client=topology-manager tid:c1e8b4f3258eaf091a4263d08def714c - Storing topology transaction 5/6 Add MediatorDomainState(Both, local::12205242112e..., MED::local::12205242112e...) with ts=EffectiveTime(2026-01-13T10:47:53.301708Z) (epsilon=0 ms)
2026-01-13 16:17:53,382 [canton-env-ec-20] INFO  c.d.c.t.p.TopologyTransactionProcessor:domain=local/client=topology-manager tid:c1e8b4f3258eaf091a4263d08def714c - Storing topology transaction 6/6 Add OwnerToKeyMapping(SEQ::local::12205242112e..., SigningPublicKey(id = 12206d79ddab..., format = Tink, scheme = Ed25519)) with ts=EffectiveTime(2026-01-13T10:47:53.301708Z) (epsilon=0 ms)
2026-01-13 16:17:53,389 [canton-env-ec-21] INFO  c.d.c.p.a.r.MemoryCheck$:participant=sandbox - Using 'tenured' memory pool G1 Old Gen.  Setting its collection pool threshold to 2147483648
2026-01-13 16:17:53,403 [canton-env-ec-31] INFO  c.d.c.h.MutableHealthComponent:domain=local - 'domain-topology-sender' is now in state Ok(). Previous state was Not Initialized.
2026-01-13 16:17:53,409 [canton-env-ec-29] INFO  c.d.c.p.a.ApiServices$Owner:participant=sandbox - Daml-LF Engine supports LF versions: 1.14, 1.15, 1.17, 1.dev
2026-01-13 16:17:53,416 [canton-env-ec-31] INFO  c.d.c.p.a.c.LedgerConfigurationSubscriptionFromIndex:participant=sandbox - Initial ledger configuration lookup found configuration Configuration(1,LedgerTimeModel(PT0S,PT8760H,PT8760H),PT168H) at Absolute(000000000000000001). Looking for new ledger configurations from this offset.
2026-01-13 16:17:53,444 [canton-env-ec-29] INFO  c.d.c.s.c.SequencerClientImpl:domain=local/client=mediator - No event found up to 0001-01-01T00:00:00Z. Resubscribing from the beginning.
2026-01-13 16:17:53,444 [canton-env-ec-29] INFO  c.d.c.s.c.SequencerClientImpl:domain=local/client=mediator - Processing events from the SequencedEventStore from 0001-01-01T00:00:00.000001Z on
2026-01-13 16:17:53,446 [canton-env-ec-31] INFO  c.d.c.s.c.SequencerClientImpl:domain=local/client=mediator - Starting subscription for alias=SEQ::local::12205242112e... at timestamp None; next counter 0
2026-01-13 16:17:53,446 [canton-env-ec-31] INFO  c.d.c.h.DelegatingMutableHealthComponent:domain=local/client=mediator - 'sequencer-client' is now in state Ok(). Previous state was Not Initialized.
2026-01-13 16:17:53,458 [canton-env-ec-32] INFO  c.d.c.d.s.a.MemberAuthenticationServiceOld:domain=local - MED::local::12205242112e... authenticated new token with expiry 2026-01-13T11:47:53.458537Z
2026-01-13 16:17:53,462 [canton-env-ec-21] INFO  c.d.c.d.s.s.GrpcSequencerService:domain=local - MED::local::12205242112e... subscribes from counter=0
2026-01-13 16:17:53,470 [canton-env-ec-26] INFO  c.d.c.s.c.SequencedEventValidatorImpl:domain=local/client=mediator tid:c1e8b4f3258eaf091a4263d08def714c - Skipping signature verification of the first sequenced event due to a fresh subscription from SEQ::local::12205242112e...
2026-01-13 16:17:53,474 [canton-env-ec-29] INFO  c.d.c.d.m.Mediator:domain=local/node=mediator tid:c1e8b4f3258eaf091a4263d08def714c - Caught up with batch with counter=0 with sequencer with 173 ms delay
2026-01-13 16:17:53,475 [canton-env-ec-29] INFO  c.d.c.t.p.DomainTopologyTransactionMessageValidator$Impl:domain=local/node=mediator/client=mediator tid:c1e8b4f3258eaf091a4263d08def714c - Using approximate topology snapshot at 0001-01-01T00:00:00.000001Z for desired timestamp 2026-01-13T10:47:53.301708Z
2026-01-13 16:17:53,479 [canton-env-ec-20] INFO  c.d.c.t.p.TopologyTransactionProcessor:domain=local/node=mediator/client=mediator tid:c1e8b4f3258eaf091a4263d08def714c - Updated topology change delay from=0s to 0.25s
2026-01-13 16:17:53,480 [canton-env-ec-20] INFO  c.d.c.t.p.TopologyTransactionProcessor:domain=local/node=mediator/client=mediator tid:c1e8b4f3258eaf091a4263d08def714c - Storing topology transaction 1/6 Add NamespaceDelegation(12205242112e..., SigningPublicKey(id = 12205242112e..., format = Tink, scheme = Ed25519), true) with ts=EffectiveTime(2026-01-13T10:47:53.301708Z) (epsilon=0 ms)
2026-01-13 16:17:53,481 [canton-env-ec-20] INFO  c.d.c.t.p.TopologyTransactionProcessor:domain=local/node=mediator/client=mediator tid:c1e8b4f3258eaf091a4263d08def714c - Storing topology transaction 2/6 Replace DomainParametersChange(
  local::12205242112e...,
  DynamicDomainParameters(
    participant response timeout = 30s,
    mediator reaction timeout = 30s,
    transfer exclusivity timeout = 1m,
    topology change delay = 0.25s,
    ledger time record time tolerance = 1m,
    mediator deduplication timeout = 2m,
    reconciliation interval = 1m,
    max rate per participant = 1000000,
    max request size = 10485760,
    catchup config = CatchUpConfig(catchUpIntervalSkip = 5, nrIntervalsToTriggerCatchUp = 2)
  )
) with ts=EffectiveTime(2026-01-13T10:47:53.301708Z) (epsilon=0 ms)
2026-01-13 16:17:53,481 [canton-env-ec-20] INFO  c.d.c.t.p.TopologyTransactionProcessor:domain=local/node=mediator/client=mediator tid:c1e8b4f3258eaf091a4263d08def714c - Storing topology transaction 3/6 Add OwnerToKeyMapping(DOM::local::12205242112e..., SigningPublicKey(id = 1220c652c3f0..., format = Tink, scheme = Ed25519)) with ts=EffectiveTime(2026-01-13T10:47:53.301708Z) (epsilon=0 ms)
2026-01-13 16:17:53,484 [canton-env-ec-20] INFO  c.d.c.t.p.TopologyTransactionProcessor:domain=local/node=mediator/client=mediator tid:c1e8b4f3258eaf091a4263d08def714c - Storing topology transaction 4/6 Add OwnerToKeyMapping(MED::local::12205242112e..., SigningPublicKey(id = 12209a6b299a..., format = Tink, scheme = Ed25519)) with ts=EffectiveTime(2026-01-13T10:47:53.301708Z) (epsilon=0 ms)
2026-01-13 16:17:53,484 [canton-env-ec-20] INFO  c.d.c.t.p.TopologyTransactionProcessor:domain=local/node=mediator/client=mediator tid:c1e8b4f3258eaf091a4263d08def714c - Storing topology transaction 5/6 Add MediatorDomainState(Both, local::12205242112e..., MED::local::12205242112e...) with ts=EffectiveTime(2026-01-13T10:47:53.301708Z) (epsilon=0 ms)
2026-01-13 16:17:53,484 [canton-env-ec-20] INFO  c.d.c.t.p.TopologyTransactionProcessor:domain=local/node=mediator/client=mediator tid:c1e8b4f3258eaf091a4263d08def714c - Storing topology transaction 6/6 Add OwnerToKeyMapping(SEQ::local::12205242112e..., SigningPublicKey(id = 12206d79ddab..., format = Tink, scheme = Ed25519)) with ts=EffectiveTime(2026-01-13T10:47:53.301708Z) (epsilon=0 ms)
2026-01-13 16:17:53,550 [canton-env-ec-32] INFO  c.d.c.p.a.LedgerApiService:participant=sandbox - Listening on 127.0.0.1:6865 over plain text with LedgerApiKeepAliveServerConfig(10m,20s,10s,true).
2026-01-13 16:17:53,550 [canton-env-ec-26] INFO  c.d.c.p.a.ApiServiceOwner$:participant=sandbox - Initialized API server version {component version not found on classpath} with ledger-id = sandbox, port = 6865.
2026-01-13 16:17:53,571 [canton-env-ec-20] INFO  c.d.c.p.a.s.ApiLedgerIdentityService:participant=sandbox tid:ff1b3cfb2f55205baf207cd1504066e4 - Received request for ledger identity: GetLedgerIdentityRequest().
2026-01-13 16:17:54,308 [canton-env-ec-73] INFO  c.d.c.p.a.s.ApiPackageService:participant=sandbox tid:6ab2807d17838ddd3bd8dfb2de12c34c - Received request for a package status: GetPackageStatusRequest(sandbox,86828b9843465f419db1ef8a8ee741d1eef645df02375ebf509cdc8c3ddd16cb), packageId -> '86828b9843465f419db1ef8a8ee741d1eef645df02375ebf509cdc8c3ddd16cb'.
2026-01-13 16:17:54,308 [canton-env-ec-70] INFO  c.d.c.p.a.s.ApiPackageService:participant=sandbox tid:3553f9d9d5341d702574630ee15d4bc7 - Received request for a package status: GetPackageStatusRequest(sandbox,8a7806365bbd98d88b4c13832ebfa305f6abaeaf32cfa2b7dd25c4fa489b79fb), packageId -> '8a7806365bbd98d88b4c13832ebfa305f6abaeaf32cfa2b7dd25c4fa489b79fb'.
2026-01-13 16:17:54,309 [canton-env-ec-31] INFO  c.d.c.p.a.s.ApiPackageService:participant=sandbox tid:518d5dc32153a773b2159311a0b3270a - Received request for a package status: GetPackageStatusRequest(sandbox,99a2705ed38c1c26cbb8fe7acf36bbf626668e167a33335de932599219e0a235), packageId -> '99a2705ed38c1c26cbb8fe7acf36bbf626668e167a33335de932599219e0a235'.
2026-01-13 16:17:54,309 [canton-env-ec-28] INFO  c.d.c.p.a.s.ApiPackageService:participant=sandbox tid:d885c7d76bf3d4651b137928ba14af88 - Received request for a package status: GetPackageStatusRequest(sandbox,6c2c0667393c5f92f1885163068cd31800d2264eb088eb6fc740e11241b2bf06), packageId -> '6c2c0667393c5f92f1885163068cd31800d2264eb088eb6fc740e11241b2bf06'.
2026-01-13 16:17:54,308 [canton-env-ec-75] INFO  c.d.c.p.a.s.ApiPackageService:participant=sandbox tid:25e9c6bb82a96887b2864d0e7c2b8287 - Received request for a package status: GetPackageStatusRequest(sandbox,8abf89c9b4a8d85b16ec66b58c6dc2eb41fb1eba02c36d67e21ca5a4dfa01552), packageId -> '8abf89c9b4a8d85b16ec66b58c6dc2eb41fb1eba02c36d67e21ca5a4dfa01552'.
2026-01-13 16:17:54,308 [canton-env-ec-20] INFO  c.d.c.p.a.s.ApiPackageService:participant=sandbox tid:282d0d9751a7731dc2100524c3e0e140 - Received request for a package status: GetPackageStatusRequest(sandbox,cc348d369011362a5190fe96dd1f0dfbc697fdfd10e382b9e9666f0da05961b7), packageId -> 'cc348d369011362a5190fe96dd1f0dfbc697fdfd10e382b9e9666f0da05961b7'.
2026-01-13 16:17:54,310 [canton-env-ec-76] INFO  c.d.c.p.a.s.ApiPackageService:participant=sandbox tid:168eda551aba35cf93645e0fec1b2fb9 - Received request for a package status: GetPackageStatusRequest(sandbox,6839a6d3d430c569b2425e9391717b44ca324b88ba621d597778811b2d05031d), packageId -> '6839a6d3d430c569b2425e9391717b44ca324b88ba621d597778811b2d05031d'.
2026-01-13 16:17:54,309 [canton-env-ec-68] INFO  c.d.c.p.a.s.ApiPackageService:participant=sandbox tid:99b59eacfe376022125c965748c2006f - Received request for a package status: GetPackageStatusRequest(sandbox,5921708ce82f4255deb1b26d2c05358b548720938a5a325718dc69f381ba47ff), packageId -> '5921708ce82f4255deb1b26d2c05358b548720938a5a325718dc69f381ba47ff'.
2026-01-13 16:17:54,309 [canton-env-ec-32] INFO  c.d.c.p.a.s.ApiPackageService:participant=sandbox tid:dbefe4b689ca4123d5eb3f9c0e5235bd - Received request for a package status: GetPackageStatusRequest(sandbox,d58cf9939847921b2aab78eaa7b427dc4c649d25e6bee3c749ace4c3f52f5c97), packageId -> 'd58cf9939847921b2aab78eaa7b427dc4c649d25e6bee3c749ace4c3f52f5c97'.
2026-01-13 16:17:54,310 [canton-env-ec-79] INFO  c.d.c.p.a.s.ApiPackageService:participant=sandbox tid:7214053aa3bd79534e80e8de5e3c26f7 - Received request for a package status: GetPackageStatusRequest(sandbox,6851f194e144b693e63e9034b956c76cef6b5088dd8c66a657ab652a204dba2b), packageId -> '6851f194e144b693e63e9034b956c76cef6b5088dd8c66a657ab652a204dba2b'.
2026-01-13 16:17:54,310 [canton-env-ec-69] INFO  c.d.c.p.a.s.ApiPackageService:participant=sandbox tid:48b56a89435b84f350675758136bf8b8 - Received request for a package status: GetPackageStatusRequest(sandbox,e4cc67c3264eba4a19c080cac5ab32d87551578e0f5f58b6a9460f91c7abc254), packageId -> 'e4cc67c3264eba4a19c080cac5ab32d87551578e0f5f58b6a9460f91c7abc254'.
2026-01-13 16:17:54,309 [canton-env-ec-22] INFO  c.d.c.p.a.s.ApiPackageService:participant=sandbox tid:d7ee6192d775cb42019251dfd5436683 - Received request for a package status: GetPackageStatusRequest(sandbox,c058a0c9602a9c8d85066c27bf4d81c3d7da69c07a87270b1fcedfd284cea7ff), packageId -> 'c058a0c9602a9c8d85066c27bf4d81c3d7da69c07a87270b1fcedfd284cea7ff'.
2026-01-13 16:17:54,311 [canton-env-ec-69] INFO  c.d.c.p.a.s.ApiPackageService:participant=sandbox tid:8c1a485f08650fef7bff6545611647d9 - Received request for a package status: GetPackageStatusRequest(sandbox,d14e08374fc7197d6a0de468c968ae8ba3aadbf9315476fd39071831f5923662), packageId -> 'd14e08374fc7197d6a0de468c968ae8ba3aadbf9315476fd39071831f5923662'.
2026-01-13 16:17:54,312 [canton-env-ec-22] INFO  c.d.c.p.a.s.ApiPackageService:participant=sandbox tid:b1247e3f488b22230d3bf272f77fbda2 - Received request for a package status: GetPackageStatusRequest(sandbox,057eed1fd48c238491b8ea06b9b5bf85a5d4c9275dd3f6183e0e6b01730cc2ba), packageId -> '057eed1fd48c238491b8ea06b9b5bf85a5d4c9275dd3f6183e0e6b01730cc2ba'.
2026-01-13 16:17:54,309 [canton-env-ec-74] INFO  c.d.c.p.a.s.ApiPackageService:participant=sandbox tid:4b710e7fe9c7dda8512a451e89b80fdd - Received request for a package status: GetPackageStatusRequest(sandbox,f20de1e4e37b92280264c08bf15eca0be0bc5babd7a7b5e574997f154c00cb78), packageId -> 'f20de1e4e37b92280264c08bf15eca0be0bc5babd7a7b5e574997f154c00cb78'.
2026-01-13 16:17:54,312 [canton-env-ec-21] INFO  c.d.c.p.a.s.ApiPackageService:participant=sandbox tid:b30c885cf7f4fd4b4c749ddca463d943 - Received request for a package status: GetPackageStatusRequest(sandbox,65921e553a353588e950cbc87e98a127730e63295f7ad8d3adae952ef0133b3e), packageId -> '65921e553a353588e950cbc87e98a127730e63295f7ad8d3adae952ef0133b3e'.
2026-01-13 16:17:54,313 [canton-env-ec-21] INFO  c.d.c.p.a.s.ApiPackageService:participant=sandbox tid:1d333350308a2b3b04fe3a0a1c838a6c - Received request for a package status: GetPackageStatusRequest(sandbox,97b883cd8a2b7f49f90d5d39c981cf6e110cf1f1c64427a28a6d58ec88c43657), packageId -> '97b883cd8a2b7f49f90d5d39c981cf6e110cf1f1c64427a28a6d58ec88c43657'.
2026-01-13 16:17:54,313 [canton-env-ec-21] INFO  c.d.c.p.a.s.ApiPackageService:participant=sandbox tid:0802f29cc8c22f275cc3d804077a6feb - Received request for a package status: GetPackageStatusRequest(sandbox,38e6274601b21d7202bb995bc5ec147decda5a01b68d57dda422425038772af7), packageId -> '38e6274601b21d7202bb995bc5ec147decda5a01b68d57dda422425038772af7'.
2026-01-13 16:17:54,313 [canton-env-ec-27] INFO  c.d.c.p.a.s.ApiPackageService:participant=sandbox tid:6fe10b2c4abb958159b864c3c7eeb8bc - Received request for a package status: GetPackageStatusRequest(sandbox,733e38d36a2759688a4b2c4cec69d48e7b55ecc8dedc8067b815926c917a182a), packageId -> '733e38d36a2759688a4b2c4cec69d48e7b55ecc8dedc8067b815926c917a182a'.
2026-01-13 16:17:54,313 [canton-env-ec-21] INFO  c.d.c.p.a.s.ApiPackageService:participant=sandbox tid:4d16c212cd6381a849b01226bd4e79e1 - Received request for a package status: GetPackageStatusRequest(sandbox,40f452260bef3f29dede136108fc08a88d5a5250310281067087da6f0baddff7), packageId -> '40f452260bef3f29dede136108fc08a88d5a5250310281067087da6f0baddff7'.
2026-01-13 16:17:54,313 [canton-env-ec-72] INFO  c.d.c.p.a.s.ApiPackageService:participant=sandbox tid:f88f59aab2243c186853721faf03c3d9 - Received request for a package status: GetPackageStatusRequest(sandbox,3f4deaf145a15cdcfa762c058005e2edb9baa75bb7f95a4f8f6f937378e86415), packageId -> '3f4deaf145a15cdcfa762c058005e2edb9baa75bb7f95a4f8f6f937378e86415'.
2026-01-13 16:17:54,312 [canton-env-ec-69] INFO  c.d.c.p.a.s.ApiPackageService:participant=sandbox tid:70a9b39c1641f878a70b46fd698005fa - Received request for a package status: GetPackageStatusRequest(sandbox,e491352788e56ca4603acc411ffe1a49fefd76ed8b163af86cf5ee5f4c38645b), packageId -> 'e491352788e56ca4603acc411ffe1a49fefd76ed8b163af86cf5ee5f4c38645b'.
2026-01-13 16:17:54,311 [canton-env-ec-79] INFO  c.d.c.p.a.s.ApiPackageService:participant=sandbox tid:119b19663457b77e44d7b63dca100731 - Received request for a package status: GetPackageStatusRequest(sandbox,e22bce619ae24ca3b8e6519281cb5a33b64b3190cc763248b4c3f9ad5087a92c), packageId -> 'e22bce619ae24ca3b8e6519281cb5a33b64b3190cc763248b4c3f9ad5087a92c'.
2026-01-13 16:17:54,311 [canton-env-ec-68] INFO  c.d.c.p.a.s.ApiPackageService:participant=sandbox tid:c5600a63666bfd1f9f18ba01acfa23c7 - Received request for a package status: GetPackageStatusRequest(sandbox,76bf0fd12bd945762a01f8fc5bbcdfa4d0ff20f8762af490f8f41d6237c6524f), packageId -> '76bf0fd12bd945762a01f8fc5bbcdfa4d0ff20f8762af490f8f41d6237c6524f'.
2026-01-13 16:17:54,316 [canton-env-ec-81] INFO  c.d.c.p.a.s.ApiPackageService:participant=sandbox tid:4131d9d39dc91e2161c0dbbac0374838 - Received request for a package status: GetPackageStatusRequest(sandbox,cb0552debf219cc909f51cbb5c3b41e9981d39f8f645b1f35e2ef5be2e0b858a), packageId -> 'cb0552debf219cc909f51cbb5c3b41e9981d39f8f645b1f35e2ef5be2e0b858a'.
2026-01-13 16:17:54,310 [canton-env-ec-71] INFO  c.d.c.p.a.s.ApiPackageService:participant=sandbox tid:bcbaa19a2158b00d2de6191b40cc0510 - Received request for a package status: GetPackageStatusRequest(sandbox,57b5c520512c24035057aa4c783cb7ac7f3f49db29806280962e188be7aadb66), packageId -> '57b5c520512c24035057aa4c783cb7ac7f3f49db29806280962e188be7aadb66'.
2026-01-13 16:17:54,316 [canton-env-ec-80] INFO  c.d.c.p.a.s.ApiPackageService:participant=sandbox tid:abc23f7a8306c63d08cb37758d4cb72a - Received request for a package status: GetPackageStatusRequest(sandbox,518032f41fd0175461b35ae0c9691e08b4aea55e62915f8360af2cc7a1f2ba6c), packageId -> '518032f41fd0175461b35ae0c9691e08b4aea55e62915f8360af2cc7a1f2ba6c'.
2026-01-13 16:17:54,309 [canton-env-ec-82] INFO  c.d.c.p.a.s.ApiPackageService:participant=sandbox tid:54470435b496980f806a2b2280f7116e - Received request for a package status: GetPackageStatusRequest(sandbox,bfcd37bd6b84768e86e432f5f6c33e25d9e7724a9d42e33875ff74f6348e733f), packageId -> 'bfcd37bd6b84768e86e432f5f6c33e25d9e7724a9d42e33875ff74f6348e733f'.
2026-01-13 16:17:54,316 [canton-env-ec-20] INFO  c.d.c.p.a.s.ApiPackageService:participant=sandbox tid:4ec8eacdc04842c675b041f3bdc881a2 - Received request for a package status: GetPackageStatusRequest(sandbox,852d8e3a8ccf952acc73e17522846bc1eb41498e840d637e519ddcca7dbc7671), packageId -> '852d8e3a8ccf952acc73e17522846bc1eb41498e840d637e519ddcca7dbc7671'.
2026-01-13 16:17:54,315 [canton-env-ec-32] INFO  c.d.c.p.a.s.ApiPackageService:participant=sandbox tid:5a1e5ac1c336be376601742b57133265 - Received request for a package status: GetPackageStatusRequest(sandbox,20a8d69c867d7184fd98b7c87f2428aa2c02f6a8a0edc756aac59592a0b6dc3b), packageId -> '20a8d69c867d7184fd98b7c87f2428aa2c02f6a8a0edc756aac59592a0b6dc3b'.
2026-01-13 16:17:54,315 [canton-env-ec-78] INFO  c.d.c.p.a.s.ApiPackageService:participant=sandbox tid:1a21f706aa3797a6f8c5d0d83e8ca8c9 - Received request for a package status: GetPackageStatusRequest(sandbox,10e0333b52bba1ff147fc408a6b7d68465b157635ee230493bd6029b750dcb05), packageId -> '10e0333b52bba1ff147fc408a6b7d68465b157635ee230493bd6029b750dcb05'.
2026-01-13 16:17:54,313 [canton-env-ec-29] INFO  c.d.c.p.a.s.ApiPackageService:participant=sandbox tid:01f6083d64831b0593604f1a41e08206 - Received request for a package status: GetPackageStatusRequest(sandbox,c1f1f00558799eec139fb4f4c76f95fb52fa1837a5dd29600baa1c8ed1bdccfd), packageId -> 'c1f1f00558799eec139fb4f4c76f95fb52fa1837a5dd29600baa1c8ed1bdccfd'.
2026-01-13 16:17:55,482 [input-mapping-pool-1] INFO  c.d.c.p.i.p.ParallelIndexerSubscription:participant=sandbox tid:e6f06054ccf0c8cd8f6e0ed4e1a1e7f4 - Storing at offset=000000000000000002 PublicPackageUpload(
  recordTime = 2026-01-13T10:47:55.478847Z,
  archives = Seq(
    c058a0c9602a...,
    65921e553a35...,
    6851f194e144...,
    57b5c520512c...,
    cb0552debf21...,
    3f4deaf145a1...,
    86828b984346...,
    f20de1e4e37b...,
    76bf0fd12bd9...,
    38e6274601b2...,
    d58cf9939847...,
    40f452260bef...,
    e491352788e5...,
    6839a6d3d430...,
    518032f41fd0...,
    20a8d69c867d...,
    8abf89c9b4a8...,
    852d8e3a8ccf...,
    10e0333b52bb...,
    bfcd37bd6b84...,
    cc348d369011...,
    057eed1fd48c...,
    d14e08374fc7...,
    c1f1f0055879...,
    6c2c0667393c...,
    e22bce619ae2...,
    e4cc67c3264e...,
    8a7806365bbd...,
    97b883cd8a2b...,
    5921708ce82f...,
    733e38d36a27...,
    99a2705ed38c...
  ),
  sourceDescription = 'AdminWorkflowsWithVacuuming'
)
2026-01-13 16:17:55,930 [canton-env-ec-78] INFO  c.d.c.p.t.ParticipantTopologyManager:participant=sandbox tid:e6f06054ccf0c8cd8f6e0ed4e1a1e7f4 - Applied topology transaction Add VettedPackages(
  participant = sandbox::12202aaf07c3...,
  packages = Seq(
    c058a0c9602a...,
    65921e553a35...,
    6851f194e144...,
    57b5c520512c...,
    cb0552debf21...,
    3f4deaf145a1...,
    86828b984346...,
    f20de1e4e37b...,
    76bf0fd12bd9...,
    38e6274601b2...,
    d58cf9939847...,
    40f452260bef...,
    e491352788e5...,
    6839a6d3d430...,
    518032f41fd0...,
    20a8d69c867d...,
    8abf89c9b4a8...,
    852d8e3a8ccf...,
    10e0333b52bb...,
    bfcd37bd6b84...,
    cc348d369011...,
    057eed1fd48c...,
    d14e08374fc7...,
    c1f1f0055879...,
    6c2c0667393c...,
    e22bce619ae2...,
    e4cc67c3264e...,
    8a7806365bbd...,
    97b883cd8a2b...,
    5921708ce82f...,
    733e38d36a27...,
    99a2705ed38c...
  )
) at 2026-01-13T10:47:55.930383Z
2026-01-13 16:17:55,941 [canton-env-ec-20] INFO  c.d.c.p.a.s.ApiLedgerIdentityService:participant=sandbox tid:430390c54280b4d6dc906d1f575531aa - Received request for ledger identity: GetLedgerIdentityRequest().
2026-01-13 16:17:55,949 [canton-env-ec-31] INFO  c.d.c.p.a.s.ApiPackageService:participant=sandbox tid:a2ecac561f99dc18982a676fe383e2f7 - Received request for a package status: GetPackageStatusRequest(sandbox,65921e553a353588e950cbc87e98a127730e63295f7ad8d3adae952ef0133b3e), packageId -> '65921e553a353588e950cbc87e98a127730e63295f7ad8d3adae952ef0133b3e'.
2026-01-13 16:17:55,982 [canton-env-ec-70] INFO  c.d.c.p.a.s.t.TransactionServiceImpl:participant=sandbox tid:cbaccbd1c34e97a2a8fa991ed2713000 - Received request for transactions, startExclusive -> '000000000000000002', endInclusive -> , filters -> {sandbox::12202aaf07c30d1a9f3117a9238054195db8678bfddaaea3046cca5392749d4a97da: 'all-templates'}, verbose -> false, ledgerId -> 'sandbox'.
2026-01-13 16:17:56,031 [canton-env-ec-82] INFO  c.d.c.p.t.ParticipantTopologyManager:participant=sandbox tid:75b86dc86e655e76628bb7789c2d6e4e - Applied topology transaction Add OwnerToKeyMapping(PAR::sandbox::12202aaf07c3..., SigningPublicKey(id = 122082f94cbc..., format = Tink, scheme = Ed25519)) at 2026-01-13T10:47:56.031385Z
2026-01-13 16:17:56,033 [canton-env-ec-26] INFO  c.d.c.p.t.ParticipantTopologyManager:participant=sandbox tid:75b86dc86e655e76628bb7789c2d6e4e - Applied topology transaction Add OwnerToKeyMapping(PAR::sandbox::12202aaf07c3..., EncryptionPublicKey(id = 1220ce560dc7..., format = Tink, scheme = ECIES-P256_HMAC256_AES128-GCM)) at 2026-01-13T10:47:56.033805Z
2026-01-13 16:17:56,034 [canton-env-ec-71] INFO  c.d.c.p.ParticipantNodeBootstrap:participant=sandbox - Initializing node with id NodeId(sandbox::12202aaf07c3...)
2026-01-13 16:17:56,036 [canton-env-ec-71] INFO  c.d.c.p.s.CantonSyncService:participant=sandbox tid:3e1caa898cf474cdf7a69b5ecebdaf10 - Reconnecting to domains List(). Already connected: Set()
2026-01-13 16:17:56,037 [canton-env-ec-71] INFO  c.d.c.p.s.CantonSyncService:participant=sandbox tid:3e1caa898cf474cdf7a69b5ecebdaf10 - Successfully re-connected to domains List()
2026-01-13 16:17:56,037 [main] INFO  c.d.c.e.CommunityEnvironment - Auto-connecting local participants List(sandbox) to local domains List(local)
2026-01-13 16:17:56,062 [canton-env-ec-71] INFO  c.d.c.c.d.g.SequencerInfoLoader:participant=sandbox - Version handshake with sequencer Sequencer 'DefaultSequencer' and domain using protocol version 7 succeeded.
2026-01-13 16:17:56,103 [canton-env-ec-78] INFO  c.d.c.p.t.ParticipantTopologyManager:participant=sandbox - Applied topology transaction Add ParticipantState(To, local::12205242112e..., PAR::sandbox::12202aaf07c3..., Submission, Ordinary) at 2026-01-13T10:47:56.103328Z
2026-01-13 16:17:56,122 [canton-env-ec-82] INFO  c.d.c.s.c.SequencerClientImpl:participant=sandbox/domainId=local::12205242112e - No event found up to 0001-01-01T00:00:00Z. Resubscribing from the beginning.
2026-01-13 16:17:56,122 [canton-env-ec-82] INFO  c.d.c.s.c.SequencerClientImpl:participant=sandbox/domainId=local::12205242112e - Processing events from the SequencedEventStore from 0001-01-01T00:00:00.000001Z on
2026-01-13 16:17:56,122 [canton-env-ec-70] INFO  c.d.c.s.c.SequencerClientImpl:participant=sandbox/domainId=local::12205242112e - Starting subscription for alias=SEQ::local::12205242112e... at timestamp None; next counter 0
2026-01-13 16:17:56,122 [canton-env-ec-70] INFO  c.d.c.h.DelegatingMutableHealthComponent:participant=sandbox/domainId=local::12205242112e - 'sequencer-client' is now in state Ok(). Previous state was Not Initialized.
2026-01-13 16:17:56,124 [canton-env-ec-20] INFO  c.d.c.d.s.s.GrpcSequencerService:domain=local - UNM::f7c20366b0f832500676bc530091f85e2083a9d3::12202aaf07c3... subscribes from counter=0
2026-01-13 16:17:56,139 [canton-env-ec-26] INFO  c.d.c.d.s.s.GrpcSequencerService:domain=local tid:89116a9fb570a1aaec9d3ea4f8294f93 - 'UNM::f7c20366b0f832500676bc530091f85e2083a9d3::12202aaf07c3...' sends request with id '502fac25-3b65-40a6-89c4-8fdbed8c7330' of size 1426 bytes with 1 envelopes.
2026-01-13 16:17:56,145 [canton-env-ec-76] INFO  c.d.c.d.s.s.SequencerReader$EventsReader:domain=local/subscriber=UNM::f7c20366b0f832500676bc530091f85e2083a9d3::12202aaf07c3 tid:89116a9fb570a1aaec9d3ea4f8294f93 - Using approximate topology snapshot at 2026-01-13T10:47:53.301709Z for desired timestamp 2026-01-13T10:47:56.144079Z
2026-01-13 16:17:56,171 [canton-env-ec-76] INFO  c.d.c.d.t.DomainTopologyManager:domain=local tid:89116a9fb570a1aaec9d3ea4f8294f93 - Applied topology transaction Add NamespaceDelegation(12202aaf07c3..., SigningPublicKey(id = 12202aaf07c3..., format = Tink, scheme = Ed25519), true) at 2026-01-13T10:47:56.171046Z
2026-01-13 16:17:56,173 [canton-env-ec-82] INFO  c.d.c.d.t.DomainTopologyManager:domain=local tid:89116a9fb570a1aaec9d3ea4f8294f93 - Applied topology transaction Add OwnerToKeyMapping(PAR::sandbox::12202aaf07c3..., SigningPublicKey(id = 122082f94cbc..., format = Tink, scheme = Ed25519)) at 2026-01-13T10:47:56.173790Z
2026-01-13 16:17:56,175 [canton-env-ec-26] INFO  c.d.c.d.t.DomainTopologyManager:domain=local tid:89116a9fb570a1aaec9d3ea4f8294f93 - Applied topology transaction Add OwnerToKeyMapping(PAR::sandbox::12202aaf07c3..., EncryptionPublicKey(id = 1220ce560dc7..., format = Tink, scheme = ECIES-P256_HMAC256_AES128-GCM)) at 2026-01-13T10:47:56.175195Z
2026-01-13 16:17:56,179 [canton-env-ec-70] INFO  c.d.c.d.t.DomainTopologyManager:domain=local tid:89116a9fb570a1aaec9d3ea4f8294f93 - Setting participant PAR::sandbox::12202aaf07c3... state to ParticipantAttributes(Submission,Ordinary)
2026-01-13 16:17:56,179 [canton-env-ec-70] INFO  c.d.c.d.t.DomainTopologyManager:domain=local tid:89116a9fb570a1aaec9d3ea4f8294f93 - Applied topology transaction Add ParticipantState(From, local::12205242112e..., PAR::sandbox::12202aaf07c3..., Submission, Ordinary) at 2026-01-13T10:47:56.179414Z
2026-01-13 16:17:56,181 [canton-env-ec-31] INFO  c.d.c.d.s.s.GrpcSequencerService:domain=local tid:89116a9fb570a1aaec9d3ea4f8294f93 - 'DOM::local::12205242112e...' sends request with id 'bde6bda1-4443-41d9-9b05-2205923bc69a' of size 914 bytes with 1 envelopes.
2026-01-13 16:17:56,181 [canton-env-ec-82] INFO  c.d.c.d.t.DomainTopologyManager:domain=local tid:89116a9fb570a1aaec9d3ea4f8294f93 - Applied topology transaction Add ParticipantState(To, local::12205242112e..., PAR::sandbox::12202aaf07c3..., Submission, Ordinary) at 2026-01-13T10:47:56.181045Z
2026-01-13 16:17:56,181 [canton-env-ec-70] INFO  c.d.c.d.t.RequestProcessingStrategy$Impl:domain=local tid:89116a9fb570a1aaec9d3ea4f8294f93 - Successfully onboarded PAR::sandbox::12202aaf07c3...
2026-01-13 16:17:56,184 [canton-env-ec-70] INFO  c.d.c.d.t.DomainTopologyManagerRequestService:domain=local tid:89116a9fb570a1aaec9d3ea4f8294f93 - Register topology request by UNM::f7c20366b0f832500676bc530091f85e2083a9d3::12202aaf07c3... for PAR::sandbox::12202aaf07c3... yielded
  Accepted -> Add NamespaceDelegation(12202aaf07c3..., SigningPublicKey(id = 12202aaf07c3..., format = Tink, scheme = Ed25519), true)
  Accepted -> Add OwnerToKeyMapping(PAR::sandbox::12202aaf07c3..., SigningPublicKey(id = 122082f94cbc..., format = Tink, scheme = Ed25519))
  Accepted -> Add OwnerToKeyMapping(PAR::sandbox::12202aaf07c3..., EncryptionPublicKey(id = 1220ce560dc7..., format = Tink, scheme = ECIES-P256_HMAC256_AES128-GCM))
  Accepted -> Add ParticipantState(To, local::12205242112e..., PAR::sandbox::12202aaf07c3..., Submission, Ordinary)
2026-01-13 16:17:56,192 [canton-env-ec-28] INFO  c.d.c.t.p.TopologyTransactionProcessor:domain=local/client=topology-manager tid:89116a9fb570a1aaec9d3ea4f8294f93 - Storing topology transaction 1/1 Add NamespaceDelegation(12202aaf07c3..., SigningPublicKey(id = 12202aaf07c3..., format = Tink, scheme = Ed25519), true) with ts=EffectiveTime(2026-01-13T10:47:56.432563Z) (epsilon=250 ms)
2026-01-13 16:17:56,193 [canton-env-ec-29] INFO  c.d.c.t.p.TopologyTransactionProcessor:domain=local/node=mediator/client=mediator tid:89116a9fb570a1aaec9d3ea4f8294f93 - Storing topology transaction 1/1 Add NamespaceDelegation(12202aaf07c3..., SigningPublicKey(id = 12202aaf07c3..., format = Tink, scheme = Ed25519), true) with ts=EffectiveTime(2026-01-13T10:47:56.432563Z) (epsilon=250 ms)
2026-01-13 16:17:56,196 [canton-env-ec-68] INFO  c.d.c.d.s.s.GrpcSequencerService:domain=local tid:89116a9fb570a1aaec9d3ea4f8294f93 - 'DOM::local::12205242112e...' sends request with id 'ff7fd8a0-e733-4210-aac1-0900c8f48b1d' of size 546 bytes with 1 envelopes.
2026-01-13 16:17:56,197 [canton-env-ec-26] INFO  c.d.c.d.s.s.GrpcSequencerService:domain=local tid:89116a9fb570a1aaec9d3ea4f8294f93 - 'DOM::local::12205242112e...' sends request with id 'a5b4a740-cfb8-4684-be2a-d69250929809' of size 1552 bytes with 1 envelopes.
2026-01-13 16:17:56,209 [canton-env-ec-31] INFO  c.d.c.t.p.TopologyTransactionProcessor:domain=local/node=mediator/client=mediator tid:89116a9fb570a1aaec9d3ea4f8294f93 - Storing topology transaction 1/3 Add OwnerToKeyMapping(PAR::sandbox::12202aaf07c3..., SigningPublicKey(id = 122082f94cbc..., format = Tink, scheme = Ed25519)) with ts=EffectiveTime(2026-01-13T10:47:56.449188Z) (epsilon=250 ms)
2026-01-13 16:17:56,209 [canton-env-ec-31] INFO  c.d.c.t.p.TopologyTransactionProcessor:domain=local/node=mediator/client=mediator tid:89116a9fb570a1aaec9d3ea4f8294f93 - Storing topology transaction 2/3 Add OwnerToKeyMapping(PAR::sandbox::12202aaf07c3..., EncryptionPublicKey(id = 1220ce560dc7..., format = Tink, scheme = ECIES-P256_HMAC256_AES128-GCM)) with ts=EffectiveTime(2026-01-13T10:47:56.449188Z) (epsilon=250 ms)
2026-01-13 16:17:56,209 [canton-env-ec-31] INFO  c.d.c.t.p.TopologyTransactionProcessor:domain=local/node=mediator/client=mediator tid:89116a9fb570a1aaec9d3ea4f8294f93 - Storing topology transaction 3/3 Add ParticipantState(From, local::12205242112e..., PAR::sandbox::12202aaf07c3..., Submission, Ordinary) with ts=EffectiveTime(2026-01-13T10:47:56.449188Z) (epsilon=250 ms)
2026-01-13 16:17:56,212 [canton-env-ec-31] INFO  c.d.c.t.p.TopologyTransactionProcessor:domain=local/client=topology-manager tid:89116a9fb570a1aaec9d3ea4f8294f93 - Storing topology transaction 1/3 Add OwnerToKeyMapping(PAR::sandbox::12202aaf07c3..., SigningPublicKey(id = 122082f94cbc..., format = Tink, scheme = Ed25519)) with ts=EffectiveTime(2026-01-13T10:47:56.449188Z) (epsilon=250 ms)
2026-01-13 16:17:56,212 [canton-env-ec-31] INFO  c.d.c.t.p.TopologyTransactionProcessor:domain=local/client=topology-manager tid:89116a9fb570a1aaec9d3ea4f8294f93 - Storing topology transaction 2/3 Add OwnerToKeyMapping(PAR::sandbox::12202aaf07c3..., EncryptionPublicKey(id = 1220ce560dc7..., format = Tink, scheme = ECIES-P256_HMAC256_AES128-GCM)) with ts=EffectiveTime(2026-01-13T10:47:56.449188Z) (epsilon=250 ms)
2026-01-13 16:17:56,212 [canton-env-ec-31] INFO  c.d.c.t.p.TopologyTransactionProcessor:domain=local/client=topology-manager tid:89116a9fb570a1aaec9d3ea4f8294f93 - Storing topology transaction 3/3 Add ParticipantState(From, local::12205242112e..., PAR::sandbox::12202aaf07c3..., Submission, Ordinary) with ts=EffectiveTime(2026-01-13T10:47:56.449188Z) (epsilon=250 ms)
2026-01-13 16:17:56,213 [canton-env-ec-86] INFO  c.d.c.d.t.MemberTopologyCatchup:domain=local/identity tid:89116a9fb570a1aaec9d3ea4f8294f93 - Participant PAR::sandbox::12202aaf07c3... is changing from None to Some(Submission), requires to catch up 10
2026-01-13 16:17:56,214 [canton-env-ec-68] INFO  c.d.c.s.c.ResilientSequencerSubscription:participant=sandbox/domainId=local::12205242112e - 'sequencer-client' is now in state Failed(Disconnected from domain). Previous state was Ok().
2026-01-13 16:17:56,214 [canton-env-ec-68] INFO  c.d.c.h.DelegatingMutableHealthComponent:participant=sandbox/domainId=local::12205242112e - 'sequencer-client' is now in state Failed(Disconnected from domain). Previous state was Ok().
2026-01-13 16:17:56,215 [canton-env-ec-70] INFO  c.d.c.s.c.t.GrpcSequencerSubscription:participant=sandbox/domainId=local::12205242112e - GRPC subscription successfully closed due to client shutdown.
2026-01-13 16:17:56,215 [canton-env-ec-27] INFO  c.d.c.n.g.ApiRequestLogger:domain=local tid:a1b59fdbd42be364878396c8ee7e7c77 - Request c.d.c.d.a.v.SequencerService/SubscribeUnauthenticatedVersioned by /127.0.0.1:55933: cancelled
2026-01-13 16:17:56,220 [canton-env-ec-27] INFO  c.d.c.d.s.s.GrpcSequencerService:domain=local tid:89116a9fb570a1aaec9d3ea4f8294f93 - 'DOM::local::12205242112e...' sends request with id 'a72b78a0-fadb-465b-9f92-e5d33807b790' of size 2676 bytes with 1 envelopes.
2026-01-13 16:17:56,222 [canton-env-ec-27] INFO  c.d.c.c.d.g.GrpcSequencerConnectClient:participant=sandbox - The operation 'verify active' was not successful. New kind of error: no success error (request infinite retries). Retrying after 0.5s. Result: Right(false). 
2026-01-13 16:17:56,232 [canton-env-ec-70] INFO  c.d.c.d.s.s.GrpcSequencerService:domain=local tid:89116a9fb570a1aaec9d3ea4f8294f93 - 'DOM::local::12205242112e...' sends request with id 'af6856d7-e6e8-4c12-b5cf-94f851025b6f' of size 931 bytes with 1 envelopes.
2026-01-13 16:17:56,241 [canton-env-ec-75] INFO  c.d.c.t.p.TopologyTransactionProcessor:domain=local/client=topology-manager tid:89116a9fb570a1aaec9d3ea4f8294f93 - Storing topology transaction 1/1 Add ParticipantState(To, local::12205242112e..., PAR::sandbox::12202aaf07c3..., Submission, Ordinary) with ts=EffectiveTime(2026-01-13T10:47:56.484169Z) (epsilon=250 ms)
2026-01-13 16:17:56,242 [canton-env-ec-86] INFO  c.d.c.t.p.TopologyTransactionProcessor:domain=local/node=mediator/client=mediator tid:89116a9fb570a1aaec9d3ea4f8294f93 - Storing topology transaction 1/1 Add ParticipantState(To, local::12205242112e..., PAR::sandbox::12202aaf07c3..., Submission, Ordinary) with ts=EffectiveTime(2026-01-13T10:47:56.484169Z) (epsilon=250 ms)
2026-01-13 16:17:56,728 [canton-env-ec-82] INFO  c.d.c.c.d.g.GrpcSequencerConnectClient:participant=sandbox - Now retrying operation 'verify active'. 
2026-01-13 16:17:56,748 [canton-env-ec-27] INFO  c.d.c.p.s.SyncDomainEphemeralStateFactoryImpl:participant=sandbox - Computed starting points: ProcessingStartingPoints(
  clean replay = MessageCleanReplayStartingPoint(next request counter = 0, next sequencer counter = 0, prenext timestamp = 0001-01-01T00:00:00Z),
  processing = MessageProcessingStartingPoint(next request counter = 0, next sequencer counter = 0, prenext timestamp = 0001-01-01T00:00:00Z),
  rewound sequencer counter prehead = None()
)
2026-01-13 16:17:56,749 [canton-env-ec-27] INFO  c.d.c.s.m.InMemoryCursorPreheadStore:participant=sandbox/domain-alias=local - Rewinding prehead to None
2026-01-13 16:17:56,835 [canton-env-ec-86] INFO  c.d.c.p.p.AcsCommitmentProcessor:participant=sandbox/domainId=local::12205242112e - Will use parallelism 8 when computing ACS commitments
2026-01-13 16:17:56,837 [canton-env-ec-27] INFO  c.d.c.p.p.AcsCommitmentProcessor:participant=sandbox/domainId=local::12205242112e - Initialized from stored snapshot at RecordTime(timestamp = 0001-01-01T00:00:00Z, tieBreaker = -9223372036854775808) (might be incomplete)
2026-01-13 16:17:56,837 [canton-env-ec-75] INFO  c.d.c.p.p.AcsCommitmentProcessor:participant=sandbox/domainId=local::12205242112e - Initialized the ACS commitment processor queue
2026-01-13 16:17:56,841 [canton-env-ec-86] INFO  c.d.c.h.MutableHealthComponent:participant=sandbox - 'acs-commitment-processor' is now in state Ok(). Previous state was Not Initialized.
2026-01-13 16:17:56,841 [canton-env-ec-86] INFO  c.d.c.h.MutableHealthComponent:participant=sandbox - 'acs-commitment-processor' is now in state Ok(). Previous state was Not Initialized.
2026-01-13 16:17:56,841 [canton-env-ec-86] INFO  c.d.c.p.s.SyncDomain:participant=sandbox/domainId=local::12205242112e - 'sync-domain' is now in state Ok(). Previous state was Not Initialized.
2026-01-13 16:17:56,842 [canton-env-ec-86] INFO  c.d.c.h.MutableHealthComponent:participant=sandbox - 'sync-domain' is now in state Ok(). Previous state was Not Initialized.
2026-01-13 16:17:56,842 [canton-env-ec-86] INFO  c.d.c.h.MutableHealthComponent:participant=sandbox - 'sync-domain' is now in state Ok(). Previous state was Not Initialized.
2026-01-13 16:17:56,842 [canton-env-ec-86] INFO  c.d.c.p.s.CantonSyncService:participant=sandbox - Connected to domain and starting synchronisation: Domain 'local'
2026-01-13 16:17:56,849 [canton-env-ec-86] INFO  c.d.c.p.s.SyncDomain:participant=sandbox/domainId=local::12205242112e - Found 0 repair requests at request counters Seq()
2026-01-13 16:17:56,851 [canton-env-ec-27] INFO  c.d.c.s.c.SequencerClientImpl:participant=sandbox/domainId=local::12205242112e - No event found up to 0001-01-01T00:00:00Z. Resubscribing from the beginning.
2026-01-13 16:17:56,851 [canton-env-ec-27] INFO  c.d.c.s.c.SequencerClientImpl:participant=sandbox/domainId=local::12205242112e - Processing events from the SequencedEventStore from 0001-01-01T00:00:00.000001Z on
2026-01-13 16:17:56,851 [canton-env-ec-86] INFO  c.d.c.s.c.SequencerClientImpl:participant=sandbox/domainId=local::12205242112e - Starting subscription for alias=SEQ::local::12205242112e... at timestamp None; next counter 0
2026-01-13 16:17:56,852 [canton-env-ec-86] INFO  c.d.c.h.DelegatingMutableHealthComponent:participant=sandbox/domainId=local::12205242112e - 'sequencer-client' is now in state Ok(). Previous state was Not Initialized.
2026-01-13 16:17:56,852 [canton-env-ec-86] INFO  c.d.c.h.MutableHealthComponent:participant=sandbox - 'sequencer-client' is now in state Ok(). Previous state was Not Initialized.
2026-01-13 16:17:56,852 [canton-env-ec-86] INFO  c.d.c.h.MutableHealthComponent:participant=sandbox - 'sequencer-client' is now in state Ok(). Previous state was Not Initialized.
2026-01-13 16:17:56,858 [canton-env-ec-82] INFO  c.d.c.d.s.a.MemberAuthenticationServiceOld:domain=local - PAR::sandbox::12202aaf07c3... authenticated new token with expiry 2026-01-13T11:47:56.858708Z
2026-01-13 16:17:56,860 [canton-env-ec-82] INFO  c.d.c.d.s.s.GrpcSequencerService:domain=local - PAR::sandbox::12202aaf07c3... subscribes from counter=0
2026-01-13 16:17:56,864 [canton-env-ec-82] INFO  c.d.c.s.c.SequencedEventValidatorImpl:participant=sandbox/domainId=local::12205242112e tid:89116a9fb570a1aaec9d3ea4f8294f93 - Skipping signature verification of the first sequenced event due to a fresh subscription from SEQ::local::12205242112e...
2026-01-13 16:17:56,866 [canton-env-ec-70] INFO  c.d.c.p.s.SyncDomain:participant=sandbox/domainId=local::12205242112e tid:89116a9fb570a1aaec9d3ea4f8294f93 - Caught up with batch with counter=0 with sequencer with 644 ms delay
2026-01-13 16:17:56,866 [canton-env-ec-70] INFO  c.d.c.p.s.SyncDomain$EventProcessingMonitor:participant=sandbox/domainId=local::12205242112e tid:89116a9fb570a1aaec9d3ea4f8294f93 - Replaying requests 0 up to clean prehead -1
2026-01-13 16:17:56,866 [canton-env-ec-70] INFO  c.d.c.p.s.SyncDomain$EventProcessingMonitor:participant=sandbox/domainId=local::12205242112e tid:89116a9fb570a1aaec9d3ea4f8294f93 - Replaying or processing locally stored events with sequencer counters 0 to -1
2026-01-13 16:17:56,873 [canton-env-ec-86] INFO  c.d.c.p.p.DefaultMessageDispatcher:participant=sandbox/domainId=local::12205242112e tid:89116a9fb570a1aaec9d3ea4f8294f93 - Processing event at sc=0, ts=2026-01-13T10:47:56.222626Z, with contents=DomainTopologyTransactionMessage
2026-01-13 16:17:56,874 [canton-env-ec-70] INFO  c.d.c.t.p.DomainTopologyTransactionMessageValidator$Impl:participant=sandbox tid:89116a9fb570a1aaec9d3ea4f8294f93 - Using approximate topology snapshot at 0001-01-01T00:00:00.000001Z for desired timestamp 2026-01-13T10:47:56.222626Z
2026-01-13 16:17:56,881 [canton-env-ec-86] INFO  c.d.c.t.p.TopologyTransactionProcessor:participant=sandbox tid:89116a9fb570a1aaec9d3ea4f8294f93 - Updated topology change delay from=0s to 0.25s
2026-01-13 16:17:56,881 [canton-env-ec-86] INFO  c.d.c.t.p.TopologyTransactionProcessor:participant=sandbox tid:89116a9fb570a1aaec9d3ea4f8294f93 - Storing topology transaction 1/10 Add NamespaceDelegation(12205242112e..., SigningPublicKey(id = 12205242112e..., format = Tink, scheme = Ed25519), true) with ts=EffectiveTime(2026-01-13T10:47:56.222626Z) (epsilon=0 ms)
2026-01-13 16:17:56,881 [canton-env-ec-86] INFO  c.d.c.t.p.TopologyTransactionProcessor:participant=sandbox tid:89116a9fb570a1aaec9d3ea4f8294f93 - Storing topology transaction 2/10 Add OwnerToKeyMapping(DOM::local::12205242112e..., SigningPublicKey(id = 1220c652c3f0..., format = Tink, scheme = Ed25519)) with ts=EffectiveTime(2026-01-13T10:47:56.222626Z) (epsilon=0 ms)
2026-01-13 16:17:56,882 [canton-env-ec-86] INFO  c.d.c.t.p.TopologyTransactionProcessor:participant=sandbox tid:89116a9fb570a1aaec9d3ea4f8294f93 - Storing topology transaction 3/10 Add OwnerToKeyMapping(MED::local::12205242112e..., SigningPublicKey(id = 12209a6b299a..., format = Tink, scheme = Ed25519)) with ts=EffectiveTime(2026-01-13T10:47:56.222626Z) (epsilon=0 ms)
2026-01-13 16:17:56,882 [canton-env-ec-86] INFO  c.d.c.t.p.TopologyTransactionProcessor:participant=sandbox tid:89116a9fb570a1aaec9d3ea4f8294f93 - Storing topology transaction 4/10 Add OwnerToKeyMapping(SEQ::local::12205242112e..., SigningPublicKey(id = 12206d79ddab..., format = Tink, scheme = Ed25519)) with ts=EffectiveTime(2026-01-13T10:47:56.222626Z) (epsilon=0 ms)
2026-01-13 16:17:56,882 [canton-env-ec-86] INFO  c.d.c.t.p.TopologyTransactionProcessor:participant=sandbox tid:89116a9fb570a1aaec9d3ea4f8294f93 - Storing topology transaction 5/10 Add NamespaceDelegation(12202aaf07c3..., SigningPublicKey(id = 12202aaf07c3..., format = Tink, scheme = Ed25519), true) with ts=EffectiveTime(2026-01-13T10:47:56.222626Z) (epsilon=0 ms)
2026-01-13 16:17:56,882 [canton-env-ec-86] INFO  c.d.c.t.p.TopologyTransactionProcessor:participant=sandbox tid:89116a9fb570a1aaec9d3ea4f8294f93 - Storing topology transaction 6/10 Add ParticipantState(From, local::12205242112e..., PAR::sandbox::12202aaf07c3..., Submission, Ordinary) with ts=EffectiveTime(2026-01-13T10:47:56.222626Z) (epsilon=0 ms)
2026-01-13 16:17:56,882 [canton-env-ec-86] INFO  c.d.c.t.p.TopologyTransactionProcessor:participant=sandbox tid:89116a9fb570a1aaec9d3ea4f8294f93 - Storing topology transaction 7/10 Add MediatorDomainState(Both, local::12205242112e..., MED::local::12205242112e...) with ts=EffectiveTime(2026-01-13T10:47:56.222626Z) (epsilon=0 ms)
2026-01-13 16:17:56,882 [canton-env-ec-86] INFO  c.d.c.t.p.TopologyTransactionProcessor:participant=sandbox tid:89116a9fb570a1aaec9d3ea4f8294f93 - Storing topology transaction 8/10 Add OwnerToKeyMapping(PAR::sandbox::12202aaf07c3..., SigningPublicKey(id = 122082f94cbc..., format = Tink, scheme = Ed25519)) with ts=EffectiveTime(2026-01-13T10:47:56.222626Z) (epsilon=0 ms)
2026-01-13 16:17:56,882 [canton-env-ec-86] INFO  c.d.c.t.p.TopologyTransactionProcessor:participant=sandbox tid:89116a9fb570a1aaec9d3ea4f8294f93 - Storing topology transaction 9/10 Add OwnerToKeyMapping(PAR::sandbox::12202aaf07c3..., EncryptionPublicKey(id = 1220ce560dc7..., format = Tink, scheme = ECIES-P256_HMAC256_AES128-GCM)) with ts=EffectiveTime(2026-01-13T10:47:56.222626Z) (epsilon=0 ms)
2026-01-13 16:17:56,883 [canton-env-ec-86] INFO  c.d.c.t.p.TopologyTransactionProcessor:participant=sandbox tid:89116a9fb570a1aaec9d3ea4f8294f93 - Storing topology transaction 10/10 Replace DomainParametersChange(
  local::12205242112e...,
  DynamicDomainParameters(
    participant response timeout = 30s,
    mediator reaction timeout = 30s,
    transfer exclusivity timeout = 1m,
    topology change delay = 0.25s,
    ledger time record time tolerance = 1m,
    mediator deduplication timeout = 2m,
    reconciliation interval = 1m,
    max rate per participant = 1000000,
    max request size = 10485760,
    catchup config = CatchUpConfig(catchUpIntervalSkip = 5, nrIntervalsToTriggerCatchUp = 2)
  )
) with ts=EffectiveTime(2026-01-13T10:47:56.222626Z) (epsilon=0 ms)
2026-01-13 16:17:56,890 [canton-env-ec-86] INFO  c.d.c.p.t.c.MissingKeysAlerter:participant=sandbox tid:89116a9fb570a1aaec9d3ea4f8294f93 - Domain local::12205242112e... update my participant permission as of 2026-01-13T10:47:56.222626Z to Submission, Ordinary
2026-01-13 16:17:56,895 [input-mapping-pool-2] INFO  c.d.c.p.i.p.ParallelIndexerSubscription:participant=sandbox tid:89116a9fb570a1aaec9d3ea4f8294f93 - Storing at offset=000000000000000003 PartyAddedToParticipant(recordTime = 2026-01-13T10:47:56.892666Z, party = sandbox::12202aaf07c3..., displayName = '', participantId = sandbox::12202aaf07c3..., ...)
2026-01-13 16:17:56,920 [canton-env-ec-75] INFO  c.d.c.p.p.DefaultMessageDispatcher:participant=sandbox/domainId=local::12205242112e tid:89116a9fb570a1aaec9d3ea4f8294f93 - Processing event at sc=1, ts=2026-01-13T10:47:56.234169Z, with contents=DomainTopologyTransactionMessage
2026-01-13 16:17:56,923 [canton-env-ec-71] INFO  c.d.c.t.p.TopologyTransactionProcessor:participant=sandbox tid:89116a9fb570a1aaec9d3ea4f8294f93 - Storing topology transaction 1/1 Add ParticipantState(To, local::12205242112e..., PAR::sandbox::12202aaf07c3..., Submission, Ordinary) with ts=EffectiveTime(2026-01-13T10:47:56.484169Z) (epsilon=250 ms)
2026-01-13 16:17:57,190 [canton-env-ec-27] INFO  c.d.c.d.s.s.GrpcSequencerService:domain=local tid:c62a62f01e4b95cbea7cf579fb6d537a - 'PAR::sandbox::12202aaf07c3...' sends request with id '6b058461-f9e4-42a6-a5bc-964c65dc2494' of size 2087 bytes with 1 envelopes.
2026-01-13 16:17:57,199 [canton-env-ec-70] INFO  c.d.c.p.p.DefaultMessageDispatcher:participant=sandbox/domainId=local::12205242112e tid:c62a62f01e4b95cbea7cf579fb6d537a - Processing event at sc=2, ts=2026-01-13T10:47:57.192563Z, messageId=6b058461-f9e4-42a6-a5bc-964c65dc2494, with contents=Seq()
2026-01-13 16:17:57,202 [canton-env-ec-76] INFO  c.d.c.d.t.DomainTopologyManager:domain=local tid:c62a62f01e4b95cbea7cf579fb6d537a - Applied topology transaction Add VettedPackages(
  participant = sandbox::12202aaf07c3...,
  packages = Seq(
    c058a0c9602a...,
    65921e553a35...,
    6851f194e144...,
    57b5c520512c...,
    cb0552debf21...,
    3f4deaf145a1...,
    86828b984346...,
    f20de1e4e37b...,
    76bf0fd12bd9...,
    38e6274601b2...,
    d58cf9939847...,
    40f452260bef...,
    e491352788e5...,
    6839a6d3d430...,
    518032f41fd0...,
    20a8d69c867d...,
    8abf89c9b4a8...,
    852d8e3a8ccf...,
    10e0333b52bb...,
    bfcd37bd6b84...,
    cc348d369011...,
    057eed1fd48c...,
    d14e08374fc7...,
    c1f1f0055879...,
    6c2c0667393c...,
    e22bce619ae2...,
    e4cc67c3264e...,
    8a7806365bbd...,
    97b883cd8a2b...,
    5921708ce82f...,
    733e38d36a27...,
    99a2705ed38c...
  )
) at 2026-01-13T10:47:57.201784Z
2026-01-13 16:17:57,202 [canton-env-ec-68] INFO  c.d.c.d.t.DomainTopologyManagerRequestService:domain=local tid:c62a62f01e4b95cbea7cf579fb6d537a - Register topology request by PAR::sandbox::12202aaf07c3... for PAR::sandbox::12202aaf07c3... yielded
  Accepted -> Add VettedPackages(
  participant = sandbox::12202aaf07c3...,
  packages = Seq(
    c058a0c9602a...,
    65921e553a35...,
    6851f194e144...,
    57b5c520512c...,
    cb0552debf21...,
    3f4deaf145a1...,
    86828b984346...,
    f20de1e4e37b...,
    76bf0fd12bd9...,
    38e6274601b2...,
    d58cf9939847...,
    40f452260bef...,
    e491352788e5...,
    6839a6d3d430...,
    518032f41fd0...,
    20a8d69c867d...,
    8abf89c9b4a8...,
    852d8e3a8ccf...,
    10e0333b52bb...,
    bfcd37bd6b84...,
    cc348d369011...,
    057eed1fd48c...,
    d14e08374fc7...,
    c1f1f0055879...,
    6c2c0667393c...,
    e22bce619ae2...,
    e4cc67c3264e...,
    8a7806365bbd...,
    97b883cd8a2b...,
    5921708ce82f...,
    733e38d36a27...,
    99a2705ed38c...
  )
)
2026-01-13 16:17:57,206 [canton-env-ec-75] INFO  c.d.c.d.s.s.GrpcSequencerService:domain=local tid:c62a62f01e4b95cbea7cf579fb6d537a - 'DOM::local::12205242112e...' sends request with id '74f583f7-80f2-4fa8-bbd7-c4604eef950c' of size 518 bytes with 1 envelopes.
2026-01-13 16:17:57,206 [canton-env-ec-74] INFO  c.d.c.d.s.s.GrpcSequencerService:domain=local tid:c62a62f01e4b95cbea7cf579fb6d537a - 'DOM::local::12205242112e...' sends request with id '49f86caa-ff80-43f5-bb9a-d3b8cbf07111' of size 2216 bytes with 1 envelopes.
2026-01-13 16:17:57,213 [canton-env-ec-76] INFO  c.d.c.p.p.DefaultMessageDispatcher:participant=sandbox/domainId=local::12205242112e tid:c62a62f01e4b95cbea7cf579fb6d537a - Processing event at sc=3, ts=2026-01-13T10:47:57.208246Z, with contents=RegisterTopologyTransactionResponse
2026-01-13 16:17:57,215 [canton-env-ec-29] INFO  c.d.c.p.s.SyncDomainEphemeralState:participant=sandbox/domain-alias=local - 'sync-domain-ephemeral' is now in state Ok(). Previous state was Not Initialized.
2026-01-13 16:17:57,216 [canton-env-ec-29] INFO  c.d.c.h.MutableHealthComponent:participant=sandbox - 'sync-domain-ephemeral' is now in state Ok(). Previous state was Not Initialized.
2026-01-13 16:17:57,216 [canton-env-ec-29] INFO  c.d.c.h.MutableHealthComponent:participant=sandbox - 'sync-domain-ephemeral' is now in state Ok(). Previous state was Not Initialized.
2026-01-13 16:17:57,216 [canton-env-ec-70] INFO  c.d.c.t.p.TopologyTransactionProcessor:domain=local/node=mediator/client=mediator tid:c62a62f01e4b95cbea7cf579fb6d537a - Storing topology transaction 1/1 Add VettedPackages(
  participant = sandbox::12202aaf07c3...,
  packages = Seq(
    c058a0c9602a...,
    65921e553a35...,
    6851f194e144...,
    57b5c520512c...,
    cb0552debf21...,
    3f4deaf145a1...,
    86828b984346...,
    f20de1e4e37b...,
    76bf0fd12bd9...,
    38e6274601b2...,
    d58cf9939847...,
    40f452260bef...,
    e491352788e5...,
    6839a6d3d430...,
    518032f41fd0...,
    20a8d69c867d...,
    8abf89c9b4a8...,
    852d8e3a8ccf...,
    10e0333b52bb...,
    bfcd37bd6b84...,
    cc348d369011...,
    057eed1fd48c...,
    d14e08374fc7...,
    c1f1f0055879...,
    6c2c0667393c...,
    e22bce619ae2...,
    e4cc67c3264e...,
    8a7806365bbd...,
    97b883cd8a2b...,
    5921708ce82f...,
    733e38d36a27...,
    99a2705ed38c...
  )
) with ts=EffectiveTime(2026-01-13T10:47:57.458338Z) (epsilon=250 ms)
2026-01-13 16:17:57,217 [canton-env-ec-28] INFO  c.d.c.p.p.DefaultMessageDispatcher:participant=sandbox/domainId=local::12205242112e tid:c62a62f01e4b95cbea7cf579fb6d537a - Processing event at sc=4, ts=2026-01-13T10:47:57.208338Z, with contents=DomainTopologyTransactionMessage
2026-01-13 16:17:57,217 [canton-env-ec-76] INFO  c.d.c.t.p.TopologyTransactionProcessor:domain=local/client=topology-manager tid:c62a62f01e4b95cbea7cf579fb6d537a - Storing topology transaction 1/1 Add VettedPackages(
  participant = sandbox::12202aaf07c3...,
  packages = Seq(
    c058a0c9602a...,
    65921e553a35...,
    6851f194e144...,
    57b5c520512c...,
    cb0552debf21...,
    3f4deaf145a1...,
    86828b984346...,
    f20de1e4e37b...,
    76bf0fd12bd9...,
    38e6274601b2...,
    d58cf9939847...,
    40f452260bef...,
    e491352788e5...,
    6839a6d3d430...,
    518032f41fd0...,
    20a8d69c867d...,
    8abf89c9b4a8...,
    852d8e3a8ccf...,
    10e0333b52bb...,
    bfcd37bd6b84...,
    cc348d369011...,
    057eed1fd48c...,
    d14e08374fc7...,
    c1f1f0055879...,
    6c2c0667393c...,
    e22bce619ae2...,
    e4cc67c3264e...,
    8a7806365bbd...,
    97b883cd8a2b...,
    5921708ce82f...,
    733e38d36a27...,
    99a2705ed38c...
  )
) with ts=EffectiveTime(2026-01-13T10:47:57.458338Z) (epsilon=250 ms)
2026-01-13 16:17:57,219 [canton-env-ec-27] INFO  c.d.c.t.p.TopologyTransactionProcessor:participant=sandbox tid:c62a62f01e4b95cbea7cf579fb6d537a - Storing topology transaction 1/1 Add VettedPackages(
  participant = sandbox::12202aaf07c3...,
  packages = Seq(
    c058a0c9602a...,
    65921e553a35...,
    6851f194e144...,
    57b5c520512c...,
    cb0552debf21...,
    3f4deaf145a1...,
    86828b984346...,
    f20de1e4e37b...,
    76bf0fd12bd9...,
    38e6274601b2...,
    d58cf9939847...,
    40f452260bef...,
    e491352788e5...,
    6839a6d3d430...,
    518032f41fd0...,
    20a8d69c867d...,
    8abf89c9b4a8...,
    852d8e3a8ccf...,
    10e0333b52bb...,
    bfcd37bd6b84...,
    cc348d369011...,
    057eed1fd48c...,
    d14e08374fc7...,
    c1f1f0055879...,
    6c2c0667393c...,
    e22bce619ae2...,
    e4cc67c3264e...,
    8a7806365bbd...,
    97b883cd8a2b...,
    5921708ce82f...,
    733e38d36a27...,
    99a2705ed38c...
  )
) with ts=EffectiveTime(2026-01-13T10:47:57.458338Z) (epsilon=250 ms)
2026-01-13 16:17:57,228 [canton-env-ec-70] INFO  c.d.c.p.a.s.ApiActiveContractsService:participant=sandbox tid:8003bbb03fa6214a6f19ecbe61c94db5 - Received request for active contracts: GetActiveContractsRequest(sandbox,Some(TransactionFilter(Map(sandbox::12202aaf07c30d1a9f3117a9238054195db8678bfddaaea3046cca5392749d4a97da -> Filters(Some(InclusiveFilters(Vector(Identifier(65921e553a353588e950cbc87e98a127730e63295f7ad8d3adae952ef0133b3e,PingPong,PingProposal), Identifier(65921e553a353588e950cbc87e98a127730e63295f7ad8d3adae952ef0133b3e,PingPong,Ping), Identifier(65921e553a353588e950cbc87e98a127730e63295f7ad8d3adae952ef0133b3e,PingPong,Pong), Identifier(65921e553a353588e950cbc87e98a127730e63295f7ad8d3adae952ef0133b3e,PingPong,Explode), Identifier(65921e553a353588e950cbc87e98a127730e63295f7ad8d3adae952ef0133b3e,PingPong,Merge), Identifier(65921e553a353588e950cbc87e98a127730e63295f7ad8d3adae952ef0133b3e,PingPong,Collapse)),Vector(),Vector())))))),false,), filters -> {sandbox::12202aaf07c30d1a9f3117a9238054195db8678bfddaaea3046cca5392749d4a97da: ['65921e553a353588e950cbc87e98a127730e63295f7ad8d3adae952ef0133b3e:PingPong:Pong', '65921e553a353588e950cbc87e98a127730e63295f7ad8d3adae952ef0133b3e:PingPong:Collapse', '65921e553a353588e950cbc87e98a127730e63295f7ad8d3adae952ef0133b3e:PingPong:PingProposal', '65921e553a353588e950cbc87e98a127730e63295f7ad8d3adae952ef0133b3e:PingPong:Explode', '65921e553a353588e950cbc87e98a127730e63295f7ad8d3adae952ef0133b3e:PingPong:Merge', '65921e553a353588e950cbc87e98a127730e63295f7ad8d3adae952ef0133b3e:PingPong:Ping']}.
2026-01-13 16:17:57,239 [main] INFO  c.d.c.e.CommunityEnvironment tid:3e1caa898cf474cdf7a69b5ecebdaf10 - Successfully started all nodes
2026-01-13 16:17:57,240 [main] INFO  c.digitalasset.canton.ServerRunner - Canton started
2026-01-13 16:17:57,319 [canton-env-ec-29] INFO  c.d.c.p.a.s.a.ApiPackageManagementService:participant=sandbox tid:1cd4995a572d8562bdc80044ce17723e - Uploading DAR file, submissionId -> '0b99d8e4-8394-45f5-b675-b9d39ccf3eb4'.
2026-01-13 16:17:57,698 [input-mapping-pool-3] INFO  c.d.c.p.i.p.ParallelIndexerSubscription:participant=sandbox tid:1cd4995a572d8562bdc80044ce17723e - Storing at offset=000000000000000004 PublicPackageUpload(
  recordTime = 2026-01-13T10:47:57.695572Z,
  archives = Seq(
    539a1a262a2b...,
    315cb5676675...,
    cb0552debf21...,
    3f4deaf145a1...,
    86828b984346...,
    f20de1e4e37b...,
    76bf0fd12bd9...,
    38e6274601b2...,
    d58cf9939847...,
    40f452260bef...,
    e491352788e5...,
    6839a6d3d430...,
    518032f41fd0...,
    0f062c5863c7...,
    a80dd2c5dafc...,
    10e0333b52bb...,
    bfcd37bd6b84...,
    cc348d369011...,
    057eed1fd48c...,
    6df2d1fd8ea9...,
    d14e08374fc7...,
    c1f1f0055879...,
    6c2c0667393c...,
    e22bce619ae2...,
    e4cc67c3264e...,
    8a7806365bbd...,
    97b883cd8a2b...,
    5921708ce82f...,
    733e38d36a27...,
    99a2705ed38c...
  ),
  sourceDescription = ''
)
2026-01-13 16:17:57,741 [canton-env-ec-78] INFO  c.d.c.d.s.s.GrpcSequencerService:domain=local tid:62bb4a993f95639537b904239fbe0a45 - 'PAR::sandbox::12202aaf07c3...' sends request with id 'tick-5df8fe4b-e14c-401f-95eb-3dc31696afee' of size 338 bytes with 0 envelopes.
2026-01-13 16:17:57,900 [canton-env-ec-70] INFO  c.d.c.p.t.ParticipantTopologyManager:participant=sandbox tid:1cd4995a572d8562bdc80044ce17723e - Applied topology transaction Add VettedPackages(
  participant = sandbox::12202aaf07c3...,
  packages = Seq(
    539a1a262a2b...,
    315cb5676675...,
    cb0552debf21...,
    3f4deaf145a1...,
    86828b984346...,
    f20de1e4e37b...,
    76bf0fd12bd9...,
    38e6274601b2...,
    d58cf9939847...,
    40f452260bef...,
    e491352788e5...,
    6839a6d3d430...,
    518032f41fd0...,
    0f062c5863c7...,
    a80dd2c5dafc...,
    10e0333b52bb...,
    bfcd37bd6b84...,
    cc348d369011...,
    057eed1fd48c...,
    6df2d1fd8ea9...,
    d14e08374fc7...,
    c1f1f0055879...,
    6c2c0667393c...,
    e22bce619ae2...,
    e4cc67c3264e...,
    8a7806365bbd...,
    97b883cd8a2b...,
    5921708ce82f...,
    733e38d36a27...,
    99a2705ed38c...
  )
) at 2026-01-13T10:47:57.899884Z
2026-01-13 16:17:57,905 [canton-env-ec-71] INFO  c.d.c.d.s.s.GrpcSequencerService:domain=local tid:7621ebb9635d1ebcd3482407a487c1b1 - 'PAR::sandbox::12202aaf07c3...' sends request with id 'a74135ff-47ab-4f1d-b178-cdc6ac077c68' of size 2008 bytes with 1 envelopes.
2026-01-13 16:17:57,913 [canton-env-ec-86] INFO  c.d.c.p.p.DefaultMessageDispatcher:participant=sandbox/domainId=local::12205242112e tid:7621ebb9635d1ebcd3482407a487c1b1 - Processing event at sc=6, ts=2026-01-13T10:47:57.908157Z, messageId=a74135ff-47ab-4f1d-b178-cdc6ac077c68, with contents=Seq()
2026-01-13 16:17:57,915 [canton-env-ec-68] INFO  c.d.c.d.t.DomainTopologyManager:domain=local tid:7621ebb9635d1ebcd3482407a487c1b1 - Applied topology transaction Add VettedPackages(
  participant = sandbox::12202aaf07c3...,
  packages = Seq(
    539a1a262a2b...,
    315cb5676675...,
    cb0552debf21...,
    3f4deaf145a1...,
    86828b984346...,
    f20de1e4e37b...,
    76bf0fd12bd9...,
    38e6274601b2...,
    d58cf9939847...,
    40f452260bef...,
    e491352788e5...,
    6839a6d3d430...,
    518032f41fd0...,
    0f062c5863c7...,
    a80dd2c5dafc...,
    10e0333b52bb...,
    bfcd37bd6b84...,
    cc348d369011...,
    057eed1fd48c...,
    6df2d1fd8ea9...,
    d14e08374fc7...,
    c1f1f0055879...,
    6c2c0667393c...,
    e22bce619ae2...,
    e4cc67c3264e...,
    8a7806365bbd...,
    97b883cd8a2b...,
    5921708ce82f...,
    733e38d36a27...,
    99a2705ed38c...
  )
) at 2026-01-13T10:47:57.915677Z
2026-01-13 16:17:57,916 [canton-env-ec-71] INFO  c.d.c.d.t.DomainTopologyManagerRequestService:domain=local tid:7621ebb9635d1ebcd3482407a487c1b1 - Register topology request by PAR::sandbox::12202aaf07c3... for PAR::sandbox::12202aaf07c3... yielded
  Accepted -> Add VettedPackages(
  participant = sandbox::12202aaf07c3...,
  packages = Seq(
    539a1a262a2b...,
    315cb5676675...,
    cb0552debf21...,
    3f4deaf145a1...,
    86828b984346...,
    f20de1e4e37b...,
    76bf0fd12bd9...,
    38e6274601b2...,
    d58cf9939847...,
    40f452260bef...,
    e491352788e5...,
    6839a6d3d430...,
    518032f41fd0...,
    0f062c5863c7...,
    a80dd2c5dafc...,
    10e0333b52bb...,
    bfcd37bd6b84...,
    cc348d369011...,
    057eed1fd48c...,
    6df2d1fd8ea9...,
    d14e08374fc7...,
    c1f1f0055879...,
    6c2c0667393c...,
    e22bce619ae2...,
    e4cc67c3264e...,
    8a7806365bbd...,
    97b883cd8a2b...,
    5921708ce82f...,
    733e38d36a27...,
    99a2705ed38c...
  )
)
2026-01-13 16:17:57,922 [canton-env-ec-78] INFO  c.d.c.d.s.s.GrpcSequencerService:domain=local tid:7621ebb9635d1ebcd3482407a487c1b1 - 'DOM::local::12205242112e...' sends request with id 'af05e6a7-48cf-47da-8091-961ed282f677' of size 2135 bytes with 1 envelopes.
2026-01-13 16:17:57,922 [canton-env-ec-28] INFO  c.d.c.d.s.s.GrpcSequencerService:domain=local tid:7621ebb9635d1ebcd3482407a487c1b1 - 'DOM::local::12205242112e...' sends request with id 'e3962ea5-5a54-416f-9c6f-9f36b81921ea' of size 521 bytes with 1 envelopes.
2026-01-13 16:17:57,932 [canton-env-ec-20] INFO  c.d.c.p.p.DefaultMessageDispatcher:participant=sandbox/domainId=local::12205242112e tid:7621ebb9635d1ebcd3482407a487c1b1 - Processing event at sc=7, ts=2026-01-13T10:47:57.923777Z, with contents=RegisterTopologyTransactionResponse
2026-01-13 16:17:57,934 [canton-env-ec-70] INFO  c.d.c.t.p.TopologyTransactionProcessor:domain=local/node=mediator/client=mediator tid:7621ebb9635d1ebcd3482407a487c1b1 - Storing topology transaction 1/1 Add VettedPackages(
  participant = sandbox::12202aaf07c3...,
  packages = Seq(
    539a1a262a2b...,
    315cb5676675...,
    cb0552debf21...,
    3f4deaf145a1...,
    86828b984346...,
    f20de1e4e37b...,
    76bf0fd12bd9...,
    38e6274601b2...,
    d58cf9939847...,
    40f452260bef...,
    e491352788e5...,
    6839a6d3d430...,
    518032f41fd0...,
    0f062c5863c7...,
    a80dd2c5dafc...,
    10e0333b52bb...,
    bfcd37bd6b84...,
    cc348d369011...,
    057eed1fd48c...,
    6df2d1fd8ea9...,
    d14e08374fc7...,
    c1f1f0055879...,
    6c2c0667393c...,
    e22bce619ae2...,
    e4cc67c3264e...,
    8a7806365bbd...,
    97b883cd8a2b...,
    5921708ce82f...,
    733e38d36a27...,
    99a2705ed38c...
  )
) with ts=EffectiveTime(2026-01-13T10:47:58.173938Z) (epsilon=250 ms)
2026-01-13 16:17:57,935 [canton-env-ec-80] INFO  c.d.c.p.p.DefaultMessageDispatcher:participant=sandbox/domainId=local::12205242112e tid:7621ebb9635d1ebcd3482407a487c1b1 - Processing event at sc=8, ts=2026-01-13T10:47:57.923938Z, with contents=DomainTopologyTransactionMessage
2026-01-13 16:17:57,937 [canton-env-ec-72] INFO  c.d.c.t.p.TopologyTransactionProcessor:domain=local/client=topology-manager tid:7621ebb9635d1ebcd3482407a487c1b1 - Storing topology transaction 1/1 Add VettedPackages(
  participant = sandbox::12202aaf07c3...,
  packages = Seq(
    539a1a262a2b...,
    315cb5676675...,
    cb0552debf21...,
    3f4deaf145a1...,
    86828b984346...,
    f20de1e4e37b...,
    76bf0fd12bd9...,
    38e6274601b2...,
    d58cf9939847...,
    40f452260bef...,
    e491352788e5...,
    6839a6d3d430...,
    518032f41fd0...,
    0f062c5863c7...,
    a80dd2c5dafc...,
    10e0333b52bb...,
    bfcd37bd6b84...,
    cc348d369011...,
    057eed1fd48c...,
    6df2d1fd8ea9...,
    d14e08374fc7...,
    c1f1f0055879...,
    6c2c0667393c...,
    e22bce619ae2...,
    e4cc67c3264e...,
    8a7806365bbd...,
    97b883cd8a2b...,
    5921708ce82f...,
    733e38d36a27...,
    99a2705ed38c...
  )
) with ts=EffectiveTime(2026-01-13T10:47:58.173938Z) (epsilon=250 ms)
2026-01-13 16:17:57,937 [canton-env-ec-81] INFO  c.d.c.t.p.TopologyTransactionProcessor:participant=sandbox tid:7621ebb9635d1ebcd3482407a487c1b1 - Storing topology transaction 1/1 Add VettedPackages(
  participant = sandbox::12202aaf07c3...,
  packages = Seq(
    539a1a262a2b...,
    315cb5676675...,
    cb0552debf21...,
    3f4deaf145a1...,
    86828b984346...,
    f20de1e4e37b...,
    76bf0fd12bd9...,
    38e6274601b2...,
    d58cf9939847...,
    40f452260bef...,
    e491352788e5...,
    6839a6d3d430...,
    518032f41fd0...,
    0f062c5863c7...,
    a80dd2c5dafc...,
    10e0333b52bb...,
    bfcd37bd6b84...,
    cc348d369011...,
    057eed1fd48c...,
    6df2d1fd8ea9...,
    d14e08374fc7...,
    c1f1f0055879...,
    6c2c0667393c...,
    e22bce619ae2...,
    e4cc67c3264e...,
    8a7806365bbd...,
    97b883cd8a2b...,
    5921708ce82f...,
    733e38d36a27...,
    99a2705ed38c...
  )
) with ts=EffectiveTime(2026-01-13T10:47:58.173938Z) (epsilon=250 ms)
2026-01-13 16:23:53,321 [daml.index.db.threadpool.connection.indexer-13] INFO  c.d.c.p.i.MeteringAggregator:participant=sandbox - Aggregating transaction metering for LedgerMeteringEnd(Offset(Bytes()),2026-01-13T10:00:00Z)
2026-01-13 16:23:53,324 [daml.index.db.threadpool.connection.indexer-13] INFO  c.d.c.p.i.MeteringAggregator:participant=sandbox - Aggregating transaction metering completed up to LedgerMeteringEnd(Offset(Bytes()),2026-01-13T10:00:00Z)
2026-01-13 16:24:55,216 [canton-env-ec-72] INFO  c.d.c.p.a.s.ApiPackageService:participant=sandbox tid:3e57508f7871d9c7c6dc8f8383f4e61e - Received request to list packages: ListPackagesRequest(sandbox).
2026-01-13 16:24:55,257 [canton-env-ec-80] INFO  c.d.c.p.a.s.ApiPackageService:participant=sandbox tid:75072f3b1d2dfa7917e442d17348bec3 - Received request for a package: GetPackageRequest(sandbox,86828b9843465f419db1ef8a8ee741d1eef645df02375ebf509cdc8c3ddd16cb), packageId -> '86828b9843465f419db1ef8a8ee741d1eef645df02375ebf509cdc8c3ddd16cb'.
2026-01-13 16:24:55,258 [canton-env-ec-20] INFO  c.d.c.p.a.s.ApiPackageService:participant=sandbox tid:fedbab4722cc22714e6cb05a8c43b68a - Received request for a package: GetPackageRequest(sandbox,65921e553a353588e950cbc87e98a127730e63295f7ad8d3adae952ef0133b3e), packageId -> '65921e553a353588e950cbc87e98a127730e63295f7ad8d3adae952ef0133b3e'.
2026-01-13 16:24:55,257 [canton-env-ec-86] INFO  c.d.c.p.a.s.ApiPackageService:participant=sandbox tid:9bd61d336d6e1e4993ce3cedc0d42da4 - Received request for a package: GetPackageRequest(sandbox,8abf89c9b4a8d85b16ec66b58c6dc2eb41fb1eba02c36d67e21ca5a4dfa01552), packageId -> '8abf89c9b4a8d85b16ec66b58c6dc2eb41fb1eba02c36d67e21ca5a4dfa01552'.
2026-01-13 16:24:55,257 [canton-env-ec-21] INFO  c.d.c.p.a.s.ApiPackageService:participant=sandbox tid:6799c3c2b4466a19d50953089c913b6a - Received request for a package: GetPackageRequest(sandbox,315cb5676675c14e71453d4a9a2a58900e5b50d6665cba4cdf21f58b22abff83), packageId -> '315cb5676675c14e71453d4a9a2a58900e5b50d6665cba4cdf21f58b22abff83'.
2026-01-13 16:24:55,257 [canton-env-ec-70] INFO  c.d.c.p.a.s.ApiPackageService:participant=sandbox tid:0b3346f66274528ce844334771705b1f - Received request for a package: GetPackageRequest(sandbox,f20de1e4e37b92280264c08bf15eca0be0bc5babd7a7b5e574997f154c00cb78), packageId -> 'f20de1e4e37b92280264c08bf15eca0be0bc5babd7a7b5e574997f154c00cb78'.
2026-01-13 16:24:55,259 [canton-env-ec-72] INFO  c.d.c.p.a.s.ApiPackageService:participant=sandbox tid:e7e36b02b66f2dc3c075e8bce9034257 - Received request for a package: GetPackageRequest(sandbox,8a7806365bbd98d88b4c13832ebfa305f6abaeaf32cfa2b7dd25c4fa489b79fb), packageId -> '8a7806365bbd98d88b4c13832ebfa305f6abaeaf32cfa2b7dd25c4fa489b79fb'.
2026-01-13 16:24:55,259 [canton-env-ec-69] INFO  c.d.c.p.a.s.ApiPackageService:participant=sandbox tid:1e0c86f710c3074032431dd7350f3964 - Received request for a package: GetPackageRequest(sandbox,c1f1f00558799eec139fb4f4c76f95fb52fa1837a5dd29600baa1c8ed1bdccfd), packageId -> 'c1f1f00558799eec139fb4f4c76f95fb52fa1837a5dd29600baa1c8ed1bdccfd'.
2026-01-13 16:24:55,261 [canton-env-ec-81] INFO  c.d.c.p.a.s.ApiPackageService:participant=sandbox tid:ec9d05de23e316c0b847327ac23ec177 - Received request for a package: GetPackageRequest(sandbox,733e38d36a2759688a4b2c4cec69d48e7b55ecc8dedc8067b815926c917a182a), packageId -> '733e38d36a2759688a4b2c4cec69d48e7b55ecc8dedc8067b815926c917a182a'.
2026-01-13 16:24:55,537 [canton-env-ec-86] INFO  c.d.c.p.a.s.ApiPackageService:participant=sandbox tid:76c11843ad9acb3b42b9ff5738fa7c8a - Received request for a package: GetPackageRequest(sandbox,e4cc67c3264eba4a19c080cac5ab32d87551578e0f5f58b6a9460f91c7abc254), packageId -> 'e4cc67c3264eba4a19c080cac5ab32d87551578e0f5f58b6a9460f91c7abc254'.
2026-01-13 16:24:55,537 [canton-env-ec-32] INFO  c.d.c.p.a.s.ApiPackageService:participant=sandbox tid:8e431ef0696842a5e4592797b3181262 - Received request for a package: GetPackageRequest(sandbox,518032f41fd0175461b35ae0c9691e08b4aea55e62915f8360af2cc7a1f2ba6c), packageId -> '518032f41fd0175461b35ae0c9691e08b4aea55e62915f8360af2cc7a1f2ba6c'.
2026-01-13 16:24:55,537 [canton-env-ec-81] INFO  c.d.c.p.a.s.ApiPackageService:participant=sandbox tid:6fbfdbeb795b7337e6b5dab78e989b28 - Received request for a package: GetPackageRequest(sandbox,6851f194e144b693e63e9034b956c76cef6b5088dd8c66a657ab652a204dba2b), packageId -> '6851f194e144b693e63e9034b956c76cef6b5088dd8c66a657ab652a204dba2b'.
2026-01-13 16:24:55,538 [canton-env-ec-74] INFO  c.d.c.p.a.s.ApiPackageService:participant=sandbox tid:6011ffff311eb385eaa0c831a41b95e0 - Received request for a package: GetPackageRequest(sandbox,57b5c520512c24035057aa4c783cb7ac7f3f49db29806280962e188be7aadb66), packageId -> '57b5c520512c24035057aa4c783cb7ac7f3f49db29806280962e188be7aadb66'.
2026-01-13 16:24:55,538 [canton-env-ec-80] INFO  c.d.c.p.a.s.ApiPackageService:participant=sandbox tid:d5bb4f0008f15296d5af3a982d1518f6 - Received request for a package: GetPackageRequest(sandbox,3f4deaf145a15cdcfa762c058005e2edb9baa75bb7f95a4f8f6f937378e86415), packageId -> '3f4deaf145a15cdcfa762c058005e2edb9baa75bb7f95a4f8f6f937378e86415'.
2026-01-13 16:24:55,538 [canton-env-ec-21] INFO  c.d.c.p.a.s.ApiPackageService:participant=sandbox tid:1b814883da9ccf3543334a4a6b2d3e24 - Received request for a package: GetPackageRequest(sandbox,539a1a262a2b33c55b5737e6925ce1ff335aea9fd416d0e59dd939e52efcad99), packageId -> '539a1a262a2b33c55b5737e6925ce1ff335aea9fd416d0e59dd939e52efcad99'.
2026-01-13 16:24:55,538 [canton-env-ec-73] INFO  c.d.c.p.a.s.ApiPackageService:participant=sandbox tid:03fec911539deab643c36d876e5b73a0 - Received request for a package: GetPackageRequest(sandbox,6df2d1fd8ea994ed048a79587b2722e3a887ac7592abf31ecf46fe09ac02d689), packageId -> '6df2d1fd8ea994ed048a79587b2722e3a887ac7592abf31ecf46fe09ac02d689'.
2026-01-13 16:24:55,540 [canton-env-ec-27] INFO  c.d.c.p.a.s.ApiPackageService:participant=sandbox tid:0c97f4dff15e9b6f1f7398e56000f07f - Received request for a package: GetPackageRequest(sandbox,bfcd37bd6b84768e86e432f5f6c33e25d9e7724a9d42e33875ff74f6348e733f), packageId -> 'bfcd37bd6b84768e86e432f5f6c33e25d9e7724a9d42e33875ff74f6348e733f'.
2026-01-13 16:24:55,622 [canton-env-ec-20] INFO  c.d.c.p.a.s.ApiPackageService:participant=sandbox tid:1df3cfea2fdb17355ba2f945cd17c505 - Received request for a package: GetPackageRequest(sandbox,c058a0c9602a9c8d85066c27bf4d81c3d7da69c07a87270b1fcedfd284cea7ff), packageId -> 'c058a0c9602a9c8d85066c27bf4d81c3d7da69c07a87270b1fcedfd284cea7ff'.
2026-01-13 16:24:55,622 [canton-env-ec-27] INFO  c.d.c.p.a.s.ApiPackageService:participant=sandbox tid:40eb639aa5a59b06ebf3418837dae5e0 - Received request for a package: GetPackageRequest(sandbox,99a2705ed38c1c26cbb8fe7acf36bbf626668e167a33335de932599219e0a235), packageId -> '99a2705ed38c1c26cbb8fe7acf36bbf626668e167a33335de932599219e0a235'.
2026-01-13 16:24:55,622 [canton-env-ec-81] INFO  c.d.c.p.a.s.ApiPackageService:participant=sandbox tid:8222cc8e2c62651a06f3cb80a7a2abfb - Received request for a package: GetPackageRequest(sandbox,d58cf9939847921b2aab78eaa7b427dc4c649d25e6bee3c749ace4c3f52f5c97), packageId -> 'd58cf9939847921b2aab78eaa7b427dc4c649d25e6bee3c749ace4c3f52f5c97'.
2026-01-13 16:24:55,622 [canton-env-ec-74] INFO  c.d.c.p.a.s.ApiPackageService:participant=sandbox tid:085dcf922e10e2705455d8dcb44e91ca - Received request for a package: GetPackageRequest(sandbox,5921708ce82f4255deb1b26d2c05358b548720938a5a325718dc69f381ba47ff), packageId -> '5921708ce82f4255deb1b26d2c05358b548720938a5a325718dc69f381ba47ff'.
2026-01-13 16:24:55,621 [canton-env-ec-69] INFO  c.d.c.p.a.s.ApiPackageService:participant=sandbox tid:5dae7e7c8a2a051e649ea940d1ee92a2 - Received request for a package: GetPackageRequest(sandbox,0f062c5863c7418bd58e589f1501b32339508502a128a305d82607cfeb2873a8), packageId -> '0f062c5863c7418bd58e589f1501b32339508502a128a305d82607cfeb2873a8'.
2026-01-13 16:24:55,622 [canton-env-ec-21] INFO  c.d.c.p.a.s.ApiPackageService:participant=sandbox tid:9da0a85f6eb2074359a604ab206b1c27 - Received request for a package: GetPackageRequest(sandbox,cc348d369011362a5190fe96dd1f0dfbc697fdfd10e382b9e9666f0da05961b7), packageId -> 'cc348d369011362a5190fe96dd1f0dfbc697fdfd10e382b9e9666f0da05961b7'.
2026-01-13 16:24:55,621 [canton-env-ec-80] INFO  c.d.c.p.a.s.ApiPackageService:participant=sandbox tid:b86cff1223f7013e3cc3fba56657651a - Received request for a package: GetPackageRequest(sandbox,6c2c0667393c5f92f1885163068cd31800d2264eb088eb6fc740e11241b2bf06), packageId -> '6c2c0667393c5f92f1885163068cd31800d2264eb088eb6fc740e11241b2bf06'.
2026-01-13 16:24:55,622 [canton-env-ec-32] INFO  c.d.c.p.a.s.ApiPackageService:participant=sandbox tid:5a05d3018b12a4aa753ccd780def4111 - Received request for a package: GetPackageRequest(sandbox,a80dd2c5dafcfdc5a2552b530ce9b3b0aac107190e9373b2377cdbafa1d51628), packageId -> 'a80dd2c5dafcfdc5a2552b530ce9b3b0aac107190e9373b2377cdbafa1d51628'.
2026-01-13 16:24:55,699 [canton-env-ec-32] INFO  c.d.c.p.a.s.ApiPackageService:participant=sandbox tid:20423abe66156bcd145649d65bc62eae - Received request for a package: GetPackageRequest(sandbox,d14e08374fc7197d6a0de468c968ae8ba3aadbf9315476fd39071831f5923662), packageId -> 'd14e08374fc7197d6a0de468c968ae8ba3aadbf9315476fd39071831f5923662'.
2026-01-13 16:24:55,699 [canton-env-ec-27] INFO  c.d.c.p.a.s.ApiPackageService:participant=sandbox tid:e77f2c6538701903a1da2ab0cda80c5e - Received request for a package: GetPackageRequest(sandbox,10e0333b52bba1ff147fc408a6b7d68465b157635ee230493bd6029b750dcb05), packageId -> '10e0333b52bba1ff147fc408a6b7d68465b157635ee230493bd6029b750dcb05'.
2026-01-13 16:24:55,699 [canton-env-ec-74] INFO  c.d.c.p.a.s.ApiPackageService:participant=sandbox tid:baac77f0d9aecd8e114ea1b4b561bdd8 - Received request for a package: GetPackageRequest(sandbox,e22bce619ae24ca3b8e6519281cb5a33b64b3190cc763248b4c3f9ad5087a92c), packageId -> 'e22bce619ae24ca3b8e6519281cb5a33b64b3190cc763248b4c3f9ad5087a92c'.
2026-01-13 16:24:55,700 [canton-env-ec-81] INFO  c.d.c.p.a.s.ApiPackageService:participant=sandbox tid:7d7b5a787313d5c6cede8afb67b65818 - Received request for a package: GetPackageRequest(sandbox,76bf0fd12bd945762a01f8fc5bbcdfa4d0ff20f8762af490f8f41d6237c6524f), packageId -> '76bf0fd12bd945762a01f8fc5bbcdfa4d0ff20f8762af490f8f41d6237c6524f'.
2026-01-13 16:24:55,700 [canton-env-ec-32] INFO  c.d.c.p.a.s.ApiPackageService:participant=sandbox tid:93f818105eec8f4c4eec695e9d004fe0 - Received request for a package: GetPackageRequest(sandbox,852d8e3a8ccf952acc73e17522846bc1eb41498e840d637e519ddcca7dbc7671), packageId -> '852d8e3a8ccf952acc73e17522846bc1eb41498e840d637e519ddcca7dbc7671'.
2026-01-13 16:24:55,700 [canton-env-ec-32] INFO  c.d.c.p.a.s.ApiPackageService:participant=sandbox tid:2a8640d2df1ebdc126d81f0ce1d73536 - Received request for a package: GetPackageRequest(sandbox,cb0552debf219cc909f51cbb5c3b41e9981d39f8f645b1f35e2ef5be2e0b858a), packageId -> 'cb0552debf219cc909f51cbb5c3b41e9981d39f8f645b1f35e2ef5be2e0b858a'.
2026-01-13 16:24:55,701 [canton-env-ec-87] INFO  c.d.c.p.a.s.ApiPackageService:participant=sandbox tid:85082d1fffe5895c7643bead4a64eb20 - Received request for a package: GetPackageRequest(sandbox,6839a6d3d430c569b2425e9391717b44ca324b88ba621d597778811b2d05031d), packageId -> '6839a6d3d430c569b2425e9391717b44ca324b88ba621d597778811b2d05031d'.
2026-01-13 16:24:55,701 [canton-env-ec-75] INFO  c.d.c.p.a.s.ApiPackageService:participant=sandbox tid:c059b34cbd4f03170f1646323596220e - Received request for a package: GetPackageRequest(sandbox,20a8d69c867d7184fd98b7c87f2428aa2c02f6a8a0edc756aac59592a0b6dc3b), packageId -> '20a8d69c867d7184fd98b7c87f2428aa2c02f6a8a0edc756aac59592a0b6dc3b'.
2026-01-13 16:24:55,780 [canton-env-ec-87] INFO  c.d.c.p.a.s.ApiPackageService:participant=sandbox tid:afb490fced139f2095a8d6acccb6b44e - Received request for a package: GetPackageRequest(sandbox,40f452260bef3f29dede136108fc08a88d5a5250310281067087da6f0baddff7), packageId -> '40f452260bef3f29dede136108fc08a88d5a5250310281067087da6f0baddff7'.
2026-01-13 16:24:55,780 [canton-env-ec-79] INFO  c.d.c.p.a.s.ApiPackageService:participant=sandbox tid:7d6b99fe526697ad2ee161900952c5fd - Received request for a package: GetPackageRequest(sandbox,057eed1fd48c238491b8ea06b9b5bf85a5d4c9275dd3f6183e0e6b01730cc2ba), packageId -> '057eed1fd48c238491b8ea06b9b5bf85a5d4c9275dd3f6183e0e6b01730cc2ba'.
2026-01-13 16:24:55,780 [canton-env-ec-74] INFO  c.d.c.p.a.s.ApiPackageService:participant=sandbox tid:7de54912a4c24dd76c274a888c15aa29 - Received request for a package: GetPackageRequest(sandbox,97b883cd8a2b7f49f90d5d39c981cf6e110cf1f1c64427a28a6d58ec88c43657), packageId -> '97b883cd8a2b7f49f90d5d39c981cf6e110cf1f1c64427a28a6d58ec88c43657'.
2026-01-13 16:24:55,780 [canton-env-ec-75] INFO  c.d.c.p.a.s.ApiPackageService:participant=sandbox tid:fed35d2f46e7d9b8d35ffd242adc35c4 - Received request for a package: GetPackageRequest(sandbox,e491352788e56ca4603acc411ffe1a49fefd76ed8b163af86cf5ee5f4c38645b), packageId -> 'e491352788e56ca4603acc411ffe1a49fefd76ed8b163af86cf5ee5f4c38645b'.
2026-01-13 16:24:55,780 [canton-env-ec-70] INFO  c.d.c.p.a.s.ApiPackageService:participant=sandbox tid:5996305fcb6dc5d156192e46506d15b6 - Received request for a package: GetPackageRequest(sandbox,38e6274601b21d7202bb995bc5ec147decda5a01b68d57dda422425038772af7), packageId -> '38e6274601b21d7202bb995bc5ec147decda5a01b68d57dda422425038772af7'.
2026-01-13 16:24:55,886 [canton-env-ec-75] INFO  c.d.c.p.a.s.ApiActiveContractsService:participant=sandbox tid:0f698c2d23f8cb427b8fd4d18733be91 - Received request for active contracts: GetActiveContractsRequest(sandbox,Some(TransactionFilter(Map(Alice -> Filters(Some(InclusiveFilters(Vector(Identifier(539a1a262a2b33c55b5737e6925ce1ff335aea9fd416d0e59dd939e52efcad99,Main,Asset)),Vector(),Vector())))))),true,), filters -> {Alice: ['539a1a262a2b33c55b5737e6925ce1ff335aea9fd416d0e59dd939e52efcad99:Main:Asset']}.
2026-01-13 16:24:55,912 [canton-env-ec-20] INFO  c.d.c.p.a.s.t.TransactionServiceImpl:participant=sandbox tid:3a3f80cc2ad82042588c2861d9c4d12d - Received request for transactions, startExclusive -> '000000000000000004', endInclusive -> '%end%', filters -> {Alice: ['539a1a262a2b33c55b5737e6925ce1ff335aea9fd416d0e59dd939e52efcad99:Main:Asset']}, verbose -> true, ledgerId -> 'sandbox'.
2026-01-13 16:24:56,042 [canton-env-ec-75] INFO  c.d.c.p.a.s.c.CommandSubmissionServiceImpl:participant=sandbox tid:2e246f157c12a363c63bc6bcb61c96ab - Phase 1 started: Submitting commands for interpretation: Commands(
  commandId = c90172c0-1951-4729-bbe2-2a63be5e3414,
  submissionId = 924c4c85-96a8-459b-aadb-8496517cd5e9,
  applicationId = asset-transfer-app,
  actAs = Alice,
  submittedAt = 2026-01-13T10:54:56.037324Z,
  ledgerEffectiveTime = 2026-01-13T10:54:56.037319Z,
  deduplicationPeriod = (duration=PT168H),
  ...
).
2026-01-13 16:24:56,573 [canton-env-ec-74] INFO  c.d.c.p.s.CantonSyncService:participant=sandbox tid:2e246f157c12a363c63bc6bcb61c96ab - INVALID_PARTY_IDENTIFIER(8,2e246f15): The given party is not a valid Canton party identifier: Unable to parse party: Invalid unique identifier `Alice` with missing namespace. err-context:{applicationId=asset-transfer-app, commandId=c90172c0-1951-4729-bbe2-2a63be5e3414, err=Unable to parse party: Invalid unique identifier `Alice` with missing namespace., location=DomainRouter.scala:102} 
2026-01-13 16:24:56,593 [canton-env-ec-75] INFO  c.d.c.p.a.s.c.CommandSubmissionServiceImpl:participant=sandbox tid:2e246f157c12a363c63bc6bcb61c96ab - Rejected: Submission failed with error INVALID_PARTY_IDENTIFIER(8,2e246f15): The given party is not a valid Canton party identifier: Unable to parse party: Invalid unique identifier `Alice` with missing namespace.
2026-01-13 16:24:56,597 [canton-env-ec-75] INFO  c.d.c.n.g.ApiRequestLogger:participant=sandbox tid:2e246f157c12a363c63bc6bcb61c96ab - Request c.d.l.a.v.CommandService/SubmitAndWaitForTransaction by /127.0.0.1:55945: failed with INVALID_ARGUMENT/INVALID_PARTY_IDENTIFIER(8,2e246f15): The given party is not a valid Canton party identifier: Unable to parse party: Invalid unique identifier `Alice` with missing namespace.
2026-01-13 16:25:19,317 [canton-env-ec-75] INFO  c.d.c.p.a.s.ApiLedgerIdentityService:participant=sandbox tid:570341ea5451d588595de7d448686278 - Received request for ledger identity: GetLedgerIdentityRequest().
2026-01-13 16:25:39,419 [canton-env-ec-75] INFO  c.d.c.p.a.s.ApiLedgerIdentityService:participant=sandbox tid:83c9bdd18317a433d405ad5530a6c65a - Received request for ledger identity: GetLedgerIdentityRequest().
2026-01-13 16:25:39,534 [canton-env-ec-75] INFO  c.d.c.p.a.s.a.ApiPartyManagementService:participant=sandbox tid:4c7fc348af4640c08af261711b4b16d7 - Allocating party, parties -> ['Alice'], submissionId -> 'Alice-011ea9cc-714f-4723-ab18-f41ca26bac66'.
2026-01-13 16:25:39,562 [canton-env-ec-70] INFO  c.d.c.p.t.ParticipantTopologyManager:participant=sandbox tid:4c7fc348af4640c08af261711b4b16d7 - Applied topology transaction Add PartyToParticipant(Both, Alice::12202aaf07c3..., PAR::sandbox::12202aaf07c3..., Submission) at 2026-01-13T10:55:39.562255Z
2026-01-13 16:25:39,579 [canton-env-ec-29] INFO  c.d.c.d.s.s.GrpcSequencerService:domain=local tid:e313faf10d36c088f05f5742e332134b - 'PAR::sandbox::12202aaf07c3...' sends request with id 'c68f696f-7820-4520-b51f-9ffaa742d0a1' of size 821 bytes with 1 envelopes.
2026-01-13 16:25:39,595 [canton-env-ec-72] INFO  c.d.c.p.p.DefaultMessageDispatcher:participant=sandbox/domainId=local::12205242112e tid:e313faf10d36c088f05f5742e332134b - Processing event at sc=9, ts=2026-01-13T10:55:39.582252Z, messageId=c68f696f-7820-4520-b51f-9ffaa742d0a1, with contents=Seq()
2026-01-13 16:25:39,601 [canton-env-ec-74] INFO  c.d.c.d.t.DomainTopologyManager:domain=local tid:e313faf10d36c088f05f5742e332134b - Applied topology transaction Add PartyToParticipant(Both, Alice::12202aaf07c3..., PAR::sandbox::12202aaf07c3..., Submission) at 2026-01-13T10:55:39.600827Z
2026-01-13 16:25:39,602 [canton-env-ec-72] INFO  c.d.c.d.t.DomainTopologyManagerRequestService:domain=local tid:e313faf10d36c088f05f5742e332134b - Register topology request by PAR::sandbox::12202aaf07c3... for PAR::sandbox::12202aaf07c3... yielded
  Accepted -> Add PartyToParticipant(Both, Alice::12202aaf07c3..., PAR::sandbox::12202aaf07c3..., Submission)
2026-01-13 16:25:39,609 [canton-env-ec-86] INFO  c.d.c.d.s.s.GrpcSequencerService:domain=local tid:e313faf10d36c088f05f5742e332134b - 'DOM::local::12205242112e...' sends request with id '349b2020-15b4-41b7-8254-9437bdff7813' of size 521 bytes with 1 envelopes.
2026-01-13 16:25:39,609 [canton-env-ec-70] INFO  c.d.c.d.s.s.GrpcSequencerService:domain=local tid:e313faf10d36c088f05f5742e332134b - 'DOM::local::12205242112e...' sends request with id 'b0060757-878c-4744-bf11-08be652572a7' of size 944 bytes with 1 envelopes.
2026-01-13 16:25:39,619 [canton-env-ec-69] INFO  c.d.c.p.p.DefaultMessageDispatcher:participant=sandbox/domainId=local::12205242112e tid:e313faf10d36c088f05f5742e332134b - Processing event at sc=10, ts=2026-01-13T10:55:39.611454Z, with contents=DomainTopologyTransactionMessage
2026-01-13 16:25:39,690 [canton-env-ec-81] INFO  c.d.c.t.p.TopologyTransactionProcessor:domain=local/node=mediator/client=mediator tid:e313faf10d36c088f05f5742e332134b - Storing topology transaction 1/1 Add PartyToParticipant(Both, Alice::12202aaf07c3..., PAR::sandbox::12202aaf07c3..., Submission) with ts=EffectiveTime(2026-01-13T10:55:39.861454Z) (epsilon=250 ms)
2026-01-13 16:25:39,690 [canton-env-ec-75] INFO  c.d.c.t.p.TopologyTransactionProcessor:participant=sandbox tid:e313faf10d36c088f05f5742e332134b - Storing topology transaction 1/1 Add PartyToParticipant(Both, Alice::12202aaf07c3..., PAR::sandbox::12202aaf07c3..., Submission) with ts=EffectiveTime(2026-01-13T10:55:39.861454Z) (epsilon=250 ms)
2026-01-13 16:25:39,691 [canton-env-ec-85] INFO  c.d.c.t.p.TopologyTransactionProcessor:domain=local/client=topology-manager tid:e313faf10d36c088f05f5742e332134b - Storing topology transaction 1/1 Add PartyToParticipant(Both, Alice::12202aaf07c3..., PAR::sandbox::12202aaf07c3..., Submission) with ts=EffectiveTime(2026-01-13T10:55:39.861454Z) (epsilon=250 ms)
2026-01-13 16:25:39,692 [canton-env-ec-72] INFO  c.d.c.p.p.DefaultMessageDispatcher:participant=sandbox/domainId=local::12205242112e tid:e313faf10d36c088f05f5742e332134b - Processing event at sc=11, ts=2026-01-13T10:55:39.611594Z, with contents=RegisterTopologyTransactionResponse
2026-01-13 16:25:39,956 [input-mapping-pool-4] INFO  c.d.c.p.i.p.ParallelIndexerSubscription:participant=sandbox tid:e313faf10d36c088f05f5742e332134b - Storing at offset=000000000000000005 PartyAddedToParticipant(recordTime = 2026-01-13T10:55:39.953864Z, party = Alice::12202aaf07c3..., displayName = 'Alice', participantId = sandbox::12202aaf07c3..., ...)
2026-01-13 16:25:39,976 [daml.index.db.threadpool.connection.api-server-2] INFO  c.d.c.p.l.PersistentPartyRecordStore:participant=sandbox tid:4c7fc348af4640c08af261711b4b16d7 - Created new party record in participant local store: PartyRecord(party=Alice::12202aaf07c30d1a9f3117a9238054195db8678bfddaaea3046cca5392749d4a97da, metadata=ObjectMeta(None,Map()), identityProviderId=Default)
2026-01-13 16:25:40,005 [canton-env-ec-32] INFO  c.d.c.p.a.s.a.ApiPartyManagementService:participant=sandbox tid:553f9c5ec32111ee62a35416f7ccb84d - Allocating party, parties -> ['Bob'], submissionId -> 'Bob-3f060114-048a-49ea-820b-9495266b0483'.
2026-01-13 16:25:40,008 [canton-env-ec-75] INFO  c.d.c.p.t.ParticipantTopologyManager:participant=sandbox tid:553f9c5ec32111ee62a35416f7ccb84d - Applied topology transaction Add PartyToParticipant(Both, Bob::12202aaf07c3..., PAR::sandbox::12202aaf07c3..., Submission) at 2026-01-13T10:55:40.008760Z
2026-01-13 16:25:40,022 [canton-env-ec-68] INFO  c.d.c.d.s.s.GrpcSequencerService:domain=local tid:295a832afedca31e3302323625baf21b - 'PAR::sandbox::12202aaf07c3...' sends request with id '5744f4ce-53c1-4f98-864d-2c7b603c6141' of size 822 bytes with 1 envelopes.
2026-01-13 16:25:40,030 [canton-env-ec-85] INFO  c.d.c.p.p.DefaultMessageDispatcher:participant=sandbox/domainId=local::12205242112e tid:295a832afedca31e3302323625baf21b - Processing event at sc=12, ts=2026-01-13T10:55:40.024202Z, messageId=5744f4ce-53c1-4f98-864d-2c7b603c6141, with contents=Seq()
2026-01-13 16:25:40,032 [canton-env-ec-21] INFO  c.d.c.d.t.DomainTopologyManager:domain=local tid:295a832afedca31e3302323625baf21b - Applied topology transaction Add PartyToParticipant(Both, Bob::12202aaf07c3..., PAR::sandbox::12202aaf07c3..., Submission) at 2026-01-13T10:55:40.032451Z
2026-01-13 16:25:40,032 [canton-env-ec-29] INFO  c.d.c.d.t.DomainTopologyManagerRequestService:domain=local tid:295a832afedca31e3302323625baf21b - Register topology request by PAR::sandbox::12202aaf07c3... for PAR::sandbox::12202aaf07c3... yielded
  Accepted -> Add PartyToParticipant(Both, Bob::12202aaf07c3..., PAR::sandbox::12202aaf07c3..., Submission)
2026-01-13 16:25:40,036 [canton-env-ec-72] INFO  c.d.c.d.s.s.GrpcSequencerService:domain=local tid:295a832afedca31e3302323625baf21b - 'DOM::local::12205242112e...' sends request with id '4c21ef9c-9a8b-4d85-b18d-191d840e2b9f' of size 518 bytes with 1 envelopes.
2026-01-13 16:25:40,036 [canton-env-ec-29] INFO  c.d.c.d.s.s.GrpcSequencerService:domain=local tid:295a832afedca31e3302323625baf21b - 'DOM::local::12205242112e...' sends request with id 'e7afea53-80c9-493b-bf15-920c801b0e88' of size 936 bytes with 1 envelopes.
2026-01-13 16:25:40,046 [canton-env-ec-72] INFO  c.d.c.p.p.DefaultMessageDispatcher:participant=sandbox/domainId=local::12205242112e tid:295a832afedca31e3302323625baf21b - Processing event at sc=13, ts=2026-01-13T10:55:40.039171Z, with contents=RegisterTopologyTransactionResponse
2026-01-13 16:25:40,049 [canton-env-ec-75] INFO  c.d.c.p.p.DefaultMessageDispatcher:participant=sandbox/domainId=local::12205242112e tid:295a832afedca31e3302323625baf21b - Processing event at sc=14, ts=2026-01-13T10:55:40.039315Z, with contents=DomainTopologyTransactionMessage
2026-01-13 16:25:40,050 [canton-env-ec-79] INFO  c.d.c.t.p.TopologyTransactionProcessor:domain=local/node=mediator/client=mediator tid:295a832afedca31e3302323625baf21b - Storing topology transaction 1/1 Add PartyToParticipant(Both, Bob::12202aaf07c3..., PAR::sandbox::12202aaf07c3..., Submission) with ts=EffectiveTime(2026-01-13T10:55:40.289315Z) (epsilon=250 ms)
2026-01-13 16:25:40,051 [canton-env-ec-69] INFO  c.d.c.t.p.TopologyTransactionProcessor:domain=local/client=topology-manager tid:295a832afedca31e3302323625baf21b - Storing topology transaction 1/1 Add PartyToParticipant(Both, Bob::12202aaf07c3..., PAR::sandbox::12202aaf07c3..., Submission) with ts=EffectiveTime(2026-01-13T10:55:40.289315Z) (epsilon=250 ms)
2026-01-13 16:25:40,051 [canton-env-ec-82] INFO  c.d.c.t.p.TopologyTransactionProcessor:participant=sandbox tid:295a832afedca31e3302323625baf21b - Storing topology transaction 1/1 Add PartyToParticipant(Both, Bob::12202aaf07c3..., PAR::sandbox::12202aaf07c3..., Submission) with ts=EffectiveTime(2026-01-13T10:55:40.289315Z) (epsilon=250 ms)
2026-01-13 16:25:40,306 [input-mapping-pool-5] INFO  c.d.c.p.i.p.ParallelIndexerSubscription:participant=sandbox tid:295a832afedca31e3302323625baf21b - Storing at offset=000000000000000006 PartyAddedToParticipant(recordTime = 2026-01-13T10:55:40.304805Z, party = Bob::12202aaf07c3..., displayName = 'Bob', participantId = sandbox::12202aaf07c3..., ...)
2026-01-13 16:25:40,312 [daml.index.db.threadpool.connection.api-server-0] INFO  c.d.c.p.l.PersistentPartyRecordStore:participant=sandbox tid:553f9c5ec32111ee62a35416f7ccb84d - Created new party record in participant local store: PartyRecord(party=Bob::12202aaf07c30d1a9f3117a9238054195db8678bfddaaea3046cca5392749d4a97da, metadata=ObjectMeta(None,Map()), identityProviderId=Default)
2026-01-13 16:25:40,317 [canton-env-ec-73] INFO  c.d.c.p.a.s.a.ApiPartyManagementService:participant=sandbox tid:6a3d2a9de39e0c0dfc73f0e93113afe9 - Allocating party, parties -> ['Charlie'], submissionId -> 'Charlie-32951a21-bcca-4c96-9d3c-c032d011446d'.
2026-01-13 16:25:40,319 [canton-env-ec-85] INFO  c.d.c.p.t.ParticipantTopologyManager:participant=sandbox tid:6a3d2a9de39e0c0dfc73f0e93113afe9 - Applied topology transaction Add PartyToParticipant(Both, Charlie::12202aaf07c3..., PAR::sandbox::12202aaf07c3..., Submission) at 2026-01-13T10:55:40.319729Z
2026-01-13 16:25:40,325 [canton-env-ec-82] INFO  c.d.c.d.s.s.GrpcSequencerService:domain=local tid:300a2d99028efc8850de49cf2f129023 - 'PAR::sandbox::12202aaf07c3...' sends request with id 'c1960285-db81-43dc-88cb-56e9d1ad2c85' of size 825 bytes with 1 envelopes.
2026-01-13 16:25:40,333 [canton-env-ec-27] INFO  c.d.c.p.p.DefaultMessageDispatcher:participant=sandbox/domainId=local::12205242112e tid:300a2d99028efc8850de49cf2f129023 - Processing event at sc=15, ts=2026-01-13T10:55:40.326988Z, messageId=c1960285-db81-43dc-88cb-56e9d1ad2c85, with contents=Seq()
2026-01-13 16:25:40,334 [canton-env-ec-32] INFO  c.d.c.d.t.DomainTopologyManager:domain=local tid:300a2d99028efc8850de49cf2f129023 - Applied topology transaction Add PartyToParticipant(Both, Charlie::12202aaf07c3..., PAR::sandbox::12202aaf07c3..., Submission) at 2026-01-13T10:55:40.334780Z
2026-01-13 16:25:40,335 [canton-env-ec-75] INFO  c.d.c.d.t.DomainTopologyManagerRequestService:domain=local tid:300a2d99028efc8850de49cf2f129023 - Register topology request by PAR::sandbox::12202aaf07c3... for PAR::sandbox::12202aaf07c3... yielded
  Accepted -> Add PartyToParticipant(Both, Charlie::12202aaf07c3..., PAR::sandbox::12202aaf07c3..., Submission)
2026-01-13 16:25:40,339 [canton-env-ec-82] INFO  c.d.c.d.s.s.GrpcSequencerService:domain=local tid:300a2d99028efc8850de49cf2f129023 - 'DOM::local::12205242112e...' sends request with id '9da8b2ba-eb9d-4a3b-9a09-02b1c369eb2d' of size 944 bytes with 1 envelopes.
2026-01-13 16:25:40,339 [canton-env-ec-69] INFO  c.d.c.d.s.s.GrpcSequencerService:domain=local tid:300a2d99028efc8850de49cf2f129023 - 'DOM::local::12205242112e...' sends request with id 'a860242d-1f64-4723-a425-dc0d8fdab2d0' of size 521 bytes with 1 envelopes.
2026-01-13 16:25:40,348 [canton-env-ec-79] INFO  c.d.c.p.p.DefaultMessageDispatcher:participant=sandbox/domainId=local::12205242112e tid:300a2d99028efc8850de49cf2f129023 - Processing event at sc=16, ts=2026-01-13T10:55:40.342140Z, with contents=DomainTopologyTransactionMessage
2026-01-13 16:25:40,352 [canton-env-ec-27] INFO  c.d.c.t.p.TopologyTransactionProcessor:domain=local/client=topology-manager tid:300a2d99028efc8850de49cf2f129023 - Storing topology transaction 1/1 Add PartyToParticipant(Both, Charlie::12202aaf07c3..., PAR::sandbox::12202aaf07c3..., Submission) with ts=EffectiveTime(2026-01-13T10:55:40.592140Z) (epsilon=250 ms)
2026-01-13 16:25:40,352 [canton-env-ec-32] INFO  c.d.c.t.p.TopologyTransactionProcessor:domain=local/node=mediator/client=mediator tid:300a2d99028efc8850de49cf2f129023 - Storing topology transaction 1/1 Add PartyToParticipant(Both, Charlie::12202aaf07c3..., PAR::sandbox::12202aaf07c3..., Submission) with ts=EffectiveTime(2026-01-13T10:55:40.592140Z) (epsilon=250 ms)
2026-01-13 16:25:40,352 [canton-env-ec-29] INFO  c.d.c.t.p.TopologyTransactionProcessor:participant=sandbox tid:300a2d99028efc8850de49cf2f129023 - Storing topology transaction 1/1 Add PartyToParticipant(Both, Charlie::12202aaf07c3..., PAR::sandbox::12202aaf07c3..., Submission) with ts=EffectiveTime(2026-01-13T10:55:40.592140Z) (epsilon=250 ms)
2026-01-13 16:25:40,353 [canton-env-ec-85] INFO  c.d.c.p.p.DefaultMessageDispatcher:participant=sandbox/domainId=local::12205242112e tid:300a2d99028efc8850de49cf2f129023 - Processing event at sc=17, ts=2026-01-13T10:55:40.342331Z, with contents=RegisterTopologyTransactionResponse
2026-01-13 16:25:40,610 [input-mapping-pool-6] INFO  c.d.c.p.i.p.ParallelIndexerSubscription:participant=sandbox tid:300a2d99028efc8850de49cf2f129023 - Storing at offset=000000000000000007 PartyAddedToParticipant(recordTime = 2026-01-13T10:55:40.608236Z, party = Charlie::12202aaf07c3..., displayName = 'Charlie', participantId = sandbox::12202aaf07c3..., ...)
2026-01-13 16:25:40,615 [daml.index.db.threadpool.connection.api-server-2] INFO  c.d.c.p.l.PersistentPartyRecordStore:participant=sandbox tid:6a3d2a9de39e0c0dfc73f0e93113afe9 - Created new party record in participant local store: PartyRecord(party=Charlie::12202aaf07c30d1a9f3117a9238054195db8678bfddaaea3046cca5392749d4a97da, metadata=ObjectMeta(None,Map()), identityProviderId=Default)
2026-01-13 16:26:40,545 [canton-env-ec-31] INFO  c.d.c.p.a.s.ApiActiveContractsService:participant=sandbox tid:75a5df490ad8f4c71532672ce80854a2 - Received request for active contracts: GetActiveContractsRequest(sandbox,Some(TransactionFilter(Map(Alice::12202aaf07c30d1a9f3117a9238054195db8678bfddaaea3046cca5392749d4a97da -> Filters(Some(InclusiveFilters(Vector(Identifier(539a1a262a2b33c55b5737e6925ce1ff335aea9fd416d0e59dd939e52efcad99,Main,Asset)),Vector(),Vector())))))),true,), filters -> {Alice::12202aaf07c30d1a9f3117a9238054195db8678bfddaaea3046cca5392749d4a97da: ['539a1a262a2b33c55b5737e6925ce1ff335aea9fd416d0e59dd939e52efcad99:Main:Asset']}.
2026-01-13 16:26:40,566 [canton-env-ec-80] INFO  c.d.c.p.a.s.t.TransactionServiceImpl:participant=sandbox tid:39f8e477410b6a7d36cb6f88be541079 - Received request for transactions, startExclusive -> '000000000000000007', endInclusive -> '%end%', filters -> {Alice::12202aaf07c30d1a9f3117a9238054195db8678bfddaaea3046cca5392749d4a97da: ['539a1a262a2b33c55b5737e6925ce1ff335aea9fd416d0e59dd939e52efcad99:Main:Asset']}, verbose -> true, ledgerId -> 'sandbox'.
2026-01-13 16:26:40,591 [canton-env-ec-81] INFO  c.d.c.p.a.s.c.CommandSubmissionServiceImpl:participant=sandbox tid:79e3de70b536aadc2706178c7baea226 - Phase 1 started: Submitting commands for interpretation: Commands(
  commandId = 89161359-5f75-46ab-842f-1ee0e0aa5c6f,
  submissionId = 7a3eaa85-73fc-4132-8957-0f8e584250d9,
  applicationId = asset-transfer-app,
  actAs = Alice::12202aaf07c3...,
  submittedAt = 2026-01-13T10:56:40.590178Z,
  ledgerEffectiveTime = 2026-01-13T10:56:40.590177Z,
  deduplicationPeriod = (duration=PT168H),
  ...
).
2026-01-13 16:26:40,903 [canton-env-ec-75] INFO  c.d.c.p.p.TransactionProcessor:participant=sandbox/domainId=local::12205242112e tid:79e3de70b536aadc2706178c7baea226 - Phase 1 completed: Submitting 3 envelopes for Transaction request, submitters Alice::12202aaf07c3..., command-id 89161359-5f75-46ab-842f-1ee0e0aa5c6f
2026-01-13 16:26:40,910 [canton-env-ec-87] INFO  c.d.c.d.s.s.GrpcSequencerService:domain=local tid:79e3de70b536aadc2706178c7baea226 - 'PAR::sandbox::12202aaf07c3...' sends request with id '077b6e16-8e28-4922-aaf4-0f689de9b803' of size 2382 bytes with 3 envelopes.
2026-01-13 16:26:40,931 [canton-env-ec-21] INFO  c.d.c.p.p.DefaultMessageDispatcher:participant=sandbox/domainId=local::12205242112e tid:79e3de70b536aadc2706178c7baea226 - Processing event at sc=18, ts=2026-01-13T10:56:40.914107Z, messageId=077b6e16-8e28-4922-aaf4-0f689de9b803, with contents=Seq(RootHashMessage(root hash = SHA-256:5e47bd069a51..., payload size = 0), EncryptedViewMessageV2(view hash = ViewHash(SHA-256:e4031471cf64...), view type = TransactionViewType, size = 1001))
2026-01-13 16:26:40,936 [canton-env-ec-76] INFO  c.d.c.p.p.TransactionProcessor:participant=sandbox/domainId=local::12205242112e tid:79e3de70b536aadc2706178c7baea226 - Phase 3: Validating Transaction request=2026-01-13T10:56:40.914107Z with 1 envelope(s)
2026-01-13 16:26:40,967 [canton-env-ec-75] INFO  c.d.c.d.m.ConfirmationResponseProcessor:domain=local/node=mediator tid:79e3de70b536aadc2706178c7baea226 - Phase 2: Registered request=2026-01-13T10:56:40.914107Z with 1 view(s). Initial state: ViewPosition("") -> ViewState(
  quorumsState = Seq(Quorum(confirmers = Alice::12202aaf07c3... -> 1, threshold = 1), Quorum(confirmers = sandbox::12202aaf07c3... -> 1, threshold = 1)),
  consortiumVoting = Map(Alice::12202aaf07c3... -> ConsortiumVotingState(), sandbox::12202aaf07c3... -> ConsortiumVotingState()),
  rejections = Seq()
)
2026-01-13 16:26:41,070 [canton-env-ec-81] INFO  c.d.c.p.p.TransactionProcessor:participant=sandbox/domainId=local::12205242112e tid:79e3de70b536aadc2706178c7baea226 - Phase 4: Sending for request=2026-01-13T10:56:40.914107Z with msgId=43adbf7f-5691-4f8e-9b3e-aa9e498a5a0a approved=1, rejected=0
2026-01-13 16:26:41,076 [canton-env-ec-81] INFO  c.d.c.d.s.s.GrpcSequencerService:domain=local tid:79e3de70b536aadc2706178c7baea226 - 'PAR::sandbox::12202aaf07c3...' sends request with id '43adbf7f-5691-4f8e-9b3e-aa9e498a5a0a' of size 733 bytes with 1 envelopes.
2026-01-13 16:26:41,083 [canton-env-ec-87] INFO  c.d.c.p.p.DefaultMessageDispatcher:participant=sandbox/domainId=local::12205242112e tid:79e3de70b536aadc2706178c7baea226 - Processing event at sc=19, ts=2026-01-13T10:56:41.078032Z, messageId=43adbf7f-5691-4f8e-9b3e-aa9e498a5a0a, with contents=Seq()
2026-01-13 16:26:41,091 [canton-env-ec-80] INFO  c.d.c.d.m.ConfirmationResponseProcessor:domain=local/node=mediator tid:79e3de70b536aadc2706178c7baea226 - Phase 5: Received responses for request=RequestId(2026-01-13T10:56:40.914107Z): ParticipantResponse(sender = PAR::sandbox::12202aaf07c3..., ts = 2026-01-13T10:56:41.078032Z, approved = 1)
2026-01-13 16:26:41,107 [canton-env-ec-75] INFO  c.d.c.d.m.ConfirmationResponseProcessor:domain=local/node=mediator tid:79e3de70b536aadc2706178c7baea226 - Phase 6: Finalized request=RequestId(2026-01-13T10:56:40.914107Z) with verdict Approve
2026-01-13 16:26:41,115 [canton-env-ec-20] INFO  c.d.c.d.s.s.GrpcSequencerService:domain=local tid:79e3de70b536aadc2706178c7baea226 - 'MED::local::12205242112e...' sends request with id 'mmid:verdict:1768301800914107' of size 702 bytes with 1 envelopes.
2026-01-13 16:26:41,128 [canton-env-ec-75] INFO  c.d.c.p.p.DefaultMessageDispatcher:participant=sandbox/domainId=local::12205242112e tid:79e3de70b536aadc2706178c7baea226 - Processing event at sc=20, ts=2026-01-13T10:56:41.116913Z, with contents=SignedProtocolMessage(
  TransactionResultMessage(requestId = 2026-01-13T10:56:40.914107Z, verdict = Approve, rootHash = SHA-256:5e47bd069a51..., domainId = local::12205242112e...),
  signatures = Signature(signature = 7a5d69315a9b, signedBy = 12209a6b299a...)
)
2026-01-13 16:26:41,174 [input-mapping-pool-7] INFO  c.d.c.p.i.p.ParallelIndexerSubscription:participant=sandbox tid:79e3de70b536aadc2706178c7baea226 - Phase 7: Storing at offset=000000000000000008 TransactionAccepted(
  recordTime = 2026-01-13T10:56:40.914107Z,
  transactionId = 12205e47bd069a51c4600c10cb532138c6c059c257ec1d0aa442ddaad961645cd965,
  transactionMeta = TransactionMeta(ledgerEffectiveTime = 2026-01-13T10:56:40.590177Z, submissionTime = 2026-01-13T10:56:40.590177Z, domainId = local::12205242112e..., ...),
  completion = CompletionInfo(
    actAs = Alice::12202aaf07c3...,
    commandId = 89161359-5f75-46ab-842f-1ee0e0aa5c6f,
    applicationId = asset-transfer-app,
    deduplication period = (offset=Offset(Bytes(000000000000000001))),
    submissionId = Some(7a3eaa85-73fc-4132-8957-0f8e584250d9),
    ...
  ),
  nodes = 1,
  roots = 1,
  ...
)
2026-01-13 16:26:41,202 [canton-env-ec-81] INFO  c.d.c.p.a.s.t.TransactionServiceImpl:participant=sandbox - Received request for flat transaction by ID, ledgerId -> 'sandbox', transactionId -> '12205e47bd069a51c4600c10cb532138c6c059c257ec1d0aa442ddaad961645cd965', parties -> ['Alice::12202aaf07c30d1a9f3117a9238054195db8678bfddaaea3046cca5392749d4a97da'].
2026-01-13 16:26:41,267 [canton-env-ec-81] INFO  c.d.c.p.a.s.ApiActiveContractsService:participant=sandbox tid:d7eb3a81522d245c08346ffaaf1733d1 - Received request for active contracts: GetActiveContractsRequest(sandbox,Some(TransactionFilter(Map(Alice::12202aaf07c30d1a9f3117a9238054195db8678bfddaaea3046cca5392749d4a97da -> Filters(Some(InclusiveFilters(Vector(Identifier(539a1a262a2b33c55b5737e6925ce1ff335aea9fd416d0e59dd939e52efcad99,Main,Asset)),Vector(),Vector())))))),true,), filters -> {Alice::12202aaf07c30d1a9f3117a9238054195db8678bfddaaea3046cca5392749d4a97da: ['539a1a262a2b33c55b5737e6925ce1ff335aea9fd416d0e59dd939e52efcad99:Main:Asset']}.
2026-01-13 16:26:41,299 [canton-env-ec-81] INFO  c.d.c.p.a.s.t.TransactionServiceImpl:participant=sandbox tid:bc178d20e2b4e3fb593c375fbc6251b4 - Received request for transactions, startExclusive -> '000000000000000008', endInclusive -> '%end%', filters -> {Alice::12202aaf07c30d1a9f3117a9238054195db8678bfddaaea3046cca5392749d4a97da: ['539a1a262a2b33c55b5737e6925ce1ff335aea9fd416d0e59dd939e52efcad99:Main:Asset']}, verbose -> true, ledgerId -> 'sandbox'.
2026-01-13 16:26:41,346 [canton-env-ec-81] INFO  c.d.c.p.a.s.c.CommandSubmissionServiceImpl:participant=sandbox tid:b58d611fc25b57222ee6c2751074d69e - Phase 1 started: Submitting commands for interpretation: Commands(
  commandId = 444c1c77-a89a-4467-94dc-e65ed3d2c2d1,
  submissionId = 2b36838b-a83d-496a-9701-f07e9d2bff36,
  applicationId = asset-transfer-app,
  actAs = Alice::12202aaf07c3...,
  submittedAt = 2026-01-13T10:56:41.345605Z,
  ledgerEffectiveTime = 2026-01-13T10:56:41.345605Z,
  deduplicationPeriod = (duration=PT168H),
  ...
).
2026-01-13 16:26:41,388 [canton-env-ec-69] INFO  c.d.c.p.p.TransactionProcessor:participant=sandbox/domainId=local::12205242112e tid:b58d611fc25b57222ee6c2751074d69e - Phase 1 completed: Submitting 3 envelopes for Transaction request, submitters Alice::12202aaf07c3..., command-id 444c1c77-a89a-4467-94dc-e65ed3d2c2d1
2026-01-13 16:26:41,392 [canton-env-ec-81] INFO  c.d.c.d.s.s.GrpcSequencerService:domain=local tid:b58d611fc25b57222ee6c2751074d69e - 'PAR::sandbox::12202aaf07c3...' sends request with id 'd1b0ee92-f07e-431f-9cd3-e011b58d5035' of size 2623 bytes with 3 envelopes.
2026-01-13 16:26:41,402 [canton-env-ec-68] INFO  c.d.c.p.p.DefaultMessageDispatcher:participant=sandbox/domainId=local::12205242112e tid:b58d611fc25b57222ee6c2751074d69e - Processing event at sc=21, ts=2026-01-13T10:56:41.394401Z, messageId=d1b0ee92-f07e-431f-9cd3-e011b58d5035, with contents=Seq(RootHashMessage(root hash = SHA-256:a1fa9ffab82d..., payload size = 0), EncryptedViewMessageV2(view hash = ViewHash(SHA-256:4c5faa8abd7a...), view type = TransactionViewType, size = 1238))
2026-01-13 16:26:41,403 [canton-env-ec-81] INFO  c.d.c.p.p.TransactionProcessor:participant=sandbox/domainId=local::12205242112e tid:b58d611fc25b57222ee6c2751074d69e - Phase 3: Validating Transaction request=2026-01-13T10:56:41.394401Z with 1 envelope(s)
2026-01-13 16:26:41,404 [canton-env-ec-82] INFO  c.d.c.d.m.ConfirmationResponseProcessor:domain=local/node=mediator tid:b58d611fc25b57222ee6c2751074d69e - Phase 2: Registered request=2026-01-13T10:56:41.394401Z with 1 view(s). Initial state: ViewPosition("") -> ViewState(
  quorumsState = Seq(Quorum(confirmers = Alice::12202aaf07c3... -> 1, threshold = 1), Quorum(confirmers = sandbox::12202aaf07c3... -> 1, threshold = 1)),
  consortiumVoting = Map(Alice::12202aaf07c3... -> ConsortiumVotingState(), sandbox::12202aaf07c3... -> ConsortiumVotingState()),
  rejections = Seq()
)
2026-01-13 16:26:41,424 [canton-env-ec-80] INFO  c.d.c.p.p.TransactionProcessor:participant=sandbox/domainId=local::12205242112e tid:b58d611fc25b57222ee6c2751074d69e - Phase 4: Sending for request=2026-01-13T10:56:41.394401Z with msgId=6a8a9f89-2870-48e6-b20d-9e8bc1c8c1a7 approved=1, rejected=0
2026-01-13 16:26:41,426 [canton-env-ec-69] INFO  c.d.c.d.s.s.GrpcSequencerService:domain=local tid:b58d611fc25b57222ee6c2751074d69e - 'PAR::sandbox::12202aaf07c3...' sends request with id '6a8a9f89-2870-48e6-b20d-9e8bc1c8c1a7' of size 731 bytes with 1 envelopes.
2026-01-13 16:26:41,432 [canton-env-ec-68] INFO  c.d.c.p.p.DefaultMessageDispatcher:participant=sandbox/domainId=local::12205242112e tid:b58d611fc25b57222ee6c2751074d69e - Processing event at sc=22, ts=2026-01-13T10:56:41.427979Z, messageId=6a8a9f89-2870-48e6-b20d-9e8bc1c8c1a7, with contents=Seq()
2026-01-13 16:26:41,432 [canton-env-ec-81] INFO  c.d.c.d.m.ConfirmationResponseProcessor:domain=local/node=mediator tid:b58d611fc25b57222ee6c2751074d69e - Phase 5: Received responses for request=RequestId(2026-01-13T10:56:41.394401Z): ParticipantResponse(sender = PAR::sandbox::12202aaf07c3..., ts = 2026-01-13T10:56:41.427979Z, approved = 1)
2026-01-13 16:26:41,434 [canton-env-ec-20] INFO  c.d.c.d.m.ConfirmationResponseProcessor:domain=local/node=mediator tid:b58d611fc25b57222ee6c2751074d69e - Phase 6: Finalized request=RequestId(2026-01-13T10:56:41.394401Z) with verdict Approve
2026-01-13 16:26:41,436 [canton-env-ec-69] INFO  c.d.c.d.s.s.GrpcSequencerService:domain=local tid:b58d611fc25b57222ee6c2751074d69e - 'MED::local::12205242112e...' sends request with id 'mmid:verdict:1768301801394401' of size 703 bytes with 1 envelopes.
2026-01-13 16:26:41,442 [canton-env-ec-76] INFO  c.d.c.p.p.DefaultMessageDispatcher:participant=sandbox/domainId=local::12205242112e tid:b58d611fc25b57222ee6c2751074d69e - Processing event at sc=23, ts=2026-01-13T10:56:41.437899Z, with contents=SignedProtocolMessage(
  TransactionResultMessage(requestId = 2026-01-13T10:56:41.394401Z, verdict = Approve, rootHash = SHA-256:a1fa9ffab82d..., domainId = local::12205242112e...),
  signatures = Signature(signature = c1a1b58f9f2f, signedBy = 12209a6b299a...)
)
2026-01-13 16:26:41,452 [input-mapping-pool-8] INFO  c.d.c.p.i.p.ParallelIndexerSubscription:participant=sandbox tid:b58d611fc25b57222ee6c2751074d69e - Phase 7: Storing at offset=000000000000000009 TransactionAccepted(
  recordTime = 2026-01-13T10:56:41.394401Z,
  transactionId = 1220a1fa9ffab82dcef4cf7e026b918d4b1cc8c44cf2a235bbab2c457bdff9b42ad6,
  transactionMeta = TransactionMeta(ledgerEffectiveTime = 2026-01-13T10:56:41.345605Z, submissionTime = 2026-01-13T10:56:41.345605Z, domainId = local::12205242112e..., ...),
  completion = CompletionInfo(
    actAs = Alice::12202aaf07c3...,
    commandId = 444c1c77-a89a-4467-94dc-e65ed3d2c2d1,
    applicationId = asset-transfer-app,
    deduplication period = (offset=Offset(Bytes(000000000000000001))),
    submissionId = Some(2b36838b-a83d-496a-9701-f07e9d2bff36),
    ...
  ),
  nodes = 2,
  roots = 1,
  ...
)
2026-01-13 16:26:41,464 [canton-env-ec-81] INFO  c.d.c.p.a.s.t.TransactionServiceImpl:participant=sandbox - Received request for transaction by ID, ledgerId -> 'sandbox', transactionId -> '1220a1fa9ffab82dcef4cf7e026b918d4b1cc8c44cf2a235bbab2c457bdff9b42ad6', parties -> ['Alice::12202aaf07c30d1a9f3117a9238054195db8678bfddaaea3046cca5392749d4a97da'].
2026-01-13 16:26:41,512 [canton-env-ec-81] INFO  c.d.c.p.a.s.ApiActiveContractsService:participant=sandbox tid:38811141e26f6236db14033605d567ca - Received request for active contracts: GetActiveContractsRequest(sandbox,Some(TransactionFilter(Map(Bob::12202aaf07c30d1a9f3117a9238054195db8678bfddaaea3046cca5392749d4a97da -> Filters(Some(InclusiveFilters(Vector(Identifier(539a1a262a2b33c55b5737e6925ce1ff335aea9fd416d0e59dd939e52efcad99,Main,TransferProposal)),Vector(),Vector())))))),true,), filters -> {Bob::12202aaf07c30d1a9f3117a9238054195db8678bfddaaea3046cca5392749d4a97da: ['539a1a262a2b33c55b5737e6925ce1ff335aea9fd416d0e59dd939e52efcad99:Main:TransferProposal']}.
2026-01-13 16:26:41,524 [canton-env-ec-29] INFO  c.d.c.p.a.s.t.TransactionServiceImpl:participant=sandbox tid:9e6e163019c09c40bc85843a014803f2 - Received request for transactions, startExclusive -> '000000000000000009', endInclusive -> '%end%', filters -> {Bob::12202aaf07c30d1a9f3117a9238054195db8678bfddaaea3046cca5392749d4a97da: ['539a1a262a2b33c55b5737e6925ce1ff335aea9fd416d0e59dd939e52efcad99:Main:TransferProposal']}, verbose -> true, ledgerId -> 'sandbox'.
2026-01-13 16:27:11,220 [canton-env-ec-76] INFO  c.d.c.d.s.s.GrpcSequencerService:domain=local tid:79e3de70b536aadc2706178c7baea226 - 'MED::local::12205242112e...' sends request with id 'tick-7693f6e7-9ed4-456c-bf85-5ef30e48bc3f' of size 336 bytes with 0 envelopes.
2026-01-13 16:27:11,752 [canton-env-ec-20] INFO  c.d.c.d.s.s.GrpcSequencerService:domain=local tid:79e3de70b536aadc2706178c7baea226 - 'MED::local::12205242112e...' sends request with id 'tick-6fa56ba7-c8a9-4bb1-af9c-a8fc4ea1ba2a' of size 335 bytes with 0 envelopes.
2026-01-13 16:27:40,892 [canton-env-ec-76] INFO  c.d.c.d.s.s.GrpcSequencerService:domain=local tid:79e3de70b536aadc2706178c7baea226 - 'PAR::sandbox::12202aaf07c3...' sends request with id 'tick-ff4c251a-18eb-4782-889e-3851909171f3' of size 338 bytes with 0 envelopes.
2026-01-13 16:27:41,425 [canton-env-ec-32] INFO  c.d.c.d.s.s.GrpcSequencerService:domain=local tid:79e3de70b536aadc2706178c7baea226 - 'PAR::sandbox::12202aaf07c3...' sends request with id 'tick-8567ddab-4b39-480e-946c-4183e40d60ab' of size 338 bytes with 0 envelopes.
2026-01-13 16:27:57,721 [Thread-0] INFO  c.d.canton.CantonCommunityApp$ - Shutting down...
2026-01-13 16:27:57,735 [Thread-0] INFO  c.d.c.e.CommunityEnvironment - Closing environment...
2026-01-13 16:27:57,742 [canton-env-ec-82] INFO  c.d.c.h.MutableHealthComponent:participant=sandbox - 'sync-domain' is now in state Failed(Component is closed). Previous state was Ok().
2026-01-13 16:27:57,742 [canton-env-ec-82] INFO  c.d.c.h.MutableHealthComponent:participant=sandbox - 'sync-domain-ephemeral' is now in state Failed(Component is closed). Previous state was Ok().
2026-01-13 16:27:57,743 [canton-env-ec-82] INFO  c.d.c.h.MutableHealthComponent:participant=sandbox - 'sequencer-client' is now in state Failed(Component is closed). Previous state was Ok().
2026-01-13 16:27:57,743 [canton-env-ec-82] INFO  c.d.c.h.MutableHealthComponent:participant=sandbox - 'acs-commitment-processor' is now in state Failed(Component is closed). Previous state was Ok().
2026-01-13 16:27:57,756 [canton-env-ec-82] INFO  c.d.c.p.ParticipantNode:participant=sandbox - Stopping participant node
2026-01-13 16:27:57,761 [canton-env-ec-87] INFO  c.d.c.n.g.ApiRequestLogger:participant=sandbox tid:cbaccbd1c34e97a2a8fa991ed2713000 - Request c.d.l.a.v.TransactionService/GetTransactions by /127.0.0.1:55925: cancelled
2026-01-13 16:27:58,151 [canton-env-ec-81] INFO  c.d.c.p.a.s.c.CommandServiceImpl:participant=sandbox - Shutting down Command Service.
2026-01-13 16:27:58,161 [canton-env-ec-76] INFO  com.zaxxer.hikari.HikariDataSource - daml.index.db.connection.api-server - Shutdown initiated...
2026-01-13 16:27:58,162 [canton-env-ec-76] INFO  com.zaxxer.hikari.HikariDataSource - daml.index.db.connection.api-server - Shutdown completed.
2026-01-13 16:27:58,163 [canton-env-ec-87] INFO  c.d.c.p.i.RecoveringIndexer:participant=sandbox - Stopping Indexer Server
2026-01-13 16:27:58,164 [canton-env-ec-29] INFO  com.zaxxer.hikari.HikariDataSource - daml.index.db.connection.indexer - Shutdown initiated...
2026-01-13 16:27:58,165 [canton-env-ec-29] INFO  com.zaxxer.hikari.HikariDataSource - daml.index.db.connection.indexer - Shutdown completed.
2026-01-13 16:27:58,165 [canton-env-ec-29] INFO  c.d.c.p.i.RecoveringIndexer:participant=sandbox - Successfully finished processing state updates
2026-01-13 16:27:58,165 [canton-env-ec-29] INFO  c.d.c.p.i.p.ParallelIndexerFactory$:participant=sandbox - Indexing finished.
2026-01-13 16:27:58,165 [canton-env-ec-29] INFO  c.d.c.p.i.RecoveringIndexer:participant=sandbox - Stopped Indexer Server
2026-01-13 16:27:58,167 [canton-env-ec-29] INFO  c.d.c.p.DispatcherState:participant=sandbox - Shutting down Ledger API offset dispatcher state.
2026-01-13 16:27:58,169 [canton-env-ec-29] INFO  c.d.c.p.DispatcherState:participant=sandbox - Ledger API offset dispatcher shutdown.
2026-01-13 16:27:58,426 [canton-env-ec-82] INFO  c.d.c.p.s.SyncDomain:participant=sandbox/domainId=local::12205242112e - 'sync-domain' is now in state Failed(Disconnected from domain). Previous state was Ok().
2026-01-13 16:27:58,427 [canton-env-ec-82] INFO  c.d.c.h.MutableHealthComponent:participant=sandbox - 'sync-domain' is now in state Failed(Disconnected from domain). Previous state was Ok().
2026-01-13 16:27:58,429 [canton-env-ec-82] INFO  c.d.c.s.c.ResilientSequencerSubscription:participant=sandbox/domainId=local::12205242112e - 'sequencer-client' is now in state Failed(Disconnected from domain). Previous state was Ok().
2026-01-13 16:27:58,429 [canton-env-ec-82] INFO  c.d.c.h.DelegatingMutableHealthComponent:participant=sandbox/domainId=local::12205242112e - 'sequencer-client' is now in state Failed(Disconnected from domain). Previous state was Ok().
2026-01-13 16:27:58,429 [canton-env-ec-82] INFO  c.d.c.h.MutableHealthComponent:participant=sandbox - 'sequencer-client' is now in state Failed(Disconnected from domain). Previous state was Ok().
2026-01-13 16:27:58,431 [canton-env-ec-80] INFO  c.d.c.s.c.t.GrpcSequencerSubscription:participant=sandbox/domainId=local::12205242112e - GRPC subscription successfully closed due to client shutdown.
2026-01-13 16:27:58,431 [canton-env-ec-80] INFO  c.d.c.n.g.ApiRequestLogger:domain=local tid:871cd5f27a61340c634e172ab14beeeb - Request c.d.c.d.a.v.SequencerService/SubscribeVersioned by /127.0.0.1:55935: cancelled
2026-01-13 16:27:58,433 [canton-env-ec-82] INFO  c.d.c.p.p.AcsCommitmentProcessor:participant=sandbox/domainId=local::12205242112e - 'acs-commitment-processor' is now in state Failed(Disconnected from domain). Previous state was Ok().
2026-01-13 16:27:58,433 [canton-env-ec-82] INFO  c.d.c.h.MutableHealthComponent:participant=sandbox - 'acs-commitment-processor' is now in state Failed(Disconnected from domain). Previous state was Ok().
2026-01-13 16:27:58,434 [canton-env-ec-32] INFO  c.d.c.p.s.CantonSyncService:participant=sandbox - Domain 'local' disconnected because sequencer client was closed
2026-01-13 16:27:58,437 [canton-env-ec-82] INFO  c.d.c.p.s.SyncDomainEphemeralState:participant=sandbox/domain-alias=local - 'sync-domain-ephemeral' is now in state Failed(Disconnected from domain). Previous state was Ok().
2026-01-13 16:27:58,437 [canton-env-ec-82] INFO  c.d.c.h.MutableHealthComponent:participant=sandbox - 'sync-domain-ephemeral' is now in state Failed(Disconnected from domain). Previous state was Ok().
2026-01-13 16:27:58,441 [canton-env-ec-82] INFO  c.d.c.h.MutableHealthComponent:participant=sandbox - 'sync-domain' is now in state Failed(Component is closed). Previous state was Failed(Disconnected from domain).
2026-01-13 16:27:58,441 [canton-env-ec-82] INFO  c.d.c.h.MutableHealthComponent:participant=sandbox - 'sync-domain-ephemeral' is now in state Failed(Component is closed). Previous state was Failed(Disconnected from domain).
2026-01-13 16:27:58,442 [canton-env-ec-82] INFO  c.d.c.h.MutableHealthComponent:participant=sandbox - 'sequencer-client' is now in state Failed(Component is closed). Previous state was Failed(Disconnected from domain).
2026-01-13 16:27:58,442 [canton-env-ec-82] INFO  c.d.c.h.MutableHealthComponent:participant=sandbox - 'acs-commitment-processor' is now in state Failed(Component is closed). Previous state was Failed(Disconnected from domain).
2026-01-13 16:27:58,442 [canton-env-ec-82] INFO  c.d.c.r.MemoryStorage:participant=sandbox - 'memory_storage' is now in state Failed(Component is closed). Previous state was Ok().
2026-01-13 16:27:58,442 [canton-env-ec-82] INFO  c.d.c.p.ParticipantNodeBootstrap:participant=sandbox - 'participant' is now in state ServingStatus(status = 'NOT_SERVING'). Previous state was ServingStatus(status = 'SERVING').
2026-01-13 16:27:58,442 [canton-env-ec-82] INFO  c.d.c.c.Crypto:participant=sandbox - 'crypto' is now in state Failed(Component is closed). Previous state was Ok().
2026-01-13 16:27:58,443 [canton-env-ec-82] INFO  c.d.c.c.p.t.TinkPrivateCrypto:participant=sandbox - 'tink-private-crypto' is now in state Failed(Component is closed). Previous state was Ok().
2026-01-13 16:27:58,445 [canton-env-ec-82] INFO  c.d.c.d.DomainNodeBootstrap:domain=local - Stopping domain node
2026-01-13 16:27:58,447 [canton-env-ec-82] INFO  c.d.c.d.t.DomainTopologySender$Impl:domain=local/identity - 'domain-topology-sender' is now in state Failed(Component is closed). Previous state was Ok().
2026-01-13 16:27:58,447 [canton-env-ec-82] INFO  c.d.c.h.MutableHealthComponent:domain=local - 'domain-topology-sender' is now in state Failed(Component is closed). Previous state was Ok().
2026-01-13 16:27:58,447 [canton-env-ec-82] INFO  c.d.c.s.c.ResilientSequencerSubscription:domain=local/client=topology-manager - 'sequencer-client' is now in state Failed(Disconnected from domain). Previous state was Ok().
2026-01-13 16:27:58,447 [canton-env-ec-82] INFO  c.d.c.h.DelegatingMutableHealthComponent:domain=local/client=topology-manager - 'sequencer-client' is now in state Failed(Disconnected from domain). Previous state was Ok().
2026-01-13 16:27:58,448 [canton-env-ec-76] INFO  c.d.c.s.c.t.GrpcSequencerSubscription:domain=local/client=topology-manager - GRPC subscription successfully closed due to client shutdown.
2026-01-13 16:27:58,448 [canton-env-ec-81] INFO  c.d.c.n.g.ApiRequestLogger:domain=local tid:403fc8b12fe4b0ca9092842cdda18337 - Request c.d.c.d.a.v.SequencerService/SubscribeVersioned by /127.0.0.1:55914: cancelled
2026-01-13 16:27:58,450 [canton-env-ec-82] INFO  c.d.c.s.c.ResilientSequencerSubscription:domain=local/client=mediator - 'sequencer-client' is now in state Failed(Disconnected from domain). Previous state was Ok().
2026-01-13 16:27:58,451 [canton-env-ec-82] INFO  c.d.c.h.DelegatingMutableHealthComponent:domain=local/client=mediator - 'sequencer-client' is now in state Failed(Disconnected from domain). Previous state was Ok().
2026-01-13 16:27:58,451 [canton-env-ec-80] INFO  c.d.c.s.c.t.GrpcSequencerSubscription:domain=local/client=mediator - GRPC subscription successfully closed due to client shutdown.
2026-01-13 16:27:58,451 [canton-env-ec-80] INFO  c.d.c.n.g.ApiRequestLogger:domain=local tid:6156ab80b62cff7eebb4d4a4f39b5994 - Request c.d.c.d.a.v.SequencerService/SubscribeVersioned by /127.0.0.1:55917: cancelled
2026-01-13 16:27:58,454 [canton-env-ec-82] INFO  c.d.c.d.s.s.DatabaseSequencer:domain=local - 'sequencer' is now in state SequencerHealthStatus(active = false, details = Sequencer is closed). Previous state was SequencerHealthStatus(active = true).
2026-01-13 16:27:58,454 [canton-env-ec-82] INFO  c.d.c.h.MutableHealthQuasiComponent:domain=local - 'sequencer' is now in state SequencerHealthStatus(active = false, details = Sequencer is closed). Previous state was SequencerHealthStatus(active = true).
2026-01-13 16:27:58,454 [canton-env-ec-82] INFO  c.d.c.d.DomainNodeBootstrap:domain=local - 'sequencer-health-check-service' is now in state ServingStatus(status = 'NOT_SERVING'). Previous state was ServingStatus(status = 'SERVING').
2026-01-13 16:27:58,459 [canton-env-ec-82] INFO  c.d.c.r.MemoryStorage:domain=local - 'memory_storage' is now in state Failed(Component is closed). Previous state was Ok().
2026-01-13 16:27:58,460 [canton-env-ec-82] INFO  c.d.c.d.DomainNodeBootstrap:domain=local - 'domain' is now in state ServingStatus(status = 'NOT_SERVING'). Previous state was ServingStatus(status = 'SERVING').
2026-01-13 16:27:58,460 [canton-env-ec-82] INFO  c.d.c.crypto.Crypto:domain=local - 'crypto' is now in state Failed(Component is closed). Previous state was Ok().
2026-01-13 16:27:58,460 [canton-env-ec-82] INFO  c.d.c.c.p.t.TinkPrivateCrypto:domain=local - 'tink-private-crypto' is now in state Failed(Component is closed). Previous state was Ok().
2026-01-13 16:27:58,475 [canton-env-ec-80] INFO  o.a.pekko.actor.CoordinatedShutdown - Running CoordinatedShutdown with reason [ActorSystemTerminateReason]
2026-01-13 16:27:58,494 [Thread-0] INFO  c.d.canton.CantonCommunityApp$ - Shutdown complete.
2026-01-13 16:27:58,494 [Thread-0] INFO  c.d.canton.CantonCommunityApp$ - Shutting down logger. Bye bye.
2026-01-13 16:30:01,277 [main] INFO  c.d.canton.CantonCommunityApp$ - Starting Canton version 2.10.0
2026-01-13 16:30:01,707 [main] INFO  c.d.canton.CantonCommunityApp$ - Starting up with resolved config:
domains {
    local {
        admin-api {
            port=6868
        }
        init {
            domain-parameters {
                protocol-version="7"
            }
        }
        public-api {
            port=6867
        }
        storage {
            type=memory
        }
    }
}
parameters {
    dev-version-support=true
    non-standard-config=true
    ports-file="/var/folders/6h/h_td7sys15x4866r9hv1k8xc0000gn/T/extra-dir-76655600694/sandbox-portfile"
}
participants {
    sandbox {
        admin-api {
            port=6866
        }
        ledger-api {
            port=6865
            user-management-service {
                enabled=true
            }
        }
        parameters {
            dev-version-support=true
        }
        storage {
            type=memory
        }
    }
}

2026-01-13 16:30:01,723 [main] INFO  c.d.c.e.CommunityEnvironment - Deriving 8 as number of threads from 'sys.runtime.availableProcessors()'. Please use '-Dscala.concurrent.context.numThreads' to override.
2026-01-13 16:30:01,830 [canton-env-ec-20] INFO  o.a.pekko.event.slf4j.Slf4jLogger - Slf4jLogger started
2026-01-13 16:30:01,869 [main] INFO  c.d.c.t.OpenTelemetryFactory$ - Initializing open telemetry with Exporter.Disabled
2026-01-13 16:30:01,902 [main] INFO  c.d.c.e.CommunityEnvironment tid:344d8f7833575eb5c4cf869b45033187 - Automatically starting all instances
2026-01-13 16:30:02,020 [canton-env-ec-20] INFO  c.d.c.crypto.Crypto:domain=local - 'crypto' is now in state Ok(). Previous state was Not Initialized.
2026-01-13 16:30:02,021 [canton-env-ec-22] INFO  c.d.c.d.DomainNodeBootstrap:domain=local - Starting admin-api services on CommunityAdminServerConfig(127.0.0.1,Some(6868),None,Some(BasicKeepAliveServerConfig(40s,20s,20s,false)),10485760)
2026-01-13 16:30:02,064 [canton-env-ec-20] INFO  c.d.c.c.Crypto:participant=sandbox - 'crypto' is now in state Ok(). Previous state was Not Initialized.
2026-01-13 16:30:02,064 [canton-env-ec-28] INFO  c.d.c.p.ParticipantNodeBootstrap:participant=sandbox - Starting admin-api services on CommunityAdminServerConfig(127.0.0.1,Some(6866),None,Some(BasicKeepAliveServerConfig(40s,20s,20s,false)),10485760)
2026-01-13 16:30:02,263 [canton-env-ec-22] INFO  c.d.c.d.DomainNodeBootstrap:domain=local - 'domain' is now in state ServingStatus(status = 'SERVING'). Previous state was ServingStatus(status = 'NOT_SERVING').
2026-01-13 16:30:02,264 [canton-env-ec-28] INFO  c.d.c.p.ParticipantNodeBootstrap:participant=sandbox - 'participant' is now in state ServingStatus(status = 'SERVING'). Previous state was ServingStatus(status = 'NOT_SERVING').
2026-01-13 16:30:02,325 [canton-env-ec-30] INFO  c.d.c.d.DomainNodeBootstrap:domain=local - Node is not initialized yet. Performing automated default initialization.
2026-01-13 16:30:02,326 [canton-env-ec-29] INFO  c.d.c.p.ParticipantNodeBootstrap:participant=sandbox - Node is not initialized yet. Performing automated default initialization.
2026-01-13 16:30:02,490 [canton-env-ec-30] INFO  c.d.c.p.t.ParticipantTopologyManager:participant=sandbox tid:0608cd402b61d16c8157d43a87fdc2e4 - Applied topology transaction Add NamespaceDelegation(12206cdf7ca8..., SigningPublicKey(id = 12206cdf7ca8..., format = Tink, scheme = Ed25519), true) at 2026-01-13T11:00:02.489089Z
2026-01-13 16:30:02,490 [canton-env-ec-22] INFO  c.d.c.d.t.DomainTopologyManager:domain=local tid:ab79494deb33b5a545ec279a9854e43a - Applied topology transaction Add NamespaceDelegation(1220247008ce..., SigningPublicKey(id = 1220247008ce..., format = Tink, scheme = Ed25519), true) at 2026-01-13T11:00:02.489089Z
2026-01-13 16:30:02,514 [canton-env-ec-27] INFO  c.d.c.d.t.DomainTopologyManager:domain=local tid:ab79494deb33b5a545ec279a9854e43a - Applied topology transaction Replace DomainParametersChange(
  local::1220247008ce...,
  DynamicDomainParameters(
    participant response timeout = 30s,
    mediator reaction timeout = 30s,
    transfer exclusivity timeout = 1m,
    topology change delay = 0.25s,
    ledger time record time tolerance = 1m,
    mediator deduplication timeout = 2m,
    reconciliation interval = 1m,
    max rate per participant = 1000000,
    max request size = 10485760,
    catchup config = CatchUpConfig(catchUpIntervalSkip = 5, nrIntervalsToTriggerCatchUp = 2)
  )
) at 2026-01-13T11:00:02.509591Z
2026-01-13 16:30:02,522 [canton-env-ec-29] INFO  c.d.c.d.t.DomainTopologyManager:domain=local tid:ab79494deb33b5a545ec279a9854e43a - Applied topology transaction Add OwnerToKeyMapping(DOM::local::1220247008ce..., SigningPublicKey(id = 1220dc804477..., format = Tink, scheme = Ed25519)) at 2026-01-13T11:00:02.522039Z
2026-01-13 16:30:02,529 [canton-env-ec-29] INFO  c.d.c.d.t.DomainTopologyManager:domain=local - Applied topology transaction Add OwnerToKeyMapping(MED::local::1220247008ce..., SigningPublicKey(id = 12200e20e57f..., format = Tink, scheme = Ed25519)) at 2026-01-13T11:00:02.528975Z
2026-01-13 16:30:02,537 [canton-env-ec-21] INFO  c.d.c.d.t.DomainTopologyManager:domain=local - Applied topology transaction Add MediatorDomainState(Both, local::1220247008ce..., MED::local::1220247008ce...) at 2026-01-13T11:00:02.537210Z
2026-01-13 16:30:02,544 [canton-env-ec-21] INFO  c.d.c.p.a.PackageUploader:participant=sandbox - Initializing Upgradable Package Resolution View
2026-01-13 16:30:02,545 [canton-env-ec-27] INFO  c.d.c.p.a.PackageUploader:participant=sandbox - Upgradable Package Resolution View has been initialized (0 ms)
2026-01-13 16:30:02,547 [canton-env-ec-28] INFO  c.d.c.d.t.DomainTopologyManager:domain=local - Applied topology transaction Add OwnerToKeyMapping(SEQ::local::1220247008ce..., SigningPublicKey(id = 1220a642d8ff..., format = Tink, scheme = Ed25519)) at 2026-01-13T11:00:02.547043Z
2026-01-13 16:30:02,548 [canton-env-ec-20] INFO  c.d.c.d.DomainNodeBootstrap:domain=local - Initializing node with id NodeId(local::1220247008ce...)
2026-01-13 16:30:02,588 [canton-env-ec-20] INFO  c.d.c.p.s.CantonSyncService:participant=sandbox tid:1c51276f7492f9fad7ac208a419478bd - Recovering published timely rejections
2026-01-13 16:30:02,592 [canton-env-ec-23] INFO  c.d.c.p.s.CantonSyncService:participant=sandbox tid:1c51276f7492f9fad7ac208a419478bd - Publishing the unpublished events from the ParticipantEventLog
2026-01-13 16:30:02,646 [canton-env-ec-20] INFO  c.d.c.p.l.a.StartableStoppableLedgerApiServer:participant=sandbox - Creating storage, num-indexer: 16, num-ledger-api: 4
2026-01-13 16:30:02,668 [canton-env-ec-27] INFO  c.d.c.d.s.SequencerRuntime:domain=local - Sequencer is healthy
2026-01-13 16:30:02,683 [canton-env-ec-22] INFO  c.d.c.h.MutableHealthQuasiComponent:domain=local - 'sequencer' is now in state SequencerHealthStatus(active = true). Previous state was SequencerHealthStatus(active = false).
2026-01-13 16:30:02,684 [canton-env-ec-22] INFO  c.d.c.d.DomainNodeBootstrap:domain=local - 'sequencer-health-check-service' is now in state ServingStatus(status = 'SERVING'). Previous state was ServingStatus(status = 'NOT_SERVING').
2026-01-13 16:30:02,752 [canton-env-ec-30] INFO  c.d.c.p.s.b.VerifiedDataSource$:participant=sandbox - Attempting to connect to the database (attempt 1/600)
2026-01-13 16:30:02,882 [canton-env-ec-28] INFO  c.d.c.p.s.FlywayMigrations:participant=sandbox - Ensuring Flyway migration has either not started or there are no pending migrations...
2026-01-13 16:30:02,884 [canton-env-ec-28] INFO  o.f.c.i.license.VersionPrinter - Flyway Community Edition 9.15.2 by Redgate
2026-01-13 16:30:02,884 [canton-env-ec-28] INFO  o.f.c.i.license.VersionPrinter - See release notes here: https://rd.gt/416ObMi
2026-01-13 16:30:02,885 [canton-env-ec-28] INFO  o.f.c.i.license.VersionPrinter - 
2026-01-13 16:30:02,903 [canton-env-ec-28] INFO  o.f.c.i.d.base.BaseDatabaseType - Database: jdbc:h2:mem:ledger_api_sandbox12206cdf7ca81de091b91a34c4ab80e3a980b471c6c0ce72e6828e8f0f8b8f716632_5bbfcd8ee9ce4384b888f72bcbb6f6e4 (H2 2.1)
2026-01-13 16:30:02,912 [canton-env-ec-22] INFO  c.d.c.s.c.SequencerClientImpl:domain=local/client=topology-manager - No event found up to 0001-01-01T00:00:00Z. Resubscribing from the beginning.
2026-01-13 16:30:02,913 [canton-env-ec-22] INFO  c.d.c.s.c.SequencerClientImpl:domain=local/client=topology-manager - Processing events from the SequencedEventStore from 0001-01-01T00:00:00.000001Z on
2026-01-13 16:30:02,925 [canton-env-ec-28] INFO  c.d.c.p.s.FlywayMigrations:participant=sandbox - Running Flyway migration on empty database with 1 migrations pending...
2026-01-13 16:30:02,928 [canton-env-ec-28] INFO  o.f.c.internal.command.DbValidate - Successfully validated 1 migration (execution time 00:00.001s)
2026-01-13 16:30:02,929 [canton-env-ec-21] INFO  c.d.c.s.c.SequencerClientImpl:domain=local/client=topology-manager - Starting subscription for alias=SEQ::local::1220247008ce... at timestamp None; next counter 0
2026-01-13 16:30:02,930 [canton-env-ec-28] INFO  o.f.c.i.s.JdbcTableSchemaHistory - Creating Schema History table "PUBLIC"."flyway_schema_history" ...
2026-01-13 16:30:02,933 [canton-env-ec-21] INFO  c.d.c.h.DelegatingMutableHealthComponent:domain=local/client=topology-manager - 'sequencer-client' is now in state Ok(). Previous state was Not Initialized.
2026-01-13 16:30:02,939 [canton-env-ec-28] INFO  o.f.core.internal.command.DbMigrate - Current version of schema "PUBLIC": << Empty Schema >>
2026-01-13 16:30:02,963 [canton-env-ec-28] INFO  o.f.core.internal.command.DbMigrate - Migrating schema "PUBLIC" to version "1 - Append only schema"
2026-01-13 16:30:02,975 [canton-env-ec-30] INFO  c.d.c.d.i.TopologyManagementInitialization$:domain=local - Sending initial topology transactions to domain members Set(DOM::local::1220247008ce..., MED::local::1220247008ce...) as DOM::local::1220247008ce...
2026-01-13 16:30:03,004 [canton-env-ec-28] INFO  o.f.core.internal.command.DbMigrate - Successfully applied 1 migration to schema "PUBLIC", now at version v1 (execution time 00:00.065s)
2026-01-13 16:30:03,004 [canton-env-ec-28] INFO  c.d.c.p.s.FlywayMigrations:participant=sandbox - Flyway schema migration finished successfully, applying 1 steps on empty database.
2026-01-13 16:30:03,007 [canton-env-ec-27] INFO  c.d.c.d.s.a.MemberAuthenticationServiceOld:domain=local - DOM::local::1220247008ce... authenticated new token with expiry 2026-01-13T12:00:03.006597Z
2026-01-13 16:30:03,027 [canton-env-ec-30] INFO  c.d.c.p.i.RecoveringIndexer:participant=sandbox - Starting Indexer Server
2026-01-13 16:30:03,033 [canton-env-ec-20] INFO  c.d.c.d.s.s.GrpcSequencerService:domain=local - DOM::local::1220247008ce... subscribes from counter=0
2026-01-13 16:30:03,035 [canton-env-ec-27] INFO  com.zaxxer.hikari.HikariDataSource - daml.index.db.connection.indexer - Starting...
2026-01-13 16:30:03,041 [canton-env-ec-27] INFO  com.zaxxer.hikari.HikariDataSource - daml.index.db.connection.indexer - Start completed.
2026-01-13 16:30:03,056 [canton-env-ec-22] INFO  c.d.c.p.i.p.InitializeParallelIngestion:participant=sandbox - Attempting to initialize with participant ID sandbox::12206cdf7ca81de091b91a34c4ab80e3a980b471c6c0ce72e6828e8f0f8b8f716632
2026-01-13 16:30:03,057 [daml.index.db.threadpool.connection.indexer-1] INFO  c.d.c.p.s.b.c.ParameterStorageBackendImpl$:participant=sandbox - Initializing new database for participantId 'sandbox::12206cdf7ca81de091b91a34c4ab80e3a980b471c6c0ce72e6828e8f0f8b8f716632'
2026-01-13 16:30:03,068 [canton-env-ec-27] INFO  c.d.c.p.InMemoryState:participant=sandbox - Initializing participant in-memory state to ledger end: LedgerEnd(Offset(Bytes()),0,0)
2026-01-13 16:30:03,073 [canton-env-ec-23] INFO  c.d.c.d.s.s.GrpcSequencerService:domain=local tid:d41cac75543978203983a3f89aa384ea - 'DOM::local::1220247008ce...' sends request with id '340bb201-a614-478a-b976-d7e693dd01d3' of size 1793 bytes with 2 envelopes.
2026-01-13 16:30:03,081 [canton-env-ec-30] INFO  c.d.c.p.i.UpdatePackageMetadataView$:participant=sandbox - Package Metadata View has been initialized (4 ms)
2026-01-13 16:30:03,083 [canton-env-ec-20] INFO  c.d.c.p.DispatcherState:participant=sandbox - Started a Ledger API offset dispatcher at initialization offset: Offset(Bytes()).
2026-01-13 16:30:03,102 [canton-env-ec-54] INFO  c.d.c.d.s.s.SequencerReader$EventsReader:domain=local/subscriber=DOM::local::1220247008ce tid:d41cac75543978203983a3f89aa384ea - Using approximate topology snapshot at 0001-01-01T00:00:00.000001Z for desired timestamp 2026-01-13T11:00:03.093676Z
2026-01-13 16:30:03,107 [canton-env-ec-20] INFO  c.d.c.p.i.p.ParallelIndexerFactory$:participant=sandbox - Indexer initialized, indexing started.
2026-01-13 16:30:03,107 [canton-env-ec-21] INFO  c.d.c.p.i.RecoveringIndexer:participant=sandbox - Started Indexer Server
2026-01-13 16:30:03,109 [canton-env-ec-54] INFO  com.zaxxer.hikari.HikariDataSource - daml.index.db.connection.api-server - Starting...
2026-01-13 16:30:03,109 [canton-env-ec-54] INFO  com.zaxxer.hikari.HikariDataSource - daml.index.db.connection.api-server - Start completed.
2026-01-13 16:30:03,119 [input-mapping-pool-0] INFO  c.d.c.p.i.p.ParallelIndexerSubscription:participant=sandbox tid:1c51276f7492f9fad7ac208a419478bd - Storing at offset=000000000000000001 ConfigurationChanged(
  recordTime = 2026-01-13T11:00:02.600251Z,
  configuration = Configuration(generation = 1, maxDeduplicationDuration = 168h, timeModel = LedgerTimeModel(avgTransactionLatency = 0s, minSkew = 8760h, maxSkew = 8760h)),
  ...
)
2026-01-13 16:30:03,122 [canton-env-ec-54] INFO  c.d.c.s.c.SequencedEventValidatorImpl:domain=local/client=topology-manager tid:d41cac75543978203983a3f89aa384ea - Skipping signature verification of the first sequenced event due to a fresh subscription from SEQ::local::1220247008ce...
2026-01-13 16:30:03,140 [canton-env-ec-22] INFO  c.d.c.p.i.IndexServiceOwner:participant=sandbox - Found existing participant with ID: sandbox::12206cdf7ca81de091b91a34c4ab80e3a980b471c6c0ce72e6828e8f0f8b8f716632`
2026-01-13 16:30:03,163 [canton-env-ec-27] INFO  c.d.c.t.p.DomainTopologyTransactionMessageValidator$Impl:domain=local/client=topology-manager tid:d41cac75543978203983a3f89aa384ea - Using approximate topology snapshot at 0001-01-01T00:00:00.000001Z for desired timestamp 2026-01-13T11:00:03.093676Z
2026-01-13 16:30:03,166 [canton-env-ec-20] INFO  c.d.c.p.a.r.MemoryCheck$:participant=sandbox - Using 'tenured' memory pool G1 Old Gen.  Setting its collection pool threshold to 2147483648
2026-01-13 16:30:03,173 [canton-env-ec-27] INFO  c.d.c.t.p.TopologyTransactionProcessor:domain=local/client=topology-manager tid:d41cac75543978203983a3f89aa384ea - Updated topology change delay from=0s to 0.25s
2026-01-13 16:30:03,175 [canton-env-ec-23] INFO  c.d.c.t.p.TopologyTransactionProcessor:domain=local/client=topology-manager tid:d41cac75543978203983a3f89aa384ea - Storing topology transaction 1/6 Add NamespaceDelegation(1220247008ce..., SigningPublicKey(id = 1220247008ce..., format = Tink, scheme = Ed25519), true) with ts=EffectiveTime(2026-01-13T11:00:03.093676Z) (epsilon=0 ms)
2026-01-13 16:30:03,176 [canton-env-ec-23] INFO  c.d.c.t.p.TopologyTransactionProcessor:domain=local/client=topology-manager tid:d41cac75543978203983a3f89aa384ea - Storing topology transaction 2/6 Replace DomainParametersChange(
  local::1220247008ce...,
  DynamicDomainParameters(
    participant response timeout = 30s,
    mediator reaction timeout = 30s,
    transfer exclusivity timeout = 1m,
    topology change delay = 0.25s,
    ledger time record time tolerance = 1m,
    mediator deduplication timeout = 2m,
    reconciliation interval = 1m,
    max rate per participant = 1000000,
    max request size = 10485760,
    catchup config = CatchUpConfig(catchUpIntervalSkip = 5, nrIntervalsToTriggerCatchUp = 2)
  )
) with ts=EffectiveTime(2026-01-13T11:00:03.093676Z) (epsilon=0 ms)
2026-01-13 16:30:03,176 [canton-env-ec-23] INFO  c.d.c.t.p.TopologyTransactionProcessor:domain=local/client=topology-manager tid:d41cac75543978203983a3f89aa384ea - Storing topology transaction 3/6 Add OwnerToKeyMapping(DOM::local::1220247008ce..., SigningPublicKey(id = 1220dc804477..., format = Tink, scheme = Ed25519)) with ts=EffectiveTime(2026-01-13T11:00:03.093676Z) (epsilon=0 ms)
2026-01-13 16:30:03,176 [canton-env-ec-23] INFO  c.d.c.t.p.TopologyTransactionProcessor:domain=local/client=topology-manager tid:d41cac75543978203983a3f89aa384ea - Storing topology transaction 4/6 Add OwnerToKeyMapping(MED::local::1220247008ce..., SigningPublicKey(id = 12200e20e57f..., format = Tink, scheme = Ed25519)) with ts=EffectiveTime(2026-01-13T11:00:03.093676Z) (epsilon=0 ms)
2026-01-13 16:30:03,176 [canton-env-ec-23] INFO  c.d.c.t.p.TopologyTransactionProcessor:domain=local/client=topology-manager tid:d41cac75543978203983a3f89aa384ea - Storing topology transaction 5/6 Add MediatorDomainState(Both, local::1220247008ce..., MED::local::1220247008ce...) with ts=EffectiveTime(2026-01-13T11:00:03.093676Z) (epsilon=0 ms)
2026-01-13 16:30:03,177 [canton-env-ec-23] INFO  c.d.c.t.p.TopologyTransactionProcessor:domain=local/client=topology-manager tid:d41cac75543978203983a3f89aa384ea - Storing topology transaction 6/6 Add OwnerToKeyMapping(SEQ::local::1220247008ce..., SigningPublicKey(id = 1220a642d8ff..., format = Tink, scheme = Ed25519)) with ts=EffectiveTime(2026-01-13T11:00:03.093676Z) (epsilon=0 ms)
2026-01-13 16:30:03,190 [canton-env-ec-27] INFO  c.d.c.p.a.ApiServices$Owner:participant=sandbox - Daml-LF Engine supports LF versions: 1.14, 1.15, 1.17, 1.dev
2026-01-13 16:30:03,196 [canton-env-ec-54] INFO  c.d.c.p.a.c.LedgerConfigurationSubscriptionFromIndex:participant=sandbox - Initial ledger configuration lookup found configuration Configuration(1,LedgerTimeModel(PT0S,PT8760H,PT8760H),PT168H) at Absolute(000000000000000001). Looking for new ledger configurations from this offset.
2026-01-13 16:30:03,200 [canton-env-ec-20] INFO  c.d.c.h.MutableHealthComponent:domain=local - 'domain-topology-sender' is now in state Ok(). Previous state was Not Initialized.
2026-01-13 16:30:03,238 [canton-env-ec-54] INFO  c.d.c.s.c.SequencerClientImpl:domain=local/client=mediator - No event found up to 0001-01-01T00:00:00Z. Resubscribing from the beginning.
2026-01-13 16:30:03,238 [canton-env-ec-54] INFO  c.d.c.s.c.SequencerClientImpl:domain=local/client=mediator - Processing events from the SequencedEventStore from 0001-01-01T00:00:00.000001Z on
2026-01-13 16:30:03,240 [canton-env-ec-20] INFO  c.d.c.s.c.SequencerClientImpl:domain=local/client=mediator - Starting subscription for alias=SEQ::local::1220247008ce... at timestamp None; next counter 0
2026-01-13 16:30:03,240 [canton-env-ec-20] INFO  c.d.c.h.DelegatingMutableHealthComponent:domain=local/client=mediator - 'sequencer-client' is now in state Ok(). Previous state was Not Initialized.
2026-01-13 16:30:03,252 [canton-env-ec-23] INFO  c.d.c.d.s.a.MemberAuthenticationServiceOld:domain=local - MED::local::1220247008ce... authenticated new token with expiry 2026-01-13T12:00:03.252030Z
2026-01-13 16:30:03,255 [canton-env-ec-29] INFO  c.d.c.d.s.s.GrpcSequencerService:domain=local - MED::local::1220247008ce... subscribes from counter=0
2026-01-13 16:30:03,263 [canton-env-ec-28] INFO  c.d.c.s.c.SequencedEventValidatorImpl:domain=local/client=mediator tid:d41cac75543978203983a3f89aa384ea - Skipping signature verification of the first sequenced event due to a fresh subscription from SEQ::local::1220247008ce...
2026-01-13 16:30:03,267 [canton-env-ec-27] INFO  c.d.c.d.m.Mediator:domain=local/node=mediator tid:d41cac75543978203983a3f89aa384ea - Caught up with batch with counter=0 with sequencer with 174 ms delay
2026-01-13 16:30:03,268 [canton-env-ec-27] INFO  c.d.c.t.p.DomainTopologyTransactionMessageValidator$Impl:domain=local/node=mediator/client=mediator tid:d41cac75543978203983a3f89aa384ea - Using approximate topology snapshot at 0001-01-01T00:00:00.000001Z for desired timestamp 2026-01-13T11:00:03.093676Z
2026-01-13 16:30:03,272 [canton-env-ec-21] INFO  c.d.c.t.p.TopologyTransactionProcessor:domain=local/node=mediator/client=mediator tid:d41cac75543978203983a3f89aa384ea - Updated topology change delay from=0s to 0.25s
2026-01-13 16:30:03,273 [canton-env-ec-22] INFO  c.d.c.t.p.TopologyTransactionProcessor:domain=local/node=mediator/client=mediator tid:d41cac75543978203983a3f89aa384ea - Storing topology transaction 1/6 Add NamespaceDelegation(1220247008ce..., SigningPublicKey(id = 1220247008ce..., format = Tink, scheme = Ed25519), true) with ts=EffectiveTime(2026-01-13T11:00:03.093676Z) (epsilon=0 ms)
2026-01-13 16:30:03,274 [canton-env-ec-22] INFO  c.d.c.t.p.TopologyTransactionProcessor:domain=local/node=mediator/client=mediator tid:d41cac75543978203983a3f89aa384ea - Storing topology transaction 2/6 Replace DomainParametersChange(
  local::1220247008ce...,
  DynamicDomainParameters(
    participant response timeout = 30s,
    mediator reaction timeout = 30s,
    transfer exclusivity timeout = 1m,
    topology change delay = 0.25s,
    ledger time record time tolerance = 1m,
    mediator deduplication timeout = 2m,
    reconciliation interval = 1m,
    max rate per participant = 1000000,
    max request size = 10485760,
    catchup config = CatchUpConfig(catchUpIntervalSkip = 5, nrIntervalsToTriggerCatchUp = 2)
  )
) with ts=EffectiveTime(2026-01-13T11:00:03.093676Z) (epsilon=0 ms)
2026-01-13 16:30:03,274 [canton-env-ec-22] INFO  c.d.c.t.p.TopologyTransactionProcessor:domain=local/node=mediator/client=mediator tid:d41cac75543978203983a3f89aa384ea - Storing topology transaction 3/6 Add OwnerToKeyMapping(DOM::local::1220247008ce..., SigningPublicKey(id = 1220dc804477..., format = Tink, scheme = Ed25519)) with ts=EffectiveTime(2026-01-13T11:00:03.093676Z) (epsilon=0 ms)
2026-01-13 16:30:03,274 [canton-env-ec-22] INFO  c.d.c.t.p.TopologyTransactionProcessor:domain=local/node=mediator/client=mediator tid:d41cac75543978203983a3f89aa384ea - Storing topology transaction 4/6 Add OwnerToKeyMapping(MED::local::1220247008ce..., SigningPublicKey(id = 12200e20e57f..., format = Tink, scheme = Ed25519)) with ts=EffectiveTime(2026-01-13T11:00:03.093676Z) (epsilon=0 ms)
2026-01-13 16:30:03,275 [canton-env-ec-22] INFO  c.d.c.t.p.TopologyTransactionProcessor:domain=local/node=mediator/client=mediator tid:d41cac75543978203983a3f89aa384ea - Storing topology transaction 5/6 Add MediatorDomainState(Both, local::1220247008ce..., MED::local::1220247008ce...) with ts=EffectiveTime(2026-01-13T11:00:03.093676Z) (epsilon=0 ms)
2026-01-13 16:30:03,275 [canton-env-ec-22] INFO  c.d.c.t.p.TopologyTransactionProcessor:domain=local/node=mediator/client=mediator tid:d41cac75543978203983a3f89aa384ea - Storing topology transaction 6/6 Add OwnerToKeyMapping(SEQ::local::1220247008ce..., SigningPublicKey(id = 1220a642d8ff..., format = Tink, scheme = Ed25519)) with ts=EffectiveTime(2026-01-13T11:00:03.093676Z) (epsilon=0 ms)
2026-01-13 16:30:03,330 [canton-env-ec-27] INFO  c.d.c.p.a.LedgerApiService:participant=sandbox - Listening on 127.0.0.1:6865 over plain text with LedgerApiKeepAliveServerConfig(10m,20s,10s,true).
2026-01-13 16:30:03,330 [canton-env-ec-54] INFO  c.d.c.p.a.ApiServiceOwner$:participant=sandbox - Initialized API server version {component version not found on classpath} with ledger-id = sandbox, port = 6865.
2026-01-13 16:30:03,352 [canton-env-ec-27] INFO  c.d.c.p.a.s.ApiLedgerIdentityService:participant=sandbox tid:590c4f13106f7310e403928bdabd87e5 - Received request for ledger identity: GetLedgerIdentityRequest().
2026-01-13 16:30:04,086 [canton-env-ec-73] INFO  c.d.c.p.a.s.ApiPackageService:participant=sandbox tid:a0d9af165a867eea1f6564157dfe3405 - Received request for a package status: GetPackageStatusRequest(sandbox,8a7806365bbd98d88b4c13832ebfa305f6abaeaf32cfa2b7dd25c4fa489b79fb), packageId -> '8a7806365bbd98d88b4c13832ebfa305f6abaeaf32cfa2b7dd25c4fa489b79fb'.
2026-01-13 16:30:04,087 [canton-env-ec-74] INFO  c.d.c.p.a.s.ApiPackageService:participant=sandbox tid:b3c659e1d7afde8aef64a52c2edf3f3f - Received request for a package status: GetPackageStatusRequest(sandbox,3f4deaf145a15cdcfa762c058005e2edb9baa75bb7f95a4f8f6f937378e86415), packageId -> '3f4deaf145a15cdcfa762c058005e2edb9baa75bb7f95a4f8f6f937378e86415'.
2026-01-13 16:30:04,087 [canton-env-ec-21] INFO  c.d.c.p.a.s.ApiPackageService:participant=sandbox tid:7482732bab17a8d02de151f296028234 - Received request for a package status: GetPackageStatusRequest(sandbox,733e38d36a2759688a4b2c4cec69d48e7b55ecc8dedc8067b815926c917a182a), packageId -> '733e38d36a2759688a4b2c4cec69d48e7b55ecc8dedc8067b815926c917a182a'.
2026-01-13 16:30:04,087 [canton-env-ec-75] INFO  c.d.c.p.a.s.ApiPackageService:participant=sandbox tid:b40a42fd00548ce5f3c631f318587182 - Received request for a package status: GetPackageStatusRequest(sandbox,bfcd37bd6b84768e86e432f5f6c33e25d9e7724a9d42e33875ff74f6348e733f), packageId -> 'bfcd37bd6b84768e86e432f5f6c33e25d9e7724a9d42e33875ff74f6348e733f'.
2026-01-13 16:30:04,086 [canton-env-ec-54] INFO  c.d.c.p.a.s.ApiPackageService:participant=sandbox tid:2e7f12e054a19a60f715c06b0c3a8e40 - Received request for a package status: GetPackageStatusRequest(sandbox,99a2705ed38c1c26cbb8fe7acf36bbf626668e167a33335de932599219e0a235), packageId -> '99a2705ed38c1c26cbb8fe7acf36bbf626668e167a33335de932599219e0a235'.
2026-01-13 16:30:04,086 [canton-env-ec-68] INFO  c.d.c.p.a.s.ApiPackageService:participant=sandbox tid:d60e33d7f0d1e7b6b95e26022c9b2717 - Received request for a package status: GetPackageStatusRequest(sandbox,86828b9843465f419db1ef8a8ee741d1eef645df02375ebf509cdc8c3ddd16cb), packageId -> '86828b9843465f419db1ef8a8ee741d1eef645df02375ebf509cdc8c3ddd16cb'.
2026-01-13 16:30:04,086 [canton-env-ec-20] INFO  c.d.c.p.a.s.ApiPackageService:participant=sandbox tid:4095f0a67472bfdb9d1d8035d7cfbac9 - Received request for a package status: GetPackageStatusRequest(sandbox,d58cf9939847921b2aab78eaa7b427dc4c649d25e6bee3c749ace4c3f52f5c97), packageId -> 'd58cf9939847921b2aab78eaa7b427dc4c649d25e6bee3c749ace4c3f52f5c97'.
2026-01-13 16:30:04,088 [canton-env-ec-69] INFO  c.d.c.p.a.s.ApiPackageService:participant=sandbox tid:83c552e7df3248efb9d5b25e65b9eabc - Received request for a package status: GetPackageStatusRequest(sandbox,65921e553a353588e950cbc87e98a127730e63295f7ad8d3adae952ef0133b3e), packageId -> '65921e553a353588e950cbc87e98a127730e63295f7ad8d3adae952ef0133b3e'.
2026-01-13 16:30:04,086 [canton-env-ec-29] INFO  c.d.c.p.a.s.ApiPackageService:participant=sandbox tid:820b4ec57ecabb5ca4d587b0978806a2 - Received request for a package status: GetPackageStatusRequest(sandbox,8abf89c9b4a8d85b16ec66b58c6dc2eb41fb1eba02c36d67e21ca5a4dfa01552), packageId -> '8abf89c9b4a8d85b16ec66b58c6dc2eb41fb1eba02c36d67e21ca5a4dfa01552'.
2026-01-13 16:30:04,086 [canton-env-ec-71] INFO  c.d.c.p.a.s.ApiPackageService:participant=sandbox tid:3956b28e3cedab04e50237ad04689b82 - Received request for a package status: GetPackageStatusRequest(sandbox,6c2c0667393c5f92f1885163068cd31800d2264eb088eb6fc740e11241b2bf06), packageId -> '6c2c0667393c5f92f1885163068cd31800d2264eb088eb6fc740e11241b2bf06'.
2026-01-13 16:30:04,086 [canton-env-ec-27] INFO  c.d.c.p.a.s.ApiPackageService:participant=sandbox tid:f6f6eaf70e579d731b6db632416a3707 - Received request for a package status: GetPackageStatusRequest(sandbox,cc348d369011362a5190fe96dd1f0dfbc697fdfd10e382b9e9666f0da05961b7), packageId -> 'cc348d369011362a5190fe96dd1f0dfbc697fdfd10e382b9e9666f0da05961b7'.
2026-01-13 16:30:04,087 [canton-env-ec-30] INFO  c.d.c.p.a.s.ApiPackageService:participant=sandbox tid:2a1aec1d6f9e4c14c49bd4e51878344d - Received request for a package status: GetPackageStatusRequest(sandbox,f20de1e4e37b92280264c08bf15eca0be0bc5babd7a7b5e574997f154c00cb78), packageId -> 'f20de1e4e37b92280264c08bf15eca0be0bc5babd7a7b5e574997f154c00cb78'.
2026-01-13 16:30:04,087 [canton-env-ec-28] INFO  c.d.c.p.a.s.ApiPackageService:participant=sandbox tid:d2637d6025ed2f17ecb689848a7f9d37 - Received request for a package status: GetPackageStatusRequest(sandbox,5921708ce82f4255deb1b26d2c05358b548720938a5a325718dc69f381ba47ff), packageId -> '5921708ce82f4255deb1b26d2c05358b548720938a5a325718dc69f381ba47ff'.
2026-01-13 16:30:04,087 [canton-env-ec-72] INFO  c.d.c.p.a.s.ApiPackageService:participant=sandbox tid:b95851320086d292b7719f79be76115c - Received request for a package status: GetPackageStatusRequest(sandbox,c058a0c9602a9c8d85066c27bf4d81c3d7da69c07a87270b1fcedfd284cea7ff), packageId -> 'c058a0c9602a9c8d85066c27bf4d81c3d7da69c07a87270b1fcedfd284cea7ff'.
2026-01-13 16:30:04,092 [canton-env-ec-76] INFO  c.d.c.p.a.s.ApiPackageService:participant=sandbox tid:e1aedb0a7d5e53f2b0ffd5d3163fb9b7 - Received request for a package status: GetPackageStatusRequest(sandbox,518032f41fd0175461b35ae0c9691e08b4aea55e62915f8360af2cc7a1f2ba6c), packageId -> '518032f41fd0175461b35ae0c9691e08b4aea55e62915f8360af2cc7a1f2ba6c'.
2026-01-13 16:30:04,092 [canton-env-ec-75] INFO  c.d.c.p.a.s.ApiPackageService:participant=sandbox tid:214147557548b39d0c26183ac3cc1488 - Received request for a package status: GetPackageStatusRequest(sandbox,057eed1fd48c238491b8ea06b9b5bf85a5d4c9275dd3f6183e0e6b01730cc2ba), packageId -> '057eed1fd48c238491b8ea06b9b5bf85a5d4c9275dd3f6183e0e6b01730cc2ba'.
2026-01-13 16:30:04,092 [canton-env-ec-79] INFO  c.d.c.p.a.s.ApiPackageService:participant=sandbox tid:4b38ed61d2367c6588f4d18b04b97803 - Received request for a package status: GetPackageStatusRequest(sandbox,d14e08374fc7197d6a0de468c968ae8ba3aadbf9315476fd39071831f5923662), packageId -> 'd14e08374fc7197d6a0de468c968ae8ba3aadbf9315476fd39071831f5923662'.
2026-01-13 16:30:04,093 [canton-env-ec-27] INFO  c.d.c.p.a.s.ApiPackageService:participant=sandbox tid:6870072530b2a9e3c1980d6faa39cc0d - Received request for a package status: GetPackageStatusRequest(sandbox,e491352788e56ca4603acc411ffe1a49fefd76ed8b163af86cf5ee5f4c38645b), packageId -> 'e491352788e56ca4603acc411ffe1a49fefd76ed8b163af86cf5ee5f4c38645b'.
2026-01-13 16:30:04,093 [canton-env-ec-68] INFO  c.d.c.p.a.s.ApiPackageService:participant=sandbox tid:bc159c517af0d8cb4c8c2c91be81837f - Received request for a package status: GetPackageStatusRequest(sandbox,e22bce619ae24ca3b8e6519281cb5a33b64b3190cc763248b4c3f9ad5087a92c), packageId -> 'e22bce619ae24ca3b8e6519281cb5a33b64b3190cc763248b4c3f9ad5087a92c'.
2026-01-13 16:30:04,093 [canton-env-ec-29] INFO  c.d.c.p.a.s.ApiPackageService:participant=sandbox tid:48aa10ccbb9c14109f09642de66c187c - Received request for a package status: GetPackageStatusRequest(sandbox,e4cc67c3264eba4a19c080cac5ab32d87551578e0f5f58b6a9460f91c7abc254), packageId -> 'e4cc67c3264eba4a19c080cac5ab32d87551578e0f5f58b6a9460f91c7abc254'.
2026-01-13 16:30:04,094 [canton-env-ec-84] INFO  c.d.c.p.a.s.ApiPackageService:participant=sandbox tid:ae73581620fdf69b6058bfdb13f2ca1b - Received request for a package status: GetPackageStatusRequest(sandbox,cb0552debf219cc909f51cbb5c3b41e9981d39f8f645b1f35e2ef5be2e0b858a), packageId -> 'cb0552debf219cc909f51cbb5c3b41e9981d39f8f645b1f35e2ef5be2e0b858a'.
2026-01-13 16:30:04,091 [canton-env-ec-30] INFO  c.d.c.p.a.s.ApiPackageService:participant=sandbox tid:81500638a25f4a03110b7c84bb06ad52 - Received request for a package status: GetPackageStatusRequest(sandbox,57b5c520512c24035057aa4c783cb7ac7f3f49db29806280962e188be7aadb66), packageId -> '57b5c520512c24035057aa4c783cb7ac7f3f49db29806280962e188be7aadb66'.
2026-01-13 16:30:04,090 [canton-env-ec-70] INFO  c.d.c.p.a.s.ApiPackageService:participant=sandbox tid:9a353946383881463a4336e7aa10a8aa - Received request for a package status: GetPackageStatusRequest(sandbox,c1f1f00558799eec139fb4f4c76f95fb52fa1837a5dd29600baa1c8ed1bdccfd), packageId -> 'c1f1f00558799eec139fb4f4c76f95fb52fa1837a5dd29600baa1c8ed1bdccfd'.
2026-01-13 16:30:04,095 [canton-env-ec-71] INFO  c.d.c.p.a.s.ApiPackageService:participant=sandbox tid:5db0c808b3d7e3dcbd42194a99740205 - Received request for a package status: GetPackageStatusRequest(sandbox,852d8e3a8ccf952acc73e17522846bc1eb41498e840d637e519ddcca7dbc7671), packageId -> '852d8e3a8ccf952acc73e17522846bc1eb41498e840d637e519ddcca7dbc7671'.
2026-01-13 16:30:04,094 [canton-env-ec-28] INFO  c.d.c.p.a.s.ApiPackageService:participant=sandbox tid:ab4e8b4d859d6d8d70881a78662f2151 - Received request for a package status: GetPackageStatusRequest(sandbox,76bf0fd12bd945762a01f8fc5bbcdfa4d0ff20f8762af490f8f41d6237c6524f), packageId -> '76bf0fd12bd945762a01f8fc5bbcdfa4d0ff20f8762af490f8f41d6237c6524f'.
2026-01-13 16:30:04,094 [canton-env-ec-73] INFO  c.d.c.p.a.s.ApiPackageService:participant=sandbox tid:b3e8fadbd973062918e12d5094f7747f - Received request for a package status: GetPackageStatusRequest(sandbox,20a8d69c867d7184fd98b7c87f2428aa2c02f6a8a0edc756aac59592a0b6dc3b), packageId -> '20a8d69c867d7184fd98b7c87f2428aa2c02f6a8a0edc756aac59592a0b6dc3b'.
2026-01-13 16:30:04,093 [canton-env-ec-23] INFO  c.d.c.p.a.s.ApiPackageService:participant=sandbox tid:83201d8ae3d8f2980f96b4faf7e7c935 - Received request for a package status: GetPackageStatusRequest(sandbox,6839a6d3d430c569b2425e9391717b44ca324b88ba621d597778811b2d05031d), packageId -> '6839a6d3d430c569b2425e9391717b44ca324b88ba621d597778811b2d05031d'.
2026-01-13 16:30:04,092 [canton-env-ec-72] INFO  c.d.c.p.a.s.ApiPackageService:participant=sandbox tid:4187c173ca8b5a80b3004d4f7bf14d25 - Received request for a package status: GetPackageStatusRequest(sandbox,10e0333b52bba1ff147fc408a6b7d68465b157635ee230493bd6029b750dcb05), packageId -> '10e0333b52bba1ff147fc408a6b7d68465b157635ee230493bd6029b750dcb05'.
2026-01-13 16:30:04,097 [canton-env-ec-69] INFO  c.d.c.p.a.s.ApiPackageService:participant=sandbox tid:419808a6f14d1f255d12aad5bfb3796e - Received request for a package status: GetPackageStatusRequest(sandbox,6851f194e144b693e63e9034b956c76cef6b5088dd8c66a657ab652a204dba2b), packageId -> '6851f194e144b693e63e9034b956c76cef6b5088dd8c66a657ab652a204dba2b'.
2026-01-13 16:30:04,097 [canton-env-ec-87] INFO  c.d.c.p.a.s.ApiPackageService:participant=sandbox tid:ebcb7c7cfa4d4b2f6bed237030f340b8 - Received request for a package status: GetPackageStatusRequest(sandbox,97b883cd8a2b7f49f90d5d39c981cf6e110cf1f1c64427a28a6d58ec88c43657), packageId -> '97b883cd8a2b7f49f90d5d39c981cf6e110cf1f1c64427a28a6d58ec88c43657'.
2026-01-13 16:30:04,102 [canton-env-ec-86] INFO  c.d.c.p.a.s.ApiPackageService:participant=sandbox tid:adfbe7640f605a95e49605c047840ace - Received request for a package status: GetPackageStatusRequest(sandbox,40f452260bef3f29dede136108fc08a88d5a5250310281067087da6f0baddff7), packageId -> '40f452260bef3f29dede136108fc08a88d5a5250310281067087da6f0baddff7'.
2026-01-13 16:30:04,097 [canton-env-ec-85] INFO  c.d.c.p.a.s.ApiPackageService:participant=sandbox tid:4043dab2911040b1dfea1926bc17fcb9 - Received request for a package status: GetPackageStatusRequest(sandbox,38e6274601b21d7202bb995bc5ec147decda5a01b68d57dda422425038772af7), packageId -> '38e6274601b21d7202bb995bc5ec147decda5a01b68d57dda422425038772af7'.
2026-01-13 16:30:05,409 [input-mapping-pool-1] INFO  c.d.c.p.i.p.ParallelIndexerSubscription:participant=sandbox tid:7b49bad86748dce36b101340ed399e43 - Storing at offset=000000000000000002 PublicPackageUpload(
  recordTime = 2026-01-13T11:00:05.405552Z,
  archives = Seq(
    c058a0c9602a...,
    65921e553a35...,
    6851f194e144...,
    57b5c520512c...,
    cb0552debf21...,
    3f4deaf145a1...,
    86828b984346...,
    f20de1e4e37b...,
    76bf0fd12bd9...,
    38e6274601b2...,
    d58cf9939847...,
    40f452260bef...,
    e491352788e5...,
    6839a6d3d430...,
    518032f41fd0...,
    20a8d69c867d...,
    8abf89c9b4a8...,
    852d8e3a8ccf...,
    10e0333b52bb...,
    bfcd37bd6b84...,
    cc348d369011...,
    057eed1fd48c...,
    d14e08374fc7...,
    c1f1f0055879...,
    6c2c0667393c...,
    e22bce619ae2...,
    e4cc67c3264e...,
    8a7806365bbd...,
    97b883cd8a2b...,
    5921708ce82f...,
    733e38d36a27...,
    99a2705ed38c...
  ),
  sourceDescription = 'AdminWorkflowsWithVacuuming'
)
2026-01-13 16:30:05,932 [canton-env-ec-23] INFO  c.d.c.p.t.ParticipantTopologyManager:participant=sandbox tid:7b49bad86748dce36b101340ed399e43 - Applied topology transaction Add VettedPackages(
  participant = sandbox::12206cdf7ca8...,
  packages = Seq(
    c058a0c9602a...,
    65921e553a35...,
    6851f194e144...,
    57b5c520512c...,
    cb0552debf21...,
    3f4deaf145a1...,
    86828b984346...,
    f20de1e4e37b...,
    76bf0fd12bd9...,
    38e6274601b2...,
    d58cf9939847...,
    40f452260bef...,
    e491352788e5...,
    6839a6d3d430...,
    518032f41fd0...,
    20a8d69c867d...,
    8abf89c9b4a8...,
    852d8e3a8ccf...,
    10e0333b52bb...,
    bfcd37bd6b84...,
    cc348d369011...,
    057eed1fd48c...,
    d14e08374fc7...,
    c1f1f0055879...,
    6c2c0667393c...,
    e22bce619ae2...,
    e4cc67c3264e...,
    8a7806365bbd...,
    97b883cd8a2b...,
    5921708ce82f...,
    733e38d36a27...,
    99a2705ed38c...
  )
) at 2026-01-13T11:00:05.932175Z
2026-01-13 16:30:05,952 [canton-env-ec-23] INFO  c.d.c.p.a.s.ApiLedgerIdentityService:participant=sandbox tid:75cefac1ddfc0c138a2e474789646e69 - Received request for ledger identity: GetLedgerIdentityRequest().
2026-01-13 16:30:05,961 [canton-env-ec-76] INFO  c.d.c.p.a.s.ApiPackageService:participant=sandbox tid:5b306a3c5be4524c35fbd5164a5dc155 - Received request for a package status: GetPackageStatusRequest(sandbox,65921e553a353588e950cbc87e98a127730e63295f7ad8d3adae952ef0133b3e), packageId -> '65921e553a353588e950cbc87e98a127730e63295f7ad8d3adae952ef0133b3e'.
2026-01-13 16:30:06,010 [canton-env-ec-76] INFO  c.d.c.p.a.s.t.TransactionServiceImpl:participant=sandbox tid:5c81aa3b54e561e4f54bab58da8c1b72 - Received request for transactions, startExclusive -> '000000000000000002', endInclusive -> , filters -> {sandbox::12206cdf7ca81de091b91a34c4ab80e3a980b471c6c0ce72e6828e8f0f8b8f716632: 'all-templates'}, verbose -> false, ledgerId -> 'sandbox'.
2026-01-13 16:30:06,076 [canton-env-ec-23] INFO  c.d.c.p.t.ParticipantTopologyManager:participant=sandbox tid:0608cd402b61d16c8157d43a87fdc2e4 - Applied topology transaction Add OwnerToKeyMapping(PAR::sandbox::12206cdf7ca8..., SigningPublicKey(id = 1220359799f3..., format = Tink, scheme = Ed25519)) at 2026-01-13T11:00:06.076447Z
2026-01-13 16:30:06,079 [canton-env-ec-86] INFO  c.d.c.p.t.ParticipantTopologyManager:participant=sandbox tid:0608cd402b61d16c8157d43a87fdc2e4 - Applied topology transaction Add OwnerToKeyMapping(PAR::sandbox::12206cdf7ca8..., EncryptionPublicKey(id = 1220d25f7795..., format = Tink, scheme = ECIES-P256_HMAC256_AES128-GCM)) at 2026-01-13T11:00:06.079318Z
2026-01-13 16:30:06,079 [canton-env-ec-76] INFO  c.d.c.p.ParticipantNodeBootstrap:participant=sandbox - Initializing node with id NodeId(sandbox::12206cdf7ca8...)
2026-01-13 16:30:06,081 [canton-env-ec-72] INFO  c.d.c.p.s.CantonSyncService:participant=sandbox tid:344d8f7833575eb5c4cf869b45033187 - Reconnecting to domains List(). Already connected: Set()
2026-01-13 16:30:06,082 [canton-env-ec-76] INFO  c.d.c.p.s.CantonSyncService:participant=sandbox tid:344d8f7833575eb5c4cf869b45033187 - Successfully re-connected to domains List()
2026-01-13 16:30:06,083 [main] INFO  c.d.c.e.CommunityEnvironment - Auto-connecting local participants List(sandbox) to local domains List(local)
2026-01-13 16:30:06,109 [canton-env-ec-72] INFO  c.d.c.c.d.g.SequencerInfoLoader:participant=sandbox - Version handshake with sequencer Sequencer 'DefaultSequencer' and domain using protocol version 7 succeeded.
2026-01-13 16:30:06,153 [canton-env-ec-70] INFO  c.d.c.p.t.ParticipantTopologyManager:participant=sandbox - Applied topology transaction Add ParticipantState(To, local::1220247008ce..., PAR::sandbox::12206cdf7ca8..., Submission, Ordinary) at 2026-01-13T11:00:06.153598Z
2026-01-13 16:30:06,173 [canton-env-ec-69] INFO  c.d.c.s.c.SequencerClientImpl:participant=sandbox/domainId=local::1220247008ce - No event found up to 0001-01-01T00:00:00Z. Resubscribing from the beginning.
2026-01-13 16:30:06,173 [canton-env-ec-69] INFO  c.d.c.s.c.SequencerClientImpl:participant=sandbox/domainId=local::1220247008ce - Processing events from the SequencedEventStore from 0001-01-01T00:00:00.000001Z on
2026-01-13 16:30:06,174 [canton-env-ec-22] INFO  c.d.c.s.c.SequencerClientImpl:participant=sandbox/domainId=local::1220247008ce - Starting subscription for alias=SEQ::local::1220247008ce... at timestamp None; next counter 0
2026-01-13 16:30:06,174 [canton-env-ec-22] INFO  c.d.c.h.DelegatingMutableHealthComponent:participant=sandbox/domainId=local::1220247008ce - 'sequencer-client' is now in state Ok(). Previous state was Not Initialized.
2026-01-13 16:30:06,176 [canton-env-ec-22] INFO  c.d.c.d.s.s.GrpcSequencerService:domain=local - UNM::19e325622bb58fb15b5abf00d6b1d8af61fb28dd::12206cdf7ca8... subscribes from counter=0
2026-01-13 16:30:06,193 [canton-env-ec-69] INFO  c.d.c.d.s.s.GrpcSequencerService:domain=local tid:d543e8c546bb88c660cb46b63b084aa2 - 'UNM::19e325622bb58fb15b5abf00d6b1d8af61fb28dd::12206cdf7ca8...' sends request with id '04b9434c-1115-444b-82c5-05781289e207' of size 1429 bytes with 1 envelopes.
2026-01-13 16:30:06,196 [canton-env-ec-86] INFO  c.d.c.d.s.s.SequencerReader$EventsReader:domain=local/subscriber=UNM::19e325622bb58fb15b5abf00d6b1d8af61fb28dd::12206cdf7ca8 tid:d543e8c546bb88c660cb46b63b084aa2 - Using approximate topology snapshot at 2026-01-13T11:00:03.093677Z for desired timestamp 2026-01-13T11:00:06.194709Z
2026-01-13 16:30:06,222 [canton-env-ec-23] INFO  c.d.c.d.t.DomainTopologyManager:domain=local tid:d543e8c546bb88c660cb46b63b084aa2 - Applied topology transaction Add NamespaceDelegation(12206cdf7ca8..., SigningPublicKey(id = 12206cdf7ca8..., format = Tink, scheme = Ed25519), true) at 2026-01-13T11:00:06.222427Z
2026-01-13 16:30:06,225 [canton-env-ec-70] INFO  c.d.c.d.t.DomainTopologyManager:domain=local tid:d543e8c546bb88c660cb46b63b084aa2 - Applied topology transaction Add OwnerToKeyMapping(PAR::sandbox::12206cdf7ca8..., SigningPublicKey(id = 1220359799f3..., format = Tink, scheme = Ed25519)) at 2026-01-13T11:00:06.225127Z
2026-01-13 16:30:06,226 [canton-env-ec-69] INFO  c.d.c.d.t.DomainTopologyManager:domain=local tid:d543e8c546bb88c660cb46b63b084aa2 - Applied topology transaction Add OwnerToKeyMapping(PAR::sandbox::12206cdf7ca8..., EncryptionPublicKey(id = 1220d25f7795..., format = Tink, scheme = ECIES-P256_HMAC256_AES128-GCM)) at 2026-01-13T11:00:06.226631Z
2026-01-13 16:30:06,231 [canton-env-ec-73] INFO  c.d.c.d.t.DomainTopologyManager:domain=local tid:d543e8c546bb88c660cb46b63b084aa2 - Setting participant PAR::sandbox::12206cdf7ca8... state to ParticipantAttributes(Submission,Ordinary)
2026-01-13 16:30:06,231 [canton-env-ec-73] INFO  c.d.c.d.t.DomainTopologyManager:domain=local tid:d543e8c546bb88c660cb46b63b084aa2 - Applied topology transaction Add ParticipantState(From, local::1220247008ce..., PAR::sandbox::12206cdf7ca8..., Submission, Ordinary) at 2026-01-13T11:00:06.230971Z
2026-01-13 16:30:06,232 [canton-env-ec-69] INFO  c.d.c.d.t.DomainTopologyManager:domain=local tid:d543e8c546bb88c660cb46b63b084aa2 - Applied topology transaction Add ParticipantState(To, local::1220247008ce..., PAR::sandbox::12206cdf7ca8..., Submission, Ordinary) at 2026-01-13T11:00:06.232449Z
2026-01-13 16:30:06,232 [canton-env-ec-70] INFO  c.d.c.d.t.RequestProcessingStrategy$Impl:domain=local tid:d543e8c546bb88c660cb46b63b084aa2 - Successfully onboarded PAR::sandbox::12206cdf7ca8...
2026-01-13 16:30:06,234 [canton-env-ec-76] INFO  c.d.c.d.s.s.GrpcSequencerService:domain=local tid:d543e8c546bb88c660cb46b63b084aa2 - 'DOM::local::1220247008ce...' sends request with id '0f46c7e6-eea6-409e-8c47-58c1a952a857' of size 915 bytes with 1 envelopes.
2026-01-13 16:30:06,235 [canton-env-ec-70] INFO  c.d.c.d.t.DomainTopologyManagerRequestService:domain=local tid:d543e8c546bb88c660cb46b63b084aa2 - Register topology request by UNM::19e325622bb58fb15b5abf00d6b1d8af61fb28dd::12206cdf7ca8... for PAR::sandbox::12206cdf7ca8... yielded
  Accepted -> Add NamespaceDelegation(12206cdf7ca8..., SigningPublicKey(id = 12206cdf7ca8..., format = Tink, scheme = Ed25519), true)
  Accepted -> Add OwnerToKeyMapping(PAR::sandbox::12206cdf7ca8..., SigningPublicKey(id = 1220359799f3..., format = Tink, scheme = Ed25519))
  Accepted -> Add OwnerToKeyMapping(PAR::sandbox::12206cdf7ca8..., EncryptionPublicKey(id = 1220d25f7795..., format = Tink, scheme = ECIES-P256_HMAC256_AES128-GCM))
  Accepted -> Add ParticipantState(To, local::1220247008ce..., PAR::sandbox::12206cdf7ca8..., Submission, Ordinary)
2026-01-13 16:30:06,245 [canton-env-ec-22] INFO  c.d.c.t.p.TopologyTransactionProcessor:domain=local/client=topology-manager tid:d543e8c546bb88c660cb46b63b084aa2 - Storing topology transaction 1/1 Add NamespaceDelegation(12206cdf7ca8..., SigningPublicKey(id = 12206cdf7ca8..., format = Tink, scheme = Ed25519), true) with ts=EffectiveTime(2026-01-13T11:00:06.485618Z) (epsilon=250 ms)
2026-01-13 16:30:06,246 [canton-env-ec-23] INFO  c.d.c.t.p.TopologyTransactionProcessor:domain=local/node=mediator/client=mediator tid:d543e8c546bb88c660cb46b63b084aa2 - Storing topology transaction 1/1 Add NamespaceDelegation(12206cdf7ca8..., SigningPublicKey(id = 12206cdf7ca8..., format = Tink, scheme = Ed25519), true) with ts=EffectiveTime(2026-01-13T11:00:06.485618Z) (epsilon=250 ms)
2026-01-13 16:30:06,248 [canton-env-ec-85] INFO  c.d.c.d.s.s.GrpcSequencerService:domain=local tid:d543e8c546bb88c660cb46b63b084aa2 - 'DOM::local::1220247008ce...' sends request with id '813c8075-6048-4c63-9b52-6aa141a4a656' of size 547 bytes with 1 envelopes.
2026-01-13 16:30:06,253 [canton-env-ec-79] INFO  c.d.c.d.s.s.GrpcSequencerService:domain=local tid:d543e8c546bb88c660cb46b63b084aa2 - 'DOM::local::1220247008ce...' sends request with id '07cd1594-e3be-48cb-a022-8e4e8145ca2a' of size 1548 bytes with 1 envelopes.
2026-01-13 16:30:06,267 [canton-env-ec-79] INFO  c.d.c.s.c.ResilientSequencerSubscription:participant=sandbox/domainId=local::1220247008ce - 'sequencer-client' is now in state Failed(Disconnected from domain). Previous state was Ok().
2026-01-13 16:30:06,267 [canton-env-ec-79] INFO  c.d.c.h.DelegatingMutableHealthComponent:participant=sandbox/domainId=local::1220247008ce - 'sequencer-client' is now in state Failed(Disconnected from domain). Previous state was Ok().
2026-01-13 16:30:06,269 [canton-env-ec-85] INFO  c.d.c.t.p.TopologyTransactionProcessor:domain=local/node=mediator/client=mediator tid:d543e8c546bb88c660cb46b63b084aa2 - Storing topology transaction 1/3 Add OwnerToKeyMapping(PAR::sandbox::12206cdf7ca8..., SigningPublicKey(id = 1220359799f3..., format = Tink, scheme = Ed25519)) with ts=EffectiveTime(2026-01-13T11:00:06.506478Z) (epsilon=250 ms)
2026-01-13 16:30:06,269 [canton-env-ec-84] INFO  c.d.c.t.p.TopologyTransactionProcessor:domain=local/client=topology-manager tid:d543e8c546bb88c660cb46b63b084aa2 - Storing topology transaction 1/3 Add OwnerToKeyMapping(PAR::sandbox::12206cdf7ca8..., SigningPublicKey(id = 1220359799f3..., format = Tink, scheme = Ed25519)) with ts=EffectiveTime(2026-01-13T11:00:06.506478Z) (epsilon=250 ms)
2026-01-13 16:30:06,270 [canton-env-ec-22] INFO  c.d.c.s.c.t.GrpcSequencerSubscription:participant=sandbox/domainId=local::1220247008ce - GRPC subscription successfully closed due to client shutdown.
2026-01-13 16:30:06,270 [canton-env-ec-85] INFO  c.d.c.t.p.TopologyTransactionProcessor:domain=local/node=mediator/client=mediator tid:d543e8c546bb88c660cb46b63b084aa2 - Storing topology transaction 2/3 Add OwnerToKeyMapping(PAR::sandbox::12206cdf7ca8..., EncryptionPublicKey(id = 1220d25f7795..., format = Tink, scheme = ECIES-P256_HMAC256_AES128-GCM)) with ts=EffectiveTime(2026-01-13T11:00:06.506478Z) (epsilon=250 ms)
2026-01-13 16:30:06,270 [canton-env-ec-84] INFO  c.d.c.t.p.TopologyTransactionProcessor:domain=local/client=topology-manager tid:d543e8c546bb88c660cb46b63b084aa2 - Storing topology transaction 2/3 Add OwnerToKeyMapping(PAR::sandbox::12206cdf7ca8..., EncryptionPublicKey(id = 1220d25f7795..., format = Tink, scheme = ECIES-P256_HMAC256_AES128-GCM)) with ts=EffectiveTime(2026-01-13T11:00:06.506478Z) (epsilon=250 ms)
2026-01-13 16:30:06,270 [canton-env-ec-85] INFO  c.d.c.t.p.TopologyTransactionProcessor:domain=local/node=mediator/client=mediator tid:d543e8c546bb88c660cb46b63b084aa2 - Storing topology transaction 3/3 Add ParticipantState(From, local::1220247008ce..., PAR::sandbox::12206cdf7ca8..., Submission, Ordinary) with ts=EffectiveTime(2026-01-13T11:00:06.506478Z) (epsilon=250 ms)
2026-01-13 16:30:06,270 [canton-env-ec-84] INFO  c.d.c.t.p.TopologyTransactionProcessor:domain=local/client=topology-manager tid:d543e8c546bb88c660cb46b63b084aa2 - Storing topology transaction 3/3 Add ParticipantState(From, local::1220247008ce..., PAR::sandbox::12206cdf7ca8..., Submission, Ordinary) with ts=EffectiveTime(2026-01-13T11:00:06.506478Z) (epsilon=250 ms)
2026-01-13 16:30:06,270 [canton-env-ec-86] INFO  c.d.c.n.g.ApiRequestLogger:domain=local tid:46ca2358e0514e7d8f44017143ce6e02 - Request c.d.c.d.a.v.SequencerService/SubscribeUnauthenticatedVersioned by /127.0.0.1:57471: cancelled
2026-01-13 16:30:06,272 [canton-env-ec-71] INFO  c.d.c.d.t.MemberTopologyCatchup:domain=local/identity tid:d543e8c546bb88c660cb46b63b084aa2 - Participant PAR::sandbox::12206cdf7ca8... is changing from None to Some(Submission), requires to catch up 10
2026-01-13 16:30:06,279 [canton-env-ec-79] INFO  c.d.c.c.d.g.GrpcSequencerConnectClient:participant=sandbox - The operation 'verify active' was not successful. New kind of error: no success error (request infinite retries). Retrying after 0.5s. Result: Right(false). 
2026-01-13 16:30:06,280 [canton-env-ec-71] INFO  c.d.c.d.s.s.GrpcSequencerService:domain=local tid:d543e8c546bb88c660cb46b63b084aa2 - 'DOM::local::1220247008ce...' sends request with id 'd5392097-3c20-4cb8-a1e8-dcf3fbfb7779' of size 2645 bytes with 1 envelopes.
2026-01-13 16:30:06,294 [canton-env-ec-74] INFO  c.d.c.d.s.s.GrpcSequencerService:domain=local tid:d543e8c546bb88c660cb46b63b084aa2 - 'DOM::local::1220247008ce...' sends request with id '22d02055-2c57-4a3f-9b6d-27d8cd645a58' of size 939 bytes with 1 envelopes.
2026-01-13 16:30:06,303 [canton-env-ec-75] INFO  c.d.c.t.p.TopologyTransactionProcessor:domain=local/node=mediator/client=mediator tid:d543e8c546bb88c660cb46b63b084aa2 - Storing topology transaction 1/1 Add ParticipantState(To, local::1220247008ce..., PAR::sandbox::12206cdf7ca8..., Submission, Ordinary) with ts=EffectiveTime(2026-01-13T11:00:06.545952Z) (epsilon=250 ms)
2026-01-13 16:30:06,304 [canton-env-ec-79] INFO  c.d.c.t.p.TopologyTransactionProcessor:domain=local/client=topology-manager tid:d543e8c546bb88c660cb46b63b084aa2 - Storing topology transaction 1/1 Add ParticipantState(To, local::1220247008ce..., PAR::sandbox::12206cdf7ca8..., Submission, Ordinary) with ts=EffectiveTime(2026-01-13T11:00:06.545952Z) (epsilon=250 ms)
2026-01-13 16:30:06,782 [canton-env-ec-77] INFO  c.d.c.c.d.g.GrpcSequencerConnectClient:participant=sandbox - Now retrying operation 'verify active'. 
2026-01-13 16:30:06,804 [canton-env-ec-71] INFO  c.d.c.p.s.SyncDomainEphemeralStateFactoryImpl:participant=sandbox - Computed starting points: ProcessingStartingPoints(
  clean replay = MessageCleanReplayStartingPoint(next request counter = 0, next sequencer counter = 0, prenext timestamp = 0001-01-01T00:00:00Z),
  processing = MessageProcessingStartingPoint(next request counter = 0, next sequencer counter = 0, prenext timestamp = 0001-01-01T00:00:00Z),
  rewound sequencer counter prehead = None()
)
2026-01-13 16:30:06,804 [canton-env-ec-71] INFO  c.d.c.s.m.InMemoryCursorPreheadStore:participant=sandbox/domain-alias=local - Rewinding prehead to None
2026-01-13 16:30:06,901 [canton-env-ec-72] INFO  c.d.c.p.p.AcsCommitmentProcessor:participant=sandbox/domainId=local::1220247008ce - Will use parallelism 8 when computing ACS commitments
2026-01-13 16:30:06,903 [canton-env-ec-75] INFO  c.d.c.p.p.AcsCommitmentProcessor:participant=sandbox/domainId=local::1220247008ce - Initialized from stored snapshot at RecordTime(timestamp = 0001-01-01T00:00:00Z, tieBreaker = -9223372036854775808) (might be incomplete)
2026-01-13 16:30:06,904 [canton-env-ec-71] INFO  c.d.c.p.p.AcsCommitmentProcessor:participant=sandbox/domainId=local::1220247008ce - Initialized the ACS commitment processor queue
2026-01-13 16:30:06,910 [canton-env-ec-72] INFO  c.d.c.h.MutableHealthComponent:participant=sandbox - 'acs-commitment-processor' is now in state Ok(). Previous state was Not Initialized.
2026-01-13 16:30:06,910 [canton-env-ec-72] INFO  c.d.c.h.MutableHealthComponent:participant=sandbox - 'acs-commitment-processor' is now in state Ok(). Previous state was Not Initialized.
2026-01-13 16:30:06,910 [canton-env-ec-72] INFO  c.d.c.p.s.SyncDomain:participant=sandbox/domainId=local::1220247008ce - 'sync-domain' is now in state Ok(). Previous state was Not Initialized.
2026-01-13 16:30:06,910 [canton-env-ec-72] INFO  c.d.c.h.MutableHealthComponent:participant=sandbox - 'sync-domain' is now in state Ok(). Previous state was Not Initialized.
2026-01-13 16:30:06,910 [canton-env-ec-72] INFO  c.d.c.h.MutableHealthComponent:participant=sandbox - 'sync-domain' is now in state Ok(). Previous state was Not Initialized.
2026-01-13 16:30:06,910 [canton-env-ec-72] INFO  c.d.c.p.s.CantonSyncService:participant=sandbox - Connected to domain and starting synchronisation: Domain 'local'
2026-01-13 16:30:06,923 [canton-env-ec-72] INFO  c.d.c.p.s.SyncDomain:participant=sandbox/domainId=local::1220247008ce - Found 0 repair requests at request counters Seq()
2026-01-13 16:30:06,925 [canton-env-ec-77] INFO  c.d.c.s.c.SequencerClientImpl:participant=sandbox/domainId=local::1220247008ce - No event found up to 0001-01-01T00:00:00Z. Resubscribing from the beginning.
2026-01-13 16:30:06,925 [canton-env-ec-77] INFO  c.d.c.s.c.SequencerClientImpl:participant=sandbox/domainId=local::1220247008ce - Processing events from the SequencedEventStore from 0001-01-01T00:00:00.000001Z on
2026-01-13 16:30:06,926 [canton-env-ec-75] INFO  c.d.c.s.c.SequencerClientImpl:participant=sandbox/domainId=local::1220247008ce - Starting subscription for alias=SEQ::local::1220247008ce... at timestamp None; next counter 0
2026-01-13 16:30:06,926 [canton-env-ec-75] INFO  c.d.c.h.DelegatingMutableHealthComponent:participant=sandbox/domainId=local::1220247008ce - 'sequencer-client' is now in state Ok(). Previous state was Not Initialized.
2026-01-13 16:30:06,926 [canton-env-ec-75] INFO  c.d.c.h.MutableHealthComponent:participant=sandbox - 'sequencer-client' is now in state Ok(). Previous state was Not Initialized.
2026-01-13 16:30:06,926 [canton-env-ec-75] INFO  c.d.c.h.MutableHealthComponent:participant=sandbox - 'sequencer-client' is now in state Ok(). Previous state was Not Initialized.
2026-01-13 16:30:06,934 [canton-env-ec-77] INFO  c.d.c.d.s.a.MemberAuthenticationServiceOld:domain=local - PAR::sandbox::12206cdf7ca8... authenticated new token with expiry 2026-01-13T12:00:06.934788Z
2026-01-13 16:30:06,936 [canton-env-ec-75] INFO  c.d.c.d.s.s.GrpcSequencerService:domain=local - PAR::sandbox::12206cdf7ca8... subscribes from counter=0
2026-01-13 16:30:06,941 [canton-env-ec-77] INFO  c.d.c.s.c.SequencedEventValidatorImpl:participant=sandbox/domainId=local::1220247008ce tid:d543e8c546bb88c660cb46b63b084aa2 - Skipping signature verification of the first sequenced event due to a fresh subscription from SEQ::local::1220247008ce...
2026-01-13 16:30:06,943 [canton-env-ec-77] INFO  c.d.c.p.s.SyncDomain:participant=sandbox/domainId=local::1220247008ce tid:d543e8c546bb88c660cb46b63b084aa2 - Caught up with batch with counter=0 with sequencer with 661 ms delay
2026-01-13 16:30:06,943 [canton-env-ec-77] INFO  c.d.c.p.s.SyncDomain$EventProcessingMonitor:participant=sandbox/domainId=local::1220247008ce tid:d543e8c546bb88c660cb46b63b084aa2 - Replaying requests 0 up to clean prehead -1
2026-01-13 16:30:06,943 [canton-env-ec-77] INFO  c.d.c.p.s.SyncDomain$EventProcessingMonitor:participant=sandbox/domainId=local::1220247008ce tid:d543e8c546bb88c660cb46b63b084aa2 - Replaying or processing locally stored events with sequencer counters 0 to -1
2026-01-13 16:30:06,950 [canton-env-ec-85] INFO  c.d.c.p.p.DefaultMessageDispatcher:participant=sandbox/domainId=local::1220247008ce tid:d543e8c546bb88c660cb46b63b084aa2 - Processing event at sc=0, ts=2026-01-13T11:00:06.282089Z, with contents=DomainTopologyTransactionMessage
2026-01-13 16:30:06,951 [canton-env-ec-77] INFO  c.d.c.t.p.DomainTopologyTransactionMessageValidator$Impl:participant=sandbox tid:d543e8c546bb88c660cb46b63b084aa2 - Using approximate topology snapshot at 0001-01-01T00:00:00.000001Z for desired timestamp 2026-01-13T11:00:06.282089Z
2026-01-13 16:30:06,959 [canton-env-ec-85] INFO  c.d.c.t.p.TopologyTransactionProcessor:participant=sandbox tid:d543e8c546bb88c660cb46b63b084aa2 - Updated topology change delay from=0s to 0.25s
2026-01-13 16:30:06,959 [canton-env-ec-85] INFO  c.d.c.t.p.TopologyTransactionProcessor:participant=sandbox tid:d543e8c546bb88c660cb46b63b084aa2 - Storing topology transaction 1/10 Add NamespaceDelegation(1220247008ce..., SigningPublicKey(id = 1220247008ce..., format = Tink, scheme = Ed25519), true) with ts=EffectiveTime(2026-01-13T11:00:06.282089Z) (epsilon=0 ms)
2026-01-13 16:30:06,959 [canton-env-ec-85] INFO  c.d.c.t.p.TopologyTransactionProcessor:participant=sandbox tid:d543e8c546bb88c660cb46b63b084aa2 - Storing topology transaction 2/10 Add OwnerToKeyMapping(DOM::local::1220247008ce..., SigningPublicKey(id = 1220dc804477..., format = Tink, scheme = Ed25519)) with ts=EffectiveTime(2026-01-13T11:00:06.282089Z) (epsilon=0 ms)
2026-01-13 16:30:06,959 [canton-env-ec-85] INFO  c.d.c.t.p.TopologyTransactionProcessor:participant=sandbox tid:d543e8c546bb88c660cb46b63b084aa2 - Storing topology transaction 3/10 Add OwnerToKeyMapping(MED::local::1220247008ce..., SigningPublicKey(id = 12200e20e57f..., format = Tink, scheme = Ed25519)) with ts=EffectiveTime(2026-01-13T11:00:06.282089Z) (epsilon=0 ms)
2026-01-13 16:30:06,959 [canton-env-ec-85] INFO  c.d.c.t.p.TopologyTransactionProcessor:participant=sandbox tid:d543e8c546bb88c660cb46b63b084aa2 - Storing topology transaction 4/10 Add OwnerToKeyMapping(SEQ::local::1220247008ce..., SigningPublicKey(id = 1220a642d8ff..., format = Tink, scheme = Ed25519)) with ts=EffectiveTime(2026-01-13T11:00:06.282089Z) (epsilon=0 ms)
2026-01-13 16:30:06,960 [canton-env-ec-85] INFO  c.d.c.t.p.TopologyTransactionProcessor:participant=sandbox tid:d543e8c546bb88c660cb46b63b084aa2 - Storing topology transaction 5/10 Add NamespaceDelegation(12206cdf7ca8..., SigningPublicKey(id = 12206cdf7ca8..., format = Tink, scheme = Ed25519), true) with ts=EffectiveTime(2026-01-13T11:00:06.282089Z) (epsilon=0 ms)
2026-01-13 16:30:06,960 [canton-env-ec-85] INFO  c.d.c.t.p.TopologyTransactionProcessor:participant=sandbox tid:d543e8c546bb88c660cb46b63b084aa2 - Storing topology transaction 6/10 Add ParticipantState(From, local::1220247008ce..., PAR::sandbox::12206cdf7ca8..., Submission, Ordinary) with ts=EffectiveTime(2026-01-13T11:00:06.282089Z) (epsilon=0 ms)
2026-01-13 16:30:06,960 [canton-env-ec-85] INFO  c.d.c.t.p.TopologyTransactionProcessor:participant=sandbox tid:d543e8c546bb88c660cb46b63b084aa2 - Storing topology transaction 7/10 Add MediatorDomainState(Both, local::1220247008ce..., MED::local::1220247008ce...) with ts=EffectiveTime(2026-01-13T11:00:06.282089Z) (epsilon=0 ms)
2026-01-13 16:30:06,960 [canton-env-ec-85] INFO  c.d.c.t.p.TopologyTransactionProcessor:participant=sandbox tid:d543e8c546bb88c660cb46b63b084aa2 - Storing topology transaction 8/10 Add OwnerToKeyMapping(PAR::sandbox::12206cdf7ca8..., SigningPublicKey(id = 1220359799f3..., format = Tink, scheme = Ed25519)) with ts=EffectiveTime(2026-01-13T11:00:06.282089Z) (epsilon=0 ms)
2026-01-13 16:30:06,960 [canton-env-ec-85] INFO  c.d.c.t.p.TopologyTransactionProcessor:participant=sandbox tid:d543e8c546bb88c660cb46b63b084aa2 - Storing topology transaction 9/10 Add OwnerToKeyMapping(PAR::sandbox::12206cdf7ca8..., EncryptionPublicKey(id = 1220d25f7795..., format = Tink, scheme = ECIES-P256_HMAC256_AES128-GCM)) with ts=EffectiveTime(2026-01-13T11:00:06.282089Z) (epsilon=0 ms)
2026-01-13 16:30:06,960 [canton-env-ec-85] INFO  c.d.c.t.p.TopologyTransactionProcessor:participant=sandbox tid:d543e8c546bb88c660cb46b63b084aa2 - Storing topology transaction 10/10 Replace DomainParametersChange(
  local::1220247008ce...,
  DynamicDomainParameters(
    participant response timeout = 30s,
    mediator reaction timeout = 30s,
    transfer exclusivity timeout = 1m,
    topology change delay = 0.25s,
    ledger time record time tolerance = 1m,
    mediator deduplication timeout = 2m,
    reconciliation interval = 1m,
    max rate per participant = 1000000,
    max request size = 10485760,
    catchup config = CatchUpConfig(catchUpIntervalSkip = 5, nrIntervalsToTriggerCatchUp = 2)
  )
) with ts=EffectiveTime(2026-01-13T11:00:06.282089Z) (epsilon=0 ms)
2026-01-13 16:30:06,967 [canton-env-ec-85] INFO  c.d.c.p.t.c.MissingKeysAlerter:participant=sandbox tid:d543e8c546bb88c660cb46b63b084aa2 - Domain local::1220247008ce... update my participant permission as of 2026-01-13T11:00:06.282089Z to Submission, Ordinary
2026-01-13 16:30:06,975 [input-mapping-pool-2] INFO  c.d.c.p.i.p.ParallelIndexerSubscription:participant=sandbox tid:d543e8c546bb88c660cb46b63b084aa2 - Storing at offset=000000000000000003 PartyAddedToParticipant(recordTime = 2026-01-13T11:00:06.971025Z, party = sandbox::12206cdf7ca8..., displayName = '', participantId = sandbox::12206cdf7ca8..., ...)
2026-01-13 16:30:07,000 [canton-env-ec-70] INFO  c.d.c.p.p.DefaultMessageDispatcher:participant=sandbox/domainId=local::1220247008ce tid:d543e8c546bb88c660cb46b63b084aa2 - Processing event at sc=1, ts=2026-01-13T11:00:06.295952Z, with contents=DomainTopologyTransactionMessage
2026-01-13 16:30:07,003 [canton-env-ec-75] INFO  c.d.c.t.p.TopologyTransactionProcessor:participant=sandbox tid:d543e8c546bb88c660cb46b63b084aa2 - Storing topology transaction 1/1 Add ParticipantState(To, local::1220247008ce..., PAR::sandbox::12206cdf7ca8..., Submission, Ordinary) with ts=EffectiveTime(2026-01-13T11:00:06.545952Z) (epsilon=250 ms)
2026-01-13 16:30:07,270 [canton-env-ec-77] INFO  c.d.c.d.s.s.GrpcSequencerService:domain=local tid:e04afb07b7df5a315cf083a9710d0c82 - 'PAR::sandbox::12206cdf7ca8...' sends request with id '18055ae6-519a-4e0f-ae7f-7b78d2a7408f' of size 2089 bytes with 1 envelopes.
2026-01-13 16:30:07,280 [canton-env-ec-85] INFO  c.d.c.p.p.DefaultMessageDispatcher:participant=sandbox/domainId=local::1220247008ce tid:e04afb07b7df5a315cf083a9710d0c82 - Processing event at sc=2, ts=2026-01-13T11:00:07.273051Z, messageId=18055ae6-519a-4e0f-ae7f-7b78d2a7408f, with contents=Seq()
2026-01-13 16:30:07,284 [canton-env-ec-75] INFO  c.d.c.d.t.DomainTopologyManager:domain=local tid:e04afb07b7df5a315cf083a9710d0c82 - Applied topology transaction Add VettedPackages(
  participant = sandbox::12206cdf7ca8...,
  packages = Seq(
    c058a0c9602a...,
    65921e553a35...,
    6851f194e144...,
    57b5c520512c...,
    cb0552debf21...,
    3f4deaf145a1...,
    86828b984346...,
    f20de1e4e37b...,
    76bf0fd12bd9...,
    38e6274601b2...,
    d58cf9939847...,
    40f452260bef...,
    e491352788e5...,
    6839a6d3d430...,
    518032f41fd0...,
    20a8d69c867d...,
    8abf89c9b4a8...,
    852d8e3a8ccf...,
    10e0333b52bb...,
    bfcd37bd6b84...,
    cc348d369011...,
    057eed1fd48c...,
    d14e08374fc7...,
    c1f1f0055879...,
    6c2c0667393c...,
    e22bce619ae2...,
    e4cc67c3264e...,
    8a7806365bbd...,
    97b883cd8a2b...,
    5921708ce82f...,
    733e38d36a27...,
    99a2705ed38c...
  )
) at 2026-01-13T11:00:07.283658Z
2026-01-13 16:30:07,284 [canton-env-ec-85] INFO  c.d.c.d.t.DomainTopologyManagerRequestService:domain=local tid:e04afb07b7df5a315cf083a9710d0c82 - Register topology request by PAR::sandbox::12206cdf7ca8... for PAR::sandbox::12206cdf7ca8... yielded
  Accepted -> Add VettedPackages(
  participant = sandbox::12206cdf7ca8...,
  packages = Seq(
    c058a0c9602a...,
    65921e553a35...,
    6851f194e144...,
    57b5c520512c...,
    cb0552debf21...,
    3f4deaf145a1...,
    86828b984346...,
    f20de1e4e37b...,
    76bf0fd12bd9...,
    38e6274601b2...,
    d58cf9939847...,
    40f452260bef...,
    e491352788e5...,
    6839a6d3d430...,
    518032f41fd0...,
    20a8d69c867d...,
    8abf89c9b4a8...,
    852d8e3a8ccf...,
    10e0333b52bb...,
    bfcd37bd6b84...,
    cc348d369011...,
    057eed1fd48c...,
    d14e08374fc7...,
    c1f1f0055879...,
    6c2c0667393c...,
    e22bce619ae2...,
    e4cc67c3264e...,
    8a7806365bbd...,
    97b883cd8a2b...,
    5921708ce82f...,
    733e38d36a27...,
    99a2705ed38c...
  )
)
2026-01-13 16:30:07,290 [canton-env-ec-22] INFO  c.d.c.d.s.s.GrpcSequencerService:domain=local tid:e04afb07b7df5a315cf083a9710d0c82 - 'DOM::local::1220247008ce...' sends request with id '85567253-eb4b-4ee8-9ace-4cfc08f2b2db' of size 521 bytes with 1 envelopes.
2026-01-13 16:30:07,290 [canton-env-ec-86] INFO  c.d.c.d.s.s.GrpcSequencerService:domain=local tid:e04afb07b7df5a315cf083a9710d0c82 - 'DOM::local::1220247008ce...' sends request with id '3e623b2c-2c2d-48b7-9e9a-2c9a75bc3b5c' of size 2220 bytes with 1 envelopes.
2026-01-13 16:30:07,298 [canton-env-ec-84] INFO  c.d.c.p.p.DefaultMessageDispatcher:participant=sandbox/domainId=local::1220247008ce tid:e04afb07b7df5a315cf083a9710d0c82 - Processing event at sc=3, ts=2026-01-13T11:00:07.292024Z, with contents=RegisterTopologyTransactionResponse
2026-01-13 16:30:07,299 [canton-env-ec-74] INFO  c.d.c.p.s.SyncDomainEphemeralState:participant=sandbox/domain-alias=local - 'sync-domain-ephemeral' is now in state Ok(). Previous state was Not Initialized.
2026-01-13 16:30:07,300 [canton-env-ec-74] INFO  c.d.c.h.MutableHealthComponent:participant=sandbox - 'sync-domain-ephemeral' is now in state Ok(). Previous state was Not Initialized.
2026-01-13 16:30:07,300 [canton-env-ec-75] INFO  c.d.c.p.p.DefaultMessageDispatcher:participant=sandbox/domainId=local::1220247008ce tid:e04afb07b7df5a315cf083a9710d0c82 - Processing event at sc=4, ts=2026-01-13T11:00:07.292120Z, with contents=DomainTopologyTransactionMessage
2026-01-13 16:30:07,302 [canton-env-ec-74] INFO  c.d.c.h.MutableHealthComponent:participant=sandbox - 'sync-domain-ephemeral' is now in state Ok(). Previous state was Not Initialized.
2026-01-13 16:30:07,303 [canton-env-ec-54] INFO  c.d.c.t.p.TopologyTransactionProcessor:domain=local/node=mediator/client=mediator tid:e04afb07b7df5a315cf083a9710d0c82 - Storing topology transaction 1/1 Add VettedPackages(
  participant = sandbox::12206cdf7ca8...,
  packages = Seq(
    c058a0c9602a...,
    65921e553a35...,
    6851f194e144...,
    57b5c520512c...,
    cb0552debf21...,
    3f4deaf145a1...,
    86828b984346...,
    f20de1e4e37b...,
    76bf0fd12bd9...,
    38e6274601b2...,
    d58cf9939847...,
    40f452260bef...,
    e491352788e5...,
    6839a6d3d430...,
    518032f41fd0...,
    20a8d69c867d...,
    8abf89c9b4a8...,
    852d8e3a8ccf...,
    10e0333b52bb...,
    bfcd37bd6b84...,
    cc348d369011...,
    057eed1fd48c...,
    d14e08374fc7...,
    c1f1f0055879...,
    6c2c0667393c...,
    e22bce619ae2...,
    e4cc67c3264e...,
    8a7806365bbd...,
    97b883cd8a2b...,
    5921708ce82f...,
    733e38d36a27...,
    99a2705ed38c...
  )
) with ts=EffectiveTime(2026-01-13T11:00:07.542120Z) (epsilon=250 ms)
2026-01-13 16:30:07,305 [canton-env-ec-28] INFO  c.d.c.t.p.TopologyTransactionProcessor:participant=sandbox tid:e04afb07b7df5a315cf083a9710d0c82 - Storing topology transaction 1/1 Add VettedPackages(
  participant = sandbox::12206cdf7ca8...,
  packages = Seq(
    c058a0c9602a...,
    65921e553a35...,
    6851f194e144...,
    57b5c520512c...,
    cb0552debf21...,
    3f4deaf145a1...,
    86828b984346...,
    f20de1e4e37b...,
    76bf0fd12bd9...,
    38e6274601b2...,
    d58cf9939847...,
    40f452260bef...,
    e491352788e5...,
    6839a6d3d430...,
    518032f41fd0...,
    20a8d69c867d...,
    8abf89c9b4a8...,
    852d8e3a8ccf...,
    10e0333b52bb...,
    bfcd37bd6b84...,
    cc348d369011...,
    057eed1fd48c...,
    d14e08374fc7...,
    c1f1f0055879...,
    6c2c0667393c...,
    e22bce619ae2...,
    e4cc67c3264e...,
    8a7806365bbd...,
    97b883cd8a2b...,
    5921708ce82f...,
    733e38d36a27...,
    99a2705ed38c...
  )
) with ts=EffectiveTime(2026-01-13T11:00:07.542120Z) (epsilon=250 ms)
2026-01-13 16:30:07,305 [canton-env-ec-27] INFO  c.d.c.t.p.TopologyTransactionProcessor:domain=local/client=topology-manager tid:e04afb07b7df5a315cf083a9710d0c82 - Storing topology transaction 1/1 Add VettedPackages(
  participant = sandbox::12206cdf7ca8...,
  packages = Seq(
    c058a0c9602a...,
    65921e553a35...,
    6851f194e144...,
    57b5c520512c...,
    cb0552debf21...,
    3f4deaf145a1...,
    86828b984346...,
    f20de1e4e37b...,
    76bf0fd12bd9...,
    38e6274601b2...,
    d58cf9939847...,
    40f452260bef...,
    e491352788e5...,
    6839a6d3d430...,
    518032f41fd0...,
    20a8d69c867d...,
    8abf89c9b4a8...,
    852d8e3a8ccf...,
    10e0333b52bb...,
    bfcd37bd6b84...,
    cc348d369011...,
    057eed1fd48c...,
    d14e08374fc7...,
    c1f1f0055879...,
    6c2c0667393c...,
    e22bce619ae2...,
    e4cc67c3264e...,
    8a7806365bbd...,
    97b883cd8a2b...,
    5921708ce82f...,
    733e38d36a27...,
    99a2705ed38c...
  )
) with ts=EffectiveTime(2026-01-13T11:00:07.542120Z) (epsilon=250 ms)
2026-01-13 16:30:07,316 [canton-env-ec-74] INFO  c.d.c.p.a.s.ApiActiveContractsService:participant=sandbox tid:421de41da24fedc4f88951bbaebb5b7c - Received request for active contracts: GetActiveContractsRequest(sandbox,Some(TransactionFilter(Map(sandbox::12206cdf7ca81de091b91a34c4ab80e3a980b471c6c0ce72e6828e8f0f8b8f716632 -> Filters(Some(InclusiveFilters(Vector(Identifier(65921e553a353588e950cbc87e98a127730e63295f7ad8d3adae952ef0133b3e,PingPong,PingProposal), Identifier(65921e553a353588e950cbc87e98a127730e63295f7ad8d3adae952ef0133b3e,PingPong,Ping), Identifier(65921e553a353588e950cbc87e98a127730e63295f7ad8d3adae952ef0133b3e,PingPong,Pong), Identifier(65921e553a353588e950cbc87e98a127730e63295f7ad8d3adae952ef0133b3e,PingPong,Explode), Identifier(65921e553a353588e950cbc87e98a127730e63295f7ad8d3adae952ef0133b3e,PingPong,Merge), Identifier(65921e553a353588e950cbc87e98a127730e63295f7ad8d3adae952ef0133b3e,PingPong,Collapse)),Vector(),Vector())))))),false,), filters -> {sandbox::12206cdf7ca81de091b91a34c4ab80e3a980b471c6c0ce72e6828e8f0f8b8f716632: ['65921e553a353588e950cbc87e98a127730e63295f7ad8d3adae952ef0133b3e:PingPong:Pong', '65921e553a353588e950cbc87e98a127730e63295f7ad8d3adae952ef0133b3e:PingPong:Collapse', '65921e553a353588e950cbc87e98a127730e63295f7ad8d3adae952ef0133b3e:PingPong:PingProposal', '65921e553a353588e950cbc87e98a127730e63295f7ad8d3adae952ef0133b3e:PingPong:Explode', '65921e553a353588e950cbc87e98a127730e63295f7ad8d3adae952ef0133b3e:PingPong:Merge', '65921e553a353588e950cbc87e98a127730e63295f7ad8d3adae952ef0133b3e:PingPong:Ping']}.
2026-01-13 16:30:07,327 [main] INFO  c.d.c.e.CommunityEnvironment tid:344d8f7833575eb5c4cf869b45033187 - Successfully started all nodes
2026-01-13 16:30:07,328 [main] INFO  c.digitalasset.canton.ServerRunner - Canton started
2026-01-13 16:30:07,457 [canton-env-ec-28] INFO  c.d.c.p.a.s.a.ApiPackageManagementService:participant=sandbox tid:aacf8aec820f00a00d4701aa69fe1bc0 - Uploading DAR file, submissionId -> '4bc3c227-47a0-4b9d-939b-c05f2a1d9c71'.
2026-01-13 16:30:07,776 [input-mapping-pool-3] INFO  c.d.c.p.i.p.ParallelIndexerSubscription:participant=sandbox tid:aacf8aec820f00a00d4701aa69fe1bc0 - Storing at offset=000000000000000004 PublicPackageUpload(
  recordTime = 2026-01-13T11:00:07.774983Z,
  archives = Seq(
    3871bbf7cc50...,
    315cb5676675...,
    cb0552debf21...,
    3f4deaf145a1...,
    86828b984346...,
    f20de1e4e37b...,
    76bf0fd12bd9...,
    38e6274601b2...,
    d58cf9939847...,
    40f452260bef...,
    e491352788e5...,
    6839a6d3d430...,
    518032f41fd0...,
    0f062c5863c7...,
    a80dd2c5dafc...,
    10e0333b52bb...,
    bfcd37bd6b84...,
    cc348d369011...,
    057eed1fd48c...,
    6df2d1fd8ea9...,
    d14e08374fc7...,
    c1f1f0055879...,
    6c2c0667393c...,
    e22bce619ae2...,
    e4cc67c3264e...,
    8a7806365bbd...,
    97b883cd8a2b...,
    5921708ce82f...,
    733e38d36a27...,
    99a2705ed38c...
  ),
  sourceDescription = ''
)
2026-01-13 16:30:07,844 [canton-env-ec-89] INFO  c.d.c.d.s.s.GrpcSequencerService:domain=local tid:5e2a0ee303f2330354bf5015c7bc31ec - 'PAR::sandbox::12206cdf7ca8...' sends request with id 'tick-e779bdf0-63c4-4b50-9b9e-06debe1ff0e3' of size 338 bytes with 0 envelopes.
2026-01-13 16:30:07,980 [canton-env-ec-77] INFO  c.d.c.p.t.ParticipantTopologyManager:participant=sandbox tid:aacf8aec820f00a00d4701aa69fe1bc0 - Applied topology transaction Add VettedPackages(
  participant = sandbox::12206cdf7ca8...,
  packages = Seq(
    3871bbf7cc50...,
    315cb5676675...,
    cb0552debf21...,
    3f4deaf145a1...,
    86828b984346...,
    f20de1e4e37b...,
    76bf0fd12bd9...,
    38e6274601b2...,
    d58cf9939847...,
    40f452260bef...,
    e491352788e5...,
    6839a6d3d430...,
    518032f41fd0...,
    0f062c5863c7...,
    a80dd2c5dafc...,
    10e0333b52bb...,
    bfcd37bd6b84...,
    cc348d369011...,
    057eed1fd48c...,
    6df2d1fd8ea9...,
    d14e08374fc7...,
    c1f1f0055879...,
    6c2c0667393c...,
    e22bce619ae2...,
    e4cc67c3264e...,
    8a7806365bbd...,
    97b883cd8a2b...,
    5921708ce82f...,
    733e38d36a27...,
    99a2705ed38c...
  )
) at 2026-01-13T11:00:07.979889Z
2026-01-13 16:30:07,986 [canton-env-ec-22] INFO  c.d.c.d.s.s.GrpcSequencerService:domain=local tid:3d4d296a3e5835c7b0a5b7d9926351c6 - 'PAR::sandbox::12206cdf7ca8...' sends request with id '2ebf24ad-3d1b-45b6-b557-69c3637fac72' of size 2010 bytes with 1 envelopes.
2026-01-13 16:30:07,994 [canton-env-ec-82] INFO  c.d.c.p.p.DefaultMessageDispatcher:participant=sandbox/domainId=local::1220247008ce tid:3d4d296a3e5835c7b0a5b7d9926351c6 - Processing event at sc=6, ts=2026-01-13T11:00:07.988169Z, messageId=2ebf24ad-3d1b-45b6-b557-69c3637fac72, with contents=Seq()
2026-01-13 16:30:07,996 [canton-env-ec-22] INFO  c.d.c.d.t.DomainTopologyManager:domain=local tid:3d4d296a3e5835c7b0a5b7d9926351c6 - Applied topology transaction Add VettedPackages(
  participant = sandbox::12206cdf7ca8...,
  packages = Seq(
    3871bbf7cc50...,
    315cb5676675...,
    cb0552debf21...,
    3f4deaf145a1...,
    86828b984346...,
    f20de1e4e37b...,
    76bf0fd12bd9...,
    38e6274601b2...,
    d58cf9939847...,
    40f452260bef...,
    e491352788e5...,
    6839a6d3d430...,
    518032f41fd0...,
    0f062c5863c7...,
    a80dd2c5dafc...,
    10e0333b52bb...,
    bfcd37bd6b84...,
    cc348d369011...,
    057eed1fd48c...,
    6df2d1fd8ea9...,
    d14e08374fc7...,
    c1f1f0055879...,
    6c2c0667393c...,
    e22bce619ae2...,
    e4cc67c3264e...,
    8a7806365bbd...,
    97b883cd8a2b...,
    5921708ce82f...,
    733e38d36a27...,
    99a2705ed38c...
  )
) at 2026-01-13T11:00:07.996308Z
2026-01-13 16:30:07,997 [canton-env-ec-54] INFO  c.d.c.d.t.DomainTopologyManagerRequestService:domain=local tid:3d4d296a3e5835c7b0a5b7d9926351c6 - Register topology request by PAR::sandbox::12206cdf7ca8... for PAR::sandbox::12206cdf7ca8... yielded
  Accepted -> Add VettedPackages(
  participant = sandbox::12206cdf7ca8...,
  packages = Seq(
    3871bbf7cc50...,
    315cb5676675...,
    cb0552debf21...,
    3f4deaf145a1...,
    86828b984346...,
    f20de1e4e37b...,
    76bf0fd12bd9...,
    38e6274601b2...,
    d58cf9939847...,
    40f452260bef...,
    e491352788e5...,
    6839a6d3d430...,
    518032f41fd0...,
    0f062c5863c7...,
    a80dd2c5dafc...,
    10e0333b52bb...,
    bfcd37bd6b84...,
    cc348d369011...,
    057eed1fd48c...,
    6df2d1fd8ea9...,
    d14e08374fc7...,
    c1f1f0055879...,
    6c2c0667393c...,
    e22bce619ae2...,
    e4cc67c3264e...,
    8a7806365bbd...,
    97b883cd8a2b...,
    5921708ce82f...,
    733e38d36a27...,
    99a2705ed38c...
  )
)
2026-01-13 16:30:08,000 [canton-env-ec-21] INFO  c.d.c.d.s.s.GrpcSequencerService:domain=local tid:3d4d296a3e5835c7b0a5b7d9926351c6 - 'DOM::local::1220247008ce...' sends request with id '0b4853c0-fa77-4cb5-8d58-9404a3d4e97c' of size 521 bytes with 1 envelopes.
2026-01-13 16:30:08,000 [canton-env-ec-82] INFO  c.d.c.d.s.s.GrpcSequencerService:domain=local tid:3d4d296a3e5835c7b0a5b7d9926351c6 - 'DOM::local::1220247008ce...' sends request with id 'f7714a18-6190-4469-a2cf-5643a0025568' of size 2141 bytes with 1 envelopes.
2026-01-13 16:30:08,008 [canton-env-ec-86] INFO  c.d.c.p.p.DefaultMessageDispatcher:participant=sandbox/domainId=local::1220247008ce tid:3d4d296a3e5835c7b0a5b7d9926351c6 - Processing event at sc=7, ts=2026-01-13T11:00:08.002598Z, with contents=RegisterTopologyTransactionResponse
2026-01-13 16:30:08,012 [canton-env-ec-84] INFO  c.d.c.t.p.TopologyTransactionProcessor:domain=local/client=topology-manager tid:3d4d296a3e5835c7b0a5b7d9926351c6 - Storing topology transaction 1/1 Add VettedPackages(
  participant = sandbox::12206cdf7ca8...,
  packages = Seq(
    3871bbf7cc50...,
    315cb5676675...,
    cb0552debf21...,
    3f4deaf145a1...,
    86828b984346...,
    f20de1e4e37b...,
    76bf0fd12bd9...,
    38e6274601b2...,
    d58cf9939847...,
    40f452260bef...,
    e491352788e5...,
    6839a6d3d430...,
    518032f41fd0...,
    0f062c5863c7...,
    a80dd2c5dafc...,
    10e0333b52bb...,
    bfcd37bd6b84...,
    cc348d369011...,
    057eed1fd48c...,
    6df2d1fd8ea9...,
    d14e08374fc7...,
    c1f1f0055879...,
    6c2c0667393c...,
    e22bce619ae2...,
    e4cc67c3264e...,
    8a7806365bbd...,
    97b883cd8a2b...,
    5921708ce82f...,
    733e38d36a27...,
    99a2705ed38c...
  )
) with ts=EffectiveTime(2026-01-13T11:00:08.252843Z) (epsilon=250 ms)
2026-01-13 16:30:08,012 [canton-env-ec-89] INFO  c.d.c.p.p.DefaultMessageDispatcher:participant=sandbox/domainId=local::1220247008ce tid:3d4d296a3e5835c7b0a5b7d9926351c6 - Processing event at sc=8, ts=2026-01-13T11:00:08.002843Z, with contents=DomainTopologyTransactionMessage
2026-01-13 16:30:08,012 [canton-env-ec-77] INFO  c.d.c.t.p.TopologyTransactionProcessor:domain=local/node=mediator/client=mediator tid:3d4d296a3e5835c7b0a5b7d9926351c6 - Storing topology transaction 1/1 Add VettedPackages(
  participant = sandbox::12206cdf7ca8...,
  packages = Seq(
    3871bbf7cc50...,
    315cb5676675...,
    cb0552debf21...,
    3f4deaf145a1...,
    86828b984346...,
    f20de1e4e37b...,
    76bf0fd12bd9...,
    38e6274601b2...,
    d58cf9939847...,
    40f452260bef...,
    e491352788e5...,
    6839a6d3d430...,
    518032f41fd0...,
    0f062c5863c7...,
    a80dd2c5dafc...,
    10e0333b52bb...,
    bfcd37bd6b84...,
    cc348d369011...,
    057eed1fd48c...,
    6df2d1fd8ea9...,
    d14e08374fc7...,
    c1f1f0055879...,
    6c2c0667393c...,
    e22bce619ae2...,
    e4cc67c3264e...,
    8a7806365bbd...,
    97b883cd8a2b...,
    5921708ce82f...,
    733e38d36a27...,
    99a2705ed38c...
  )
) with ts=EffectiveTime(2026-01-13T11:00:08.252843Z) (epsilon=250 ms)
2026-01-13 16:30:08,014 [canton-env-ec-74] INFO  c.d.c.t.p.TopologyTransactionProcessor:participant=sandbox tid:3d4d296a3e5835c7b0a5b7d9926351c6 - Storing topology transaction 1/1 Add VettedPackages(
  participant = sandbox::12206cdf7ca8...,
  packages = Seq(
    3871bbf7cc50...,
    315cb5676675...,
    cb0552debf21...,
    3f4deaf145a1...,
    86828b984346...,
    f20de1e4e37b...,
    76bf0fd12bd9...,
    38e6274601b2...,
    d58cf9939847...,
    40f452260bef...,
    e491352788e5...,
    6839a6d3d430...,
    518032f41fd0...,
    0f062c5863c7...,
    a80dd2c5dafc...,
    10e0333b52bb...,
    bfcd37bd6b84...,
    cc348d369011...,
    057eed1fd48c...,
    6df2d1fd8ea9...,
    d14e08374fc7...,
    c1f1f0055879...,
    6c2c0667393c...,
    e22bce619ae2...,
    e4cc67c3264e...,
    8a7806365bbd...,
    97b883cd8a2b...,
    5921708ce82f...,
    733e38d36a27...,
    99a2705ed38c...
  )
) with ts=EffectiveTime(2026-01-13T11:00:08.252843Z) (epsilon=250 ms)
2026-01-13 16:30:08,805 [Thread-0] INFO  c.d.canton.CantonCommunityApp$ - Shutting down...
2026-01-13 16:30:08,807 [Thread-0] INFO  c.d.c.e.CommunityEnvironment - Closing environment...
2026-01-13 16:30:08,809 [canton-env-ec-77] INFO  c.d.c.h.MutableHealthComponent:participant=sandbox - 'sync-domain' is now in state Failed(Component is closed). Previous state was Ok().
2026-01-13 16:30:08,809 [canton-env-ec-77] INFO  c.d.c.h.MutableHealthComponent:participant=sandbox - 'sync-domain-ephemeral' is now in state Failed(Component is closed). Previous state was Ok().
2026-01-13 16:30:08,809 [canton-env-ec-77] INFO  c.d.c.h.MutableHealthComponent:participant=sandbox - 'sequencer-client' is now in state Failed(Component is closed). Previous state was Ok().
2026-01-13 16:30:08,809 [canton-env-ec-77] INFO  c.d.c.h.MutableHealthComponent:participant=sandbox - 'acs-commitment-processor' is now in state Failed(Component is closed). Previous state was Ok().
2026-01-13 16:30:08,813 [canton-env-ec-77] INFO  c.d.c.p.ParticipantNode:participant=sandbox - Stopping participant node
2026-01-13 16:30:08,815 [canton-env-ec-28] INFO  c.d.c.n.g.ApiRequestLogger:participant=sandbox tid:5c81aa3b54e561e4f54bab58da8c1b72 - Request c.d.l.a.v.TransactionService/GetTransactions by /127.0.0.1:57463: cancelled
2026-01-13 16:30:08,819 [canton-env-ec-20] INFO  c.d.c.p.a.s.c.CommandServiceImpl:participant=sandbox - Shutting down Command Service.
2026-01-13 16:30:08,823 [canton-env-ec-28] INFO  com.zaxxer.hikari.HikariDataSource - daml.index.db.connection.api-server - Shutdown initiated...
2026-01-13 16:30:08,824 [canton-env-ec-28] INFO  com.zaxxer.hikari.HikariDataSource - daml.index.db.connection.api-server - Shutdown completed.
2026-01-13 16:30:08,824 [canton-env-ec-88] INFO  c.d.c.p.i.RecoveringIndexer:participant=sandbox - Stopping Indexer Server
2026-01-13 16:30:08,825 [canton-env-ec-20] INFO  com.zaxxer.hikari.HikariDataSource - daml.index.db.connection.indexer - Shutdown initiated...
2026-01-13 16:30:08,825 [canton-env-ec-20] INFO  com.zaxxer.hikari.HikariDataSource - daml.index.db.connection.indexer - Shutdown completed.
2026-01-13 16:30:08,825 [canton-env-ec-20] INFO  c.d.c.p.i.RecoveringIndexer:participant=sandbox - Successfully finished processing state updates
2026-01-13 16:30:08,825 [canton-env-ec-20] INFO  c.d.c.p.i.p.ParallelIndexerFactory$:participant=sandbox - Indexing finished.
2026-01-13 16:30:08,825 [canton-env-ec-20] INFO  c.d.c.p.i.RecoveringIndexer:participant=sandbox - Stopped Indexer Server
2026-01-13 16:30:08,826 [canton-env-ec-85] INFO  c.d.c.p.DispatcherState:participant=sandbox - Shutting down Ledger API offset dispatcher state.
2026-01-13 16:30:08,828 [canton-env-ec-85] INFO  c.d.c.p.DispatcherState:participant=sandbox - Ledger API offset dispatcher shutdown.
2026-01-13 16:30:09,220 [canton-env-ec-77] INFO  c.d.c.p.s.SyncDomain:participant=sandbox/domainId=local::1220247008ce - 'sync-domain' is now in state Failed(Disconnected from domain). Previous state was Ok().
2026-01-13 16:30:09,220 [canton-env-ec-77] INFO  c.d.c.h.MutableHealthComponent:participant=sandbox - 'sync-domain' is now in state Failed(Disconnected from domain). Previous state was Ok().
2026-01-13 16:30:09,222 [canton-env-ec-77] INFO  c.d.c.s.c.ResilientSequencerSubscription:participant=sandbox/domainId=local::1220247008ce - 'sequencer-client' is now in state Failed(Disconnected from domain). Previous state was Ok().
2026-01-13 16:30:09,222 [canton-env-ec-77] INFO  c.d.c.h.DelegatingMutableHealthComponent:participant=sandbox/domainId=local::1220247008ce - 'sequencer-client' is now in state Failed(Disconnected from domain). Previous state was Ok().
2026-01-13 16:30:09,222 [canton-env-ec-77] INFO  c.d.c.h.MutableHealthComponent:participant=sandbox - 'sequencer-client' is now in state Failed(Disconnected from domain). Previous state was Ok().
2026-01-13 16:30:09,223 [canton-env-ec-85] INFO  c.d.c.s.c.t.GrpcSequencerSubscription:participant=sandbox/domainId=local::1220247008ce - GRPC subscription successfully closed due to client shutdown.
2026-01-13 16:30:09,224 [canton-env-ec-84] INFO  c.d.c.n.g.ApiRequestLogger:domain=local tid:57724c31cae9c70d9ed7678579105926 - Request c.d.c.d.a.v.SequencerService/SubscribeVersioned by /127.0.0.1:57479: cancelled
2026-01-13 16:30:09,225 [canton-env-ec-77] INFO  c.d.c.p.p.AcsCommitmentProcessor:participant=sandbox/domainId=local::1220247008ce - 'acs-commitment-processor' is now in state Failed(Disconnected from domain). Previous state was Ok().
2026-01-13 16:30:09,226 [canton-env-ec-84] INFO  c.d.c.p.s.CantonSyncService:participant=sandbox - Domain 'local' disconnected because sequencer client was closed
2026-01-13 16:30:09,226 [canton-env-ec-77] INFO  c.d.c.h.MutableHealthComponent:participant=sandbox - 'acs-commitment-processor' is now in state Failed(Disconnected from domain). Previous state was Ok().
2026-01-13 16:30:09,229 [canton-env-ec-77] INFO  c.d.c.p.s.SyncDomainEphemeralState:participant=sandbox/domain-alias=local - 'sync-domain-ephemeral' is now in state Failed(Disconnected from domain). Previous state was Ok().
2026-01-13 16:30:09,229 [canton-env-ec-77] INFO  c.d.c.h.MutableHealthComponent:participant=sandbox - 'sync-domain-ephemeral' is now in state Failed(Disconnected from domain). Previous state was Ok().
2026-01-13 16:30:09,232 [canton-env-ec-77] INFO  c.d.c.h.MutableHealthComponent:participant=sandbox - 'sync-domain' is now in state Failed(Component is closed). Previous state was Failed(Disconnected from domain).
2026-01-13 16:30:09,232 [canton-env-ec-77] INFO  c.d.c.h.MutableHealthComponent:participant=sandbox - 'sync-domain-ephemeral' is now in state Failed(Component is closed). Previous state was Failed(Disconnected from domain).
2026-01-13 16:30:09,233 [canton-env-ec-77] INFO  c.d.c.h.MutableHealthComponent:participant=sandbox - 'sequencer-client' is now in state Failed(Component is closed). Previous state was Failed(Disconnected from domain).
2026-01-13 16:30:09,233 [canton-env-ec-77] INFO  c.d.c.h.MutableHealthComponent:participant=sandbox - 'acs-commitment-processor' is now in state Failed(Component is closed). Previous state was Failed(Disconnected from domain).
2026-01-13 16:30:09,233 [canton-env-ec-77] INFO  c.d.c.r.MemoryStorage:participant=sandbox - 'memory_storage' is now in state Failed(Component is closed). Previous state was Ok().
2026-01-13 16:30:09,233 [canton-env-ec-77] INFO  c.d.c.p.ParticipantNodeBootstrap:participant=sandbox - 'participant' is now in state ServingStatus(status = 'NOT_SERVING'). Previous state was ServingStatus(status = 'SERVING').
2026-01-13 16:30:09,233 [canton-env-ec-77] INFO  c.d.c.c.Crypto:participant=sandbox - 'crypto' is now in state Failed(Component is closed). Previous state was Ok().
2026-01-13 16:30:09,234 [canton-env-ec-77] INFO  c.d.c.c.p.t.TinkPrivateCrypto:participant=sandbox - 'tink-private-crypto' is now in state Failed(Component is closed). Previous state was Ok().
2026-01-13 16:30:09,235 [canton-env-ec-77] INFO  c.d.c.d.DomainNodeBootstrap:domain=local - Stopping domain node
2026-01-13 16:30:09,237 [canton-env-ec-77] INFO  c.d.c.d.t.DomainTopologySender$Impl:domain=local/identity - 'domain-topology-sender' is now in state Failed(Component is closed). Previous state was Ok().
2026-01-13 16:30:09,237 [canton-env-ec-77] INFO  c.d.c.h.MutableHealthComponent:domain=local - 'domain-topology-sender' is now in state Failed(Component is closed). Previous state was Ok().
2026-01-13 16:30:09,238 [canton-env-ec-77] INFO  c.d.c.s.c.ResilientSequencerSubscription:domain=local/client=topology-manager - 'sequencer-client' is now in state Failed(Disconnected from domain). Previous state was Ok().
2026-01-13 16:30:09,238 [canton-env-ec-77] INFO  c.d.c.h.DelegatingMutableHealthComponent:domain=local/client=topology-manager - 'sequencer-client' is now in state Failed(Disconnected from domain). Previous state was Ok().
2026-01-13 16:30:09,238 [canton-env-ec-54] INFO  c.d.c.s.c.t.GrpcSequencerSubscription:domain=local/client=topology-manager - GRPC subscription successfully closed due to client shutdown.
2026-01-13 16:30:09,239 [canton-env-ec-54] INFO  c.d.c.n.g.ApiRequestLogger:domain=local tid:4af5d645bcfba758e68e3583c6cdc688 - Request c.d.c.d.a.v.SequencerService/SubscribeVersioned by /127.0.0.1:57433: cancelled
2026-01-13 16:30:09,241 [canton-env-ec-77] INFO  c.d.c.s.c.ResilientSequencerSubscription:domain=local/client=mediator - 'sequencer-client' is now in state Failed(Disconnected from domain). Previous state was Ok().
2026-01-13 16:30:09,241 [canton-env-ec-77] INFO  c.d.c.h.DelegatingMutableHealthComponent:domain=local/client=mediator - 'sequencer-client' is now in state Failed(Disconnected from domain). Previous state was Ok().
2026-01-13 16:30:09,241 [canton-env-ec-54] INFO  c.d.c.s.c.t.GrpcSequencerSubscription:domain=local/client=mediator - GRPC subscription successfully closed due to client shutdown.
2026-01-13 16:30:09,242 [canton-env-ec-85] INFO  c.d.c.n.g.ApiRequestLogger:domain=local tid:6687ca78d5b6bb1577dbc20ef6f3aa8a - Request c.d.c.d.a.v.SequencerService/SubscribeVersioned by /127.0.0.1:57437: cancelled
2026-01-13 16:30:09,245 [canton-env-ec-77] INFO  c.d.c.d.s.s.DatabaseSequencer:domain=local - 'sequencer' is now in state SequencerHealthStatus(active = false, details = Sequencer is closed). Previous state was SequencerHealthStatus(active = true).
2026-01-13 16:30:09,245 [canton-env-ec-77] INFO  c.d.c.h.MutableHealthQuasiComponent:domain=local - 'sequencer' is now in state SequencerHealthStatus(active = false, details = Sequencer is closed). Previous state was SequencerHealthStatus(active = true).
2026-01-13 16:30:09,246 [canton-env-ec-77] INFO  c.d.c.d.DomainNodeBootstrap:domain=local - 'sequencer-health-check-service' is now in state ServingStatus(status = 'NOT_SERVING'). Previous state was ServingStatus(status = 'SERVING').
2026-01-13 16:30:09,249 [canton-env-ec-77] INFO  c.d.c.r.MemoryStorage:domain=local - 'memory_storage' is now in state Failed(Component is closed). Previous state was Ok().
2026-01-13 16:30:09,249 [canton-env-ec-77] INFO  c.d.c.d.DomainNodeBootstrap:domain=local - 'domain' is now in state ServingStatus(status = 'NOT_SERVING'). Previous state was ServingStatus(status = 'SERVING').
2026-01-13 16:30:09,250 [canton-env-ec-77] INFO  c.d.c.crypto.Crypto:domain=local - 'crypto' is now in state Failed(Component is closed). Previous state was Ok().
2026-01-13 16:30:09,250 [canton-env-ec-77] INFO  c.d.c.c.p.t.TinkPrivateCrypto:domain=local - 'tink-private-crypto' is now in state Failed(Component is closed). Previous state was Ok().
2026-01-13 16:30:09,258 [canton-env-ec-20] INFO  o.a.pekko.actor.CoordinatedShutdown - Running CoordinatedShutdown with reason [ActorSystemTerminateReason]
2026-01-13 16:30:09,273 [Thread-0] INFO  c.d.canton.CantonCommunityApp$ - Shutdown complete.
2026-01-13 16:30:09,273 [Thread-0] INFO  c.d.canton.CantonCommunityApp$ - Shutting down logger. Bye bye.
2026-01-13 16:30:29,897 [main] INFO  c.d.canton.CantonCommunityApp$ - Starting Canton version 2.10.0
2026-01-13 16:30:30,316 [main] INFO  c.d.canton.CantonCommunityApp$ - Starting up with resolved config:
domains {
    local {
        admin-api {
            port=6868
        }
        init {
            domain-parameters {
                protocol-version="7"
            }
        }
        public-api {
            port=6867
        }
        storage {
            type=memory
        }
    }
}
parameters {
    dev-version-support=true
    non-standard-config=true
    ports-file="/var/folders/6h/h_td7sys15x4866r9hv1k8xc0000gn/T/extra-dir-49954392694/sandbox-portfile"
}
participants {
    sandbox {
        admin-api {
            port=6866
        }
        ledger-api {
            port=6865
            user-management-service {
                enabled=true
            }
        }
        parameters {
            dev-version-support=true
        }
        storage {
            type=memory
        }
    }
}

2026-01-13 16:30:30,332 [main] INFO  c.d.c.e.CommunityEnvironment - Deriving 8 as number of threads from 'sys.runtime.availableProcessors()'. Please use '-Dscala.concurrent.context.numThreads' to override.
2026-01-13 16:30:30,437 [canton-env-ec-20] INFO  o.a.pekko.event.slf4j.Slf4jLogger - Slf4jLogger started
2026-01-13 16:30:30,476 [main] INFO  c.d.c.t.OpenTelemetryFactory$ - Initializing open telemetry with Exporter.Disabled
2026-01-13 16:30:30,507 [main] INFO  c.d.c.e.CommunityEnvironment tid:e0cc383e1142b4240a22a6082016d9d7 - Automatically starting all instances
2026-01-13 16:30:30,623 [canton-env-ec-29] INFO  c.d.c.crypto.Crypto:domain=local - 'crypto' is now in state Ok(). Previous state was Not Initialized.
2026-01-13 16:30:30,625 [canton-env-ec-20] INFO  c.d.c.d.DomainNodeBootstrap:domain=local - Starting admin-api services on CommunityAdminServerConfig(127.0.0.1,Some(6868),None,Some(BasicKeepAliveServerConfig(40s,20s,20s,false)),10485760)
2026-01-13 16:30:30,661 [canton-env-ec-29] INFO  c.d.c.c.Crypto:participant=sandbox - 'crypto' is now in state Ok(). Previous state was Not Initialized.
2026-01-13 16:30:30,662 [canton-env-ec-21] INFO  c.d.c.p.ParticipantNodeBootstrap:participant=sandbox - Starting admin-api services on CommunityAdminServerConfig(127.0.0.1,Some(6866),None,Some(BasicKeepAliveServerConfig(40s,20s,20s,false)),10485760)
2026-01-13 16:30:30,858 [canton-env-ec-20] INFO  c.d.c.d.DomainNodeBootstrap:domain=local - 'domain' is now in state ServingStatus(status = 'SERVING'). Previous state was ServingStatus(status = 'NOT_SERVING').
2026-01-13 16:30:30,860 [canton-env-ec-21] INFO  c.d.c.p.ParticipantNodeBootstrap:participant=sandbox - 'participant' is now in state ServingStatus(status = 'SERVING'). Previous state was ServingStatus(status = 'NOT_SERVING').
2026-01-13 16:30:30,921 [canton-env-ec-22] INFO  c.d.c.d.DomainNodeBootstrap:domain=local - Node is not initialized yet. Performing automated default initialization.
2026-01-13 16:30:30,921 [canton-env-ec-26] INFO  c.d.c.p.ParticipantNodeBootstrap:participant=sandbox - Node is not initialized yet. Performing automated default initialization.
2026-01-13 16:30:31,078 [canton-env-ec-27] INFO  c.d.c.p.t.ParticipantTopologyManager:participant=sandbox tid:03e6219bfacf239e17c2e5a913a0149c - Applied topology transaction Add NamespaceDelegation(1220a82f9051..., SigningPublicKey(id = 1220a82f9051..., format = Tink, scheme = Ed25519), true) at 2026-01-13T11:00:31.076948Z
2026-01-13 16:30:31,078 [canton-env-ec-30] INFO  c.d.c.d.t.DomainTopologyManager:domain=local tid:6800e716b09c1b82c5e2acf117ca3210 - Applied topology transaction Add NamespaceDelegation(1220e43d5d01..., SigningPublicKey(id = 1220e43d5d01..., format = Tink, scheme = Ed25519), true) at 2026-01-13T11:00:31.076948Z
2026-01-13 16:30:31,098 [canton-env-ec-22] INFO  c.d.c.d.t.DomainTopologyManager:domain=local tid:6800e716b09c1b82c5e2acf117ca3210 - Applied topology transaction Replace DomainParametersChange(
  local::1220e43d5d01...,
  DynamicDomainParameters(
    participant response timeout = 30s,
    mediator reaction timeout = 30s,
    transfer exclusivity timeout = 1m,
    topology change delay = 0.25s,
    ledger time record time tolerance = 1m,
    mediator deduplication timeout = 2m,
    reconciliation interval = 1m,
    max rate per participant = 1000000,
    max request size = 10485760,
    catchup config = CatchUpConfig(catchUpIntervalSkip = 5, nrIntervalsToTriggerCatchUp = 2)
  )
) at 2026-01-13T11:00:31.096611Z
2026-01-13 16:30:31,106 [canton-env-ec-22] INFO  c.d.c.d.t.DomainTopologyManager:domain=local tid:6800e716b09c1b82c5e2acf117ca3210 - Applied topology transaction Add OwnerToKeyMapping(DOM::local::1220e43d5d01..., SigningPublicKey(id = 1220da6d9a3e..., format = Tink, scheme = Ed25519)) at 2026-01-13T11:00:31.105494Z
2026-01-13 16:30:31,113 [canton-env-ec-21] INFO  c.d.c.d.t.DomainTopologyManager:domain=local - Applied topology transaction Add OwnerToKeyMapping(MED::local::1220e43d5d01..., SigningPublicKey(id = 12202894b251..., format = Tink, scheme = Ed25519)) at 2026-01-13T11:00:31.112355Z
2026-01-13 16:30:31,118 [canton-env-ec-29] INFO  c.d.c.d.t.DomainTopologyManager:domain=local - Applied topology transaction Add MediatorDomainState(Both, local::1220e43d5d01..., MED::local::1220e43d5d01...) at 2026-01-13T11:00:31.118245Z
2026-01-13 16:30:31,123 [canton-env-ec-22] INFO  c.d.c.p.a.PackageUploader:participant=sandbox - Initializing Upgradable Package Resolution View
2026-01-13 16:30:31,124 [canton-env-ec-29] INFO  c.d.c.p.a.PackageUploader:participant=sandbox - Upgradable Package Resolution View has been initialized (0 ms)
2026-01-13 16:30:31,128 [canton-env-ec-22] INFO  c.d.c.d.t.DomainTopologyManager:domain=local - Applied topology transaction Add OwnerToKeyMapping(SEQ::local::1220e43d5d01..., SigningPublicKey(id = 1220839b3e90..., format = Tink, scheme = Ed25519)) at 2026-01-13T11:00:31.127781Z
2026-01-13 16:30:31,129 [canton-env-ec-21] INFO  c.d.c.d.DomainNodeBootstrap:domain=local - Initializing node with id NodeId(local::1220e43d5d01...)
2026-01-13 16:30:31,168 [canton-env-ec-22] INFO  c.d.c.p.s.CantonSyncService:participant=sandbox tid:018874f29bc023c2e9d835f1e02806d5 - Recovering published timely rejections
2026-01-13 16:30:31,172 [canton-env-ec-21] INFO  c.d.c.p.s.CantonSyncService:participant=sandbox tid:018874f29bc023c2e9d835f1e02806d5 - Publishing the unpublished events from the ParticipantEventLog
2026-01-13 16:30:31,221 [canton-env-ec-28] INFO  c.d.c.p.l.a.StartableStoppableLedgerApiServer:participant=sandbox - Creating storage, num-indexer: 16, num-ledger-api: 4
2026-01-13 16:30:31,244 [canton-env-ec-27] INFO  c.d.c.d.s.SequencerRuntime:domain=local - Sequencer is healthy
2026-01-13 16:30:31,259 [canton-env-ec-20] INFO  c.d.c.h.MutableHealthQuasiComponent:domain=local - 'sequencer' is now in state SequencerHealthStatus(active = true). Previous state was SequencerHealthStatus(active = false).
2026-01-13 16:30:31,260 [canton-env-ec-20] INFO  c.d.c.d.DomainNodeBootstrap:domain=local - 'sequencer-health-check-service' is now in state ServingStatus(status = 'SERVING'). Previous state was ServingStatus(status = 'NOT_SERVING').
2026-01-13 16:30:31,327 [canton-env-ec-30] INFO  c.d.c.p.s.b.VerifiedDataSource$:participant=sandbox - Attempting to connect to the database (attempt 1/600)
2026-01-13 16:30:31,447 [canton-env-ec-26] INFO  c.d.c.p.s.FlywayMigrations:participant=sandbox - Ensuring Flyway migration has either not started or there are no pending migrations...
2026-01-13 16:30:31,450 [canton-env-ec-26] INFO  o.f.c.i.license.VersionPrinter - Flyway Community Edition 9.15.2 by Redgate
2026-01-13 16:30:31,450 [canton-env-ec-26] INFO  o.f.c.i.license.VersionPrinter - See release notes here: https://rd.gt/416ObMi
2026-01-13 16:30:31,450 [canton-env-ec-26] INFO  o.f.c.i.license.VersionPrinter - 
2026-01-13 16:30:31,477 [canton-env-ec-26] INFO  o.f.c.i.d.base.BaseDatabaseType - Database: jdbc:h2:mem:ledger_api_sandbox1220a82f9051f4828b80d8cf6620fba66562303f110452605ba6bb45381683dc7d49_78873a5b5d2e43c5a9a2fc380f4ba844 (H2 2.1)
2026-01-13 16:30:31,486 [canton-env-ec-30] INFO  c.d.c.s.c.SequencerClientImpl:domain=local/client=topology-manager - No event found up to 0001-01-01T00:00:00Z. Resubscribing from the beginning.
2026-01-13 16:30:31,487 [canton-env-ec-30] INFO  c.d.c.s.c.SequencerClientImpl:domain=local/client=topology-manager - Processing events from the SequencedEventStore from 0001-01-01T00:00:00.000001Z on
2026-01-13 16:30:31,502 [canton-env-ec-26] INFO  c.d.c.p.s.FlywayMigrations:participant=sandbox - Running Flyway migration on empty database with 1 migrations pending...
2026-01-13 16:30:31,503 [canton-env-ec-20] INFO  c.d.c.s.c.SequencerClientImpl:domain=local/client=topology-manager - Starting subscription for alias=SEQ::local::1220e43d5d01... at timestamp None; next counter 0
2026-01-13 16:30:31,505 [canton-env-ec-26] INFO  o.f.c.internal.command.DbValidate - Successfully validated 1 migration (execution time 00:00.000s)
2026-01-13 16:30:31,506 [canton-env-ec-26] INFO  o.f.c.i.s.JdbcTableSchemaHistory - Creating Schema History table "PUBLIC"."flyway_schema_history" ...
2026-01-13 16:30:31,507 [canton-env-ec-20] INFO  c.d.c.h.DelegatingMutableHealthComponent:domain=local/client=topology-manager - 'sequencer-client' is now in state Ok(). Previous state was Not Initialized.
2026-01-13 16:30:31,515 [canton-env-ec-26] INFO  o.f.core.internal.command.DbMigrate - Current version of schema "PUBLIC": << Empty Schema >>
2026-01-13 16:30:31,529 [canton-env-ec-29] INFO  c.d.c.d.i.TopologyManagementInitialization$:domain=local - Sending initial topology transactions to domain members Set(DOM::local::1220e43d5d01..., MED::local::1220e43d5d01...) as DOM::local::1220e43d5d01...
2026-01-13 16:30:31,531 [canton-env-ec-26] INFO  o.f.core.internal.command.DbMigrate - Migrating schema "PUBLIC" to version "1 - Append only schema"
2026-01-13 16:30:31,555 [canton-env-ec-22] INFO  c.d.c.d.s.a.MemberAuthenticationServiceOld:domain=local - DOM::local::1220e43d5d01... authenticated new token with expiry 2026-01-13T12:00:31.554822Z
2026-01-13 16:30:31,563 [canton-env-ec-26] INFO  o.f.core.internal.command.DbMigrate - Successfully applied 1 migration to schema "PUBLIC", now at version v1 (execution time 00:00.048s)
2026-01-13 16:30:31,563 [canton-env-ec-26] INFO  c.d.c.p.s.FlywayMigrations:participant=sandbox - Flyway schema migration finished successfully, applying 1 steps on empty database.
2026-01-13 16:30:31,578 [canton-env-ec-27] INFO  c.d.c.d.s.s.GrpcSequencerService:domain=local - DOM::local::1220e43d5d01... subscribes from counter=0
2026-01-13 16:30:31,581 [canton-env-ec-30] INFO  c.d.c.p.i.RecoveringIndexer:participant=sandbox - Starting Indexer Server
2026-01-13 16:30:31,590 [canton-env-ec-22] INFO  com.zaxxer.hikari.HikariDataSource - daml.index.db.connection.indexer - Starting...
2026-01-13 16:30:31,595 [canton-env-ec-22] INFO  com.zaxxer.hikari.HikariDataSource - daml.index.db.connection.indexer - Start completed.
2026-01-13 16:30:31,611 [canton-env-ec-22] INFO  c.d.c.p.i.p.InitializeParallelIngestion:participant=sandbox - Attempting to initialize with participant ID sandbox::1220a82f9051f4828b80d8cf6620fba66562303f110452605ba6bb45381683dc7d49
2026-01-13 16:30:31,614 [daml.index.db.threadpool.connection.indexer-1] INFO  c.d.c.p.s.b.c.ParameterStorageBackendImpl$:participant=sandbox - Initializing new database for participantId 'sandbox::1220a82f9051f4828b80d8cf6620fba66562303f110452605ba6bb45381683dc7d49'
2026-01-13 16:30:31,624 [canton-env-ec-26] INFO  c.d.c.d.s.s.GrpcSequencerService:domain=local tid:6e2541d847705ff23194fca47a08646f - 'DOM::local::1220e43d5d01...' sends request with id '23069962-5078-47d4-9bd2-319847b48f85' of size 1801 bytes with 2 envelopes.
2026-01-13 16:30:31,628 [canton-env-ec-27] INFO  c.d.c.p.InMemoryState:participant=sandbox - Initializing participant in-memory state to ledger end: LedgerEnd(Offset(Bytes()),0,0)
2026-01-13 16:30:31,639 [canton-env-ec-27] INFO  c.d.c.p.i.UpdatePackageMetadataView$:participant=sandbox - Package Metadata View has been initialized (3 ms)
2026-01-13 16:30:31,640 [canton-env-ec-22] INFO  c.d.c.p.DispatcherState:participant=sandbox - Started a Ledger API offset dispatcher at initialization offset: Offset(Bytes()).
2026-01-13 16:30:31,655 [canton-env-ec-21] INFO  c.d.c.d.s.s.SequencerReader$EventsReader:domain=local/subscriber=DOM::local::1220e43d5d01 tid:6e2541d847705ff23194fca47a08646f - Using approximate topology snapshot at 0001-01-01T00:00:00.000001Z for desired timestamp 2026-01-13T11:00:31.645018Z
2026-01-13 16:30:31,665 [canton-env-ec-22] INFO  c.d.c.p.i.p.ParallelIndexerFactory$:participant=sandbox - Indexer initialized, indexing started.
2026-01-13 16:30:31,665 [canton-env-ec-28] INFO  c.d.c.p.i.RecoveringIndexer:participant=sandbox - Started Indexer Server
2026-01-13 16:30:31,667 [canton-env-ec-26] INFO  com.zaxxer.hikari.HikariDataSource - daml.index.db.connection.api-server - Starting...
2026-01-13 16:30:31,668 [canton-env-ec-26] INFO  com.zaxxer.hikari.HikariDataSource - daml.index.db.connection.api-server - Start completed.
2026-01-13 16:30:31,673 [canton-env-ec-20] INFO  c.d.c.s.c.SequencedEventValidatorImpl:domain=local/client=topology-manager tid:6e2541d847705ff23194fca47a08646f - Skipping signature verification of the first sequenced event due to a fresh subscription from SEQ::local::1220e43d5d01...
2026-01-13 16:30:31,677 [input-mapping-pool-0] INFO  c.d.c.p.i.p.ParallelIndexerSubscription:participant=sandbox tid:018874f29bc023c2e9d835f1e02806d5 - Storing at offset=000000000000000001 ConfigurationChanged(
  recordTime = 2026-01-13T11:00:31.179933Z,
  configuration = Configuration(generation = 1, maxDeduplicationDuration = 168h, timeModel = LedgerTimeModel(avgTransactionLatency = 0s, minSkew = 8760h, maxSkew = 8760h)),
  ...
)
2026-01-13 16:30:31,702 [canton-env-ec-28] INFO  c.d.c.p.i.IndexServiceOwner:participant=sandbox - Found existing participant with ID: sandbox::1220a82f9051f4828b80d8cf6620fba66562303f110452605ba6bb45381683dc7d49`
2026-01-13 16:30:31,714 [canton-env-ec-27] INFO  c.d.c.t.p.DomainTopologyTransactionMessageValidator$Impl:domain=local/client=topology-manager tid:6e2541d847705ff23194fca47a08646f - Using approximate topology snapshot at 0001-01-01T00:00:00.000001Z for desired timestamp 2026-01-13T11:00:31.645018Z
2026-01-13 16:30:31,720 [canton-env-ec-20] INFO  c.d.c.t.p.TopologyTransactionProcessor:domain=local/client=topology-manager tid:6e2541d847705ff23194fca47a08646f - Updated topology change delay from=0s to 0.25s
2026-01-13 16:30:31,721 [canton-env-ec-29] INFO  c.d.c.t.p.TopologyTransactionProcessor:domain=local/client=topology-manager tid:6e2541d847705ff23194fca47a08646f - Storing topology transaction 1/6 Add NamespaceDelegation(1220e43d5d01..., SigningPublicKey(id = 1220e43d5d01..., format = Tink, scheme = Ed25519), true) with ts=EffectiveTime(2026-01-13T11:00:31.645018Z) (epsilon=0 ms)
2026-01-13 16:30:31,722 [canton-env-ec-29] INFO  c.d.c.t.p.TopologyTransactionProcessor:domain=local/client=topology-manager tid:6e2541d847705ff23194fca47a08646f - Storing topology transaction 2/6 Replace DomainParametersChange(
  local::1220e43d5d01...,
  DynamicDomainParameters(
    participant response timeout = 30s,
    mediator reaction timeout = 30s,
    transfer exclusivity timeout = 1m,
    topology change delay = 0.25s,
    ledger time record time tolerance = 1m,
    mediator deduplication timeout = 2m,
    reconciliation interval = 1m,
    max rate per participant = 1000000,
    max request size = 10485760,
    catchup config = CatchUpConfig(catchUpIntervalSkip = 5, nrIntervalsToTriggerCatchUp = 2)
  )
) with ts=EffectiveTime(2026-01-13T11:00:31.645018Z) (epsilon=0 ms)
2026-01-13 16:30:31,723 [canton-env-ec-29] INFO  c.d.c.t.p.TopologyTransactionProcessor:domain=local/client=topology-manager tid:6e2541d847705ff23194fca47a08646f - Storing topology transaction 3/6 Add OwnerToKeyMapping(DOM::local::1220e43d5d01..., SigningPublicKey(id = 1220da6d9a3e..., format = Tink, scheme = Ed25519)) with ts=EffectiveTime(2026-01-13T11:00:31.645018Z) (epsilon=0 ms)
2026-01-13 16:30:31,723 [canton-env-ec-29] INFO  c.d.c.t.p.TopologyTransactionProcessor:domain=local/client=topology-manager tid:6e2541d847705ff23194fca47a08646f - Storing topology transaction 4/6 Add OwnerToKeyMapping(MED::local::1220e43d5d01..., SigningPublicKey(id = 12202894b251..., format = Tink, scheme = Ed25519)) with ts=EffectiveTime(2026-01-13T11:00:31.645018Z) (epsilon=0 ms)
2026-01-13 16:30:31,726 [canton-env-ec-29] INFO  c.d.c.t.p.TopologyTransactionProcessor:domain=local/client=topology-manager tid:6e2541d847705ff23194fca47a08646f - Storing topology transaction 5/6 Add MediatorDomainState(Both, local::1220e43d5d01..., MED::local::1220e43d5d01...) with ts=EffectiveTime(2026-01-13T11:00:31.645018Z) (epsilon=0 ms)
2026-01-13 16:30:31,726 [canton-env-ec-29] INFO  c.d.c.t.p.TopologyTransactionProcessor:domain=local/client=topology-manager tid:6e2541d847705ff23194fca47a08646f - Storing topology transaction 6/6 Add OwnerToKeyMapping(SEQ::local::1220e43d5d01..., SigningPublicKey(id = 1220839b3e90..., format = Tink, scheme = Ed25519)) with ts=EffectiveTime(2026-01-13T11:00:31.645018Z) (epsilon=0 ms)
2026-01-13 16:30:31,732 [canton-env-ec-30] INFO  c.d.c.p.a.r.MemoryCheck$:participant=sandbox - Using 'tenured' memory pool G1 Old Gen.  Setting its collection pool threshold to 2147483648
2026-01-13 16:30:31,749 [canton-env-ec-30] INFO  c.d.c.h.MutableHealthComponent:domain=local - 'domain-topology-sender' is now in state Ok(). Previous state was Not Initialized.
2026-01-13 16:30:31,753 [canton-env-ec-28] INFO  c.d.c.p.a.ApiServices$Owner:participant=sandbox - Daml-LF Engine supports LF versions: 1.14, 1.15, 1.17, 1.dev
2026-01-13 16:30:31,761 [canton-env-ec-22] INFO  c.d.c.p.a.c.LedgerConfigurationSubscriptionFromIndex:participant=sandbox - Initial ledger configuration lookup found configuration Configuration(1,LedgerTimeModel(PT0S,PT8760H,PT8760H),PT168H) at Absolute(000000000000000001). Looking for new ledger configurations from this offset.
2026-01-13 16:30:31,790 [canton-env-ec-30] INFO  c.d.c.s.c.SequencerClientImpl:domain=local/client=mediator - No event found up to 0001-01-01T00:00:00Z. Resubscribing from the beginning.
2026-01-13 16:30:31,790 [canton-env-ec-30] INFO  c.d.c.s.c.SequencerClientImpl:domain=local/client=mediator - Processing events from the SequencedEventStore from 0001-01-01T00:00:00.000001Z on
2026-01-13 16:30:31,792 [canton-env-ec-22] INFO  c.d.c.s.c.SequencerClientImpl:domain=local/client=mediator - Starting subscription for alias=SEQ::local::1220e43d5d01... at timestamp None; next counter 0
2026-01-13 16:30:31,792 [canton-env-ec-22] INFO  c.d.c.h.DelegatingMutableHealthComponent:domain=local/client=mediator - 'sequencer-client' is now in state Ok(). Previous state was Not Initialized.
2026-01-13 16:30:31,804 [canton-env-ec-27] INFO  c.d.c.d.s.a.MemberAuthenticationServiceOld:domain=local - MED::local::1220e43d5d01... authenticated new token with expiry 2026-01-13T12:00:31.804668Z
2026-01-13 16:30:31,808 [canton-env-ec-28] INFO  c.d.c.d.s.s.GrpcSequencerService:domain=local - MED::local::1220e43d5d01... subscribes from counter=0
2026-01-13 16:30:31,816 [canton-env-ec-29] INFO  c.d.c.s.c.SequencedEventValidatorImpl:domain=local/client=mediator tid:6e2541d847705ff23194fca47a08646f - Skipping signature verification of the first sequenced event due to a fresh subscription from SEQ::local::1220e43d5d01...
2026-01-13 16:30:31,821 [canton-env-ec-27] INFO  c.d.c.d.m.Mediator:domain=local/node=mediator tid:6e2541d847705ff23194fca47a08646f - Caught up with batch with counter=0 with sequencer with 176 ms delay
2026-01-13 16:30:31,822 [canton-env-ec-27] INFO  c.d.c.t.p.DomainTopologyTransactionMessageValidator$Impl:domain=local/node=mediator/client=mediator tid:6e2541d847705ff23194fca47a08646f - Using approximate topology snapshot at 0001-01-01T00:00:00.000001Z for desired timestamp 2026-01-13T11:00:31.645018Z
2026-01-13 16:30:31,825 [canton-env-ec-64] INFO  c.d.c.t.p.TopologyTransactionProcessor:domain=local/node=mediator/client=mediator tid:6e2541d847705ff23194fca47a08646f - Updated topology change delay from=0s to 0.25s
2026-01-13 16:30:31,826 [canton-env-ec-64] INFO  c.d.c.t.p.TopologyTransactionProcessor:domain=local/node=mediator/client=mediator tid:6e2541d847705ff23194fca47a08646f - Storing topology transaction 1/6 Add NamespaceDelegation(1220e43d5d01..., SigningPublicKey(id = 1220e43d5d01..., format = Tink, scheme = Ed25519), true) with ts=EffectiveTime(2026-01-13T11:00:31.645018Z) (epsilon=0 ms)
2026-01-13 16:30:31,827 [canton-env-ec-64] INFO  c.d.c.t.p.TopologyTransactionProcessor:domain=local/node=mediator/client=mediator tid:6e2541d847705ff23194fca47a08646f - Storing topology transaction 2/6 Replace DomainParametersChange(
  local::1220e43d5d01...,
  DynamicDomainParameters(
    participant response timeout = 30s,
    mediator reaction timeout = 30s,
    transfer exclusivity timeout = 1m,
    topology change delay = 0.25s,
    ledger time record time tolerance = 1m,
    mediator deduplication timeout = 2m,
    reconciliation interval = 1m,
    max rate per participant = 1000000,
    max request size = 10485760,
    catchup config = CatchUpConfig(catchUpIntervalSkip = 5, nrIntervalsToTriggerCatchUp = 2)
  )
) with ts=EffectiveTime(2026-01-13T11:00:31.645018Z) (epsilon=0 ms)
2026-01-13 16:30:31,827 [canton-env-ec-64] INFO  c.d.c.t.p.TopologyTransactionProcessor:domain=local/node=mediator/client=mediator tid:6e2541d847705ff23194fca47a08646f - Storing topology transaction 3/6 Add OwnerToKeyMapping(DOM::local::1220e43d5d01..., SigningPublicKey(id = 1220da6d9a3e..., format = Tink, scheme = Ed25519)) with ts=EffectiveTime(2026-01-13T11:00:31.645018Z) (epsilon=0 ms)
2026-01-13 16:30:31,827 [canton-env-ec-64] INFO  c.d.c.t.p.TopologyTransactionProcessor:domain=local/node=mediator/client=mediator tid:6e2541d847705ff23194fca47a08646f - Storing topology transaction 4/6 Add OwnerToKeyMapping(MED::local::1220e43d5d01..., SigningPublicKey(id = 12202894b251..., format = Tink, scheme = Ed25519)) with ts=EffectiveTime(2026-01-13T11:00:31.645018Z) (epsilon=0 ms)
2026-01-13 16:30:31,827 [canton-env-ec-64] INFO  c.d.c.t.p.TopologyTransactionProcessor:domain=local/node=mediator/client=mediator tid:6e2541d847705ff23194fca47a08646f - Storing topology transaction 5/6 Add MediatorDomainState(Both, local::1220e43d5d01..., MED::local::1220e43d5d01...) with ts=EffectiveTime(2026-01-13T11:00:31.645018Z) (epsilon=0 ms)
2026-01-13 16:30:31,828 [canton-env-ec-64] INFO  c.d.c.t.p.TopologyTransactionProcessor:domain=local/node=mediator/client=mediator tid:6e2541d847705ff23194fca47a08646f - Storing topology transaction 6/6 Add OwnerToKeyMapping(SEQ::local::1220e43d5d01..., SigningPublicKey(id = 1220839b3e90..., format = Tink, scheme = Ed25519)) with ts=EffectiveTime(2026-01-13T11:00:31.645018Z) (epsilon=0 ms)
2026-01-13 16:30:31,905 [canton-env-ec-21] INFO  c.d.c.p.a.LedgerApiService:participant=sandbox - Listening on 127.0.0.1:6865 over plain text with LedgerApiKeepAliveServerConfig(10m,20s,10s,true).
2026-01-13 16:30:31,905 [canton-env-ec-64] INFO  c.d.c.p.a.ApiServiceOwner$:participant=sandbox - Initialized API server version {component version not found on classpath} with ledger-id = sandbox, port = 6865.
2026-01-13 16:30:31,928 [canton-env-ec-29] INFO  c.d.c.p.a.s.ApiLedgerIdentityService:participant=sandbox tid:c53ed7e04ef9efb67c8f5f01006e4811 - Received request for ledger identity: GetLedgerIdentityRequest().
2026-01-13 16:30:32,727 [canton-env-ec-69] INFO  c.d.c.p.a.s.ApiPackageService:participant=sandbox tid:40e2fafaf825817ad6ef29a295fa731b - Received request for a package status: GetPackageStatusRequest(sandbox,86828b9843465f419db1ef8a8ee741d1eef645df02375ebf509cdc8c3ddd16cb), packageId -> '86828b9843465f419db1ef8a8ee741d1eef645df02375ebf509cdc8c3ddd16cb'.
2026-01-13 16:30:32,728 [canton-env-ec-28] INFO  c.d.c.p.a.s.ApiPackageService:participant=sandbox tid:b5e1c895aed61b7d0063653fdc60aa3c - Received request for a package status: GetPackageStatusRequest(sandbox,cc348d369011362a5190fe96dd1f0dfbc697fdfd10e382b9e9666f0da05961b7), packageId -> 'cc348d369011362a5190fe96dd1f0dfbc697fdfd10e382b9e9666f0da05961b7'.
2026-01-13 16:30:32,728 [canton-env-ec-21] INFO  c.d.c.p.a.s.ApiPackageService:participant=sandbox tid:431934b52e234cadd4ca2cf89269d9cf - Received request for a package status: GetPackageStatusRequest(sandbox,99a2705ed38c1c26cbb8fe7acf36bbf626668e167a33335de932599219e0a235), packageId -> '99a2705ed38c1c26cbb8fe7acf36bbf626668e167a33335de932599219e0a235'.
2026-01-13 16:30:32,727 [canton-env-ec-27] INFO  c.d.c.p.a.s.ApiPackageService:participant=sandbox tid:f6608df2b85e227eb6cc6c3a7567265b - Received request for a package status: GetPackageStatusRequest(sandbox,d58cf9939847921b2aab78eaa7b427dc4c649d25e6bee3c749ace4c3f52f5c97), packageId -> 'd58cf9939847921b2aab78eaa7b427dc4c649d25e6bee3c749ace4c3f52f5c97'.
2026-01-13 16:30:32,730 [canton-env-ec-22] INFO  c.d.c.p.a.s.ApiPackageService:participant=sandbox tid:152ca871f7fa81a078277c970c570f71 - Received request for a package status: GetPackageStatusRequest(sandbox,c058a0c9602a9c8d85066c27bf4d81c3d7da69c07a87270b1fcedfd284cea7ff), packageId -> 'c058a0c9602a9c8d85066c27bf4d81c3d7da69c07a87270b1fcedfd284cea7ff'.
2026-01-13 16:30:32,728 [canton-env-ec-71] INFO  c.d.c.p.a.s.ApiPackageService:participant=sandbox tid:2151e0756e55159375004d0b12ed4b8b - Received request for a package status: GetPackageStatusRequest(sandbox,8a7806365bbd98d88b4c13832ebfa305f6abaeaf32cfa2b7dd25c4fa489b79fb), packageId -> '8a7806365bbd98d88b4c13832ebfa305f6abaeaf32cfa2b7dd25c4fa489b79fb'.
2026-01-13 16:30:32,728 [canton-env-ec-68] INFO  c.d.c.p.a.s.ApiPackageService:participant=sandbox tid:e18766ab1603ebdd63d16bc85d58d961 - Received request for a package status: GetPackageStatusRequest(sandbox,c1f1f00558799eec139fb4f4c76f95fb52fa1837a5dd29600baa1c8ed1bdccfd), packageId -> 'c1f1f00558799eec139fb4f4c76f95fb52fa1837a5dd29600baa1c8ed1bdccfd'.
2026-01-13 16:30:32,733 [canton-env-ec-26] INFO  c.d.c.p.a.s.ApiPackageService:participant=sandbox tid:5a6e4b162964e79a3dd2816224ad44e2 - Received request for a package status: GetPackageStatusRequest(sandbox,5921708ce82f4255deb1b26d2c05358b548720938a5a325718dc69f381ba47ff), packageId -> '5921708ce82f4255deb1b26d2c05358b548720938a5a325718dc69f381ba47ff'.
2026-01-13 16:30:32,734 [canton-env-ec-26] INFO  c.d.c.p.a.s.ApiPackageService:participant=sandbox tid:e1e71425f65a1080f6cb29c69f96b1af - Received request for a package status: GetPackageStatusRequest(sandbox,f20de1e4e37b92280264c08bf15eca0be0bc5babd7a7b5e574997f154c00cb78), packageId -> 'f20de1e4e37b92280264c08bf15eca0be0bc5babd7a7b5e574997f154c00cb78'.
2026-01-13 16:30:32,736 [canton-env-ec-68] INFO  c.d.c.p.a.s.ApiPackageService:participant=sandbox tid:9d4631ffdb64f8314de94355ed0d1563 - Received request for a package status: GetPackageStatusRequest(sandbox,bfcd37bd6b84768e86e432f5f6c33e25d9e7724a9d42e33875ff74f6348e733f), packageId -> 'bfcd37bd6b84768e86e432f5f6c33e25d9e7724a9d42e33875ff74f6348e733f'.
2026-01-13 16:30:32,737 [canton-env-ec-68] INFO  c.d.c.p.a.s.ApiPackageService:participant=sandbox tid:0bcbde845cc508be7dc824ee5af7d365 - Received request for a package status: GetPackageStatusRequest(sandbox,6851f194e144b693e63e9034b956c76cef6b5088dd8c66a657ab652a204dba2b), packageId -> '6851f194e144b693e63e9034b956c76cef6b5088dd8c66a657ab652a204dba2b'.
2026-01-13 16:30:32,737 [canton-env-ec-71] INFO  c.d.c.p.a.s.ApiPackageService:participant=sandbox tid:c8651bb46bfc16a824c34334bacb2e2b - Received request for a package status: GetPackageStatusRequest(sandbox,6839a6d3d430c569b2425e9391717b44ca324b88ba621d597778811b2d05031d), packageId -> '6839a6d3d430c569b2425e9391717b44ca324b88ba621d597778811b2d05031d'.
2026-01-13 16:30:32,737 [canton-env-ec-20] INFO  c.d.c.p.a.s.ApiPackageService:participant=sandbox tid:be09c35e339f041215af895a2f375a13 - Received request for a package status: GetPackageStatusRequest(sandbox,8abf89c9b4a8d85b16ec66b58c6dc2eb41fb1eba02c36d67e21ca5a4dfa01552), packageId -> '8abf89c9b4a8d85b16ec66b58c6dc2eb41fb1eba02c36d67e21ca5a4dfa01552'.
2026-01-13 16:30:32,738 [canton-env-ec-22] INFO  c.d.c.p.a.s.ApiPackageService:participant=sandbox tid:66d44312ed7065d9b2abffd3be8e2b74 - Received request for a package status: GetPackageStatusRequest(sandbox,e22bce619ae24ca3b8e6519281cb5a33b64b3190cc763248b4c3f9ad5087a92c), packageId -> 'e22bce619ae24ca3b8e6519281cb5a33b64b3190cc763248b4c3f9ad5087a92c'.
2026-01-13 16:30:32,738 [canton-env-ec-75] INFO  c.d.c.p.a.s.ApiPackageService:participant=sandbox tid:05260d64886de8b1a98c421adca237ab - Received request for a package status: GetPackageStatusRequest(sandbox,20a8d69c867d7184fd98b7c87f2428aa2c02f6a8a0edc756aac59592a0b6dc3b), packageId -> '20a8d69c867d7184fd98b7c87f2428aa2c02f6a8a0edc756aac59592a0b6dc3b'.
2026-01-13 16:30:32,739 [canton-env-ec-71] INFO  c.d.c.p.a.s.ApiPackageService:participant=sandbox tid:9bc64a64788c62981ff70c90d8b96c85 - Received request for a package status: GetPackageStatusRequest(sandbox,76bf0fd12bd945762a01f8fc5bbcdfa4d0ff20f8762af490f8f41d6237c6524f), packageId -> '76bf0fd12bd945762a01f8fc5bbcdfa4d0ff20f8762af490f8f41d6237c6524f'.
2026-01-13 16:30:32,740 [canton-env-ec-68] INFO  c.d.c.p.a.s.ApiPackageService:participant=sandbox tid:4274d1db8c1701040d3ea1ea5424d48a - Received request for a package status: GetPackageStatusRequest(sandbox,cb0552debf219cc909f51cbb5c3b41e9981d39f8f645b1f35e2ef5be2e0b858a), packageId -> 'cb0552debf219cc909f51cbb5c3b41e9981d39f8f645b1f35e2ef5be2e0b858a'.
2026-01-13 16:30:32,740 [canton-env-ec-71] INFO  c.d.c.p.a.s.ApiPackageService:participant=sandbox tid:254affa305e273385bd1298eb462a418 - Received request for a package status: GetPackageStatusRequest(sandbox,38e6274601b21d7202bb995bc5ec147decda5a01b68d57dda422425038772af7), packageId -> '38e6274601b21d7202bb995bc5ec147decda5a01b68d57dda422425038772af7'.
2026-01-13 16:30:32,740 [canton-env-ec-71] INFO  c.d.c.p.a.s.ApiPackageService:participant=sandbox tid:8088e697312f767314c87828cfc4ded1 - Received request for a package status: GetPackageStatusRequest(sandbox,057eed1fd48c238491b8ea06b9b5bf85a5d4c9275dd3f6183e0e6b01730cc2ba), packageId -> '057eed1fd48c238491b8ea06b9b5bf85a5d4c9275dd3f6183e0e6b01730cc2ba'.
2026-01-13 16:30:32,736 [canton-env-ec-21] INFO  c.d.c.p.a.s.ApiPackageService:participant=sandbox tid:510de13a90bc4df2126a6fc401a48975 - Received request for a package status: GetPackageStatusRequest(sandbox,e4cc67c3264eba4a19c080cac5ab32d87551578e0f5f58b6a9460f91c7abc254), packageId -> 'e4cc67c3264eba4a19c080cac5ab32d87551578e0f5f58b6a9460f91c7abc254'.
2026-01-13 16:30:32,742 [canton-env-ec-71] INFO  c.d.c.p.a.s.ApiPackageService:participant=sandbox tid:38a93df835cac4c987f253f79babccee - Received request for a package status: GetPackageStatusRequest(sandbox,97b883cd8a2b7f49f90d5d39c981cf6e110cf1f1c64427a28a6d58ec88c43657), packageId -> '97b883cd8a2b7f49f90d5d39c981cf6e110cf1f1c64427a28a6d58ec88c43657'.
2026-01-13 16:30:32,744 [canton-env-ec-21] INFO  c.d.c.p.a.s.ApiPackageService:participant=sandbox tid:0921c83d1766a1bd9261ac0809fa6ad0 - Received request for a package status: GetPackageStatusRequest(sandbox,40f452260bef3f29dede136108fc08a88d5a5250310281067087da6f0baddff7), packageId -> '40f452260bef3f29dede136108fc08a88d5a5250310281067087da6f0baddff7'.
2026-01-13 16:30:32,740 [canton-env-ec-68] INFO  c.d.c.p.a.s.ApiPackageService:participant=sandbox tid:8a938f450832c705bb1636df1c1a9127 - Received request for a package status: GetPackageStatusRequest(sandbox,e491352788e56ca4603acc411ffe1a49fefd76ed8b163af86cf5ee5f4c38645b), packageId -> 'e491352788e56ca4603acc411ffe1a49fefd76ed8b163af86cf5ee5f4c38645b'.
2026-01-13 16:30:32,740 [canton-env-ec-20] INFO  c.d.c.p.a.s.ApiPackageService:participant=sandbox tid:4ab4738d8924c1fc42a73146ee3c3329 - Received request for a package status: GetPackageStatusRequest(sandbox,852d8e3a8ccf952acc73e17522846bc1eb41498e840d637e519ddcca7dbc7671), packageId -> '852d8e3a8ccf952acc73e17522846bc1eb41498e840d637e519ddcca7dbc7671'.
2026-01-13 16:30:32,748 [canton-env-ec-64] INFO  c.d.c.p.a.s.ApiPackageService:participant=sandbox tid:25382e063c4bd073ab3350857729ce20 - Received request for a package status: GetPackageStatusRequest(sandbox,6c2c0667393c5f92f1885163068cd31800d2264eb088eb6fc740e11241b2bf06), packageId -> '6c2c0667393c5f92f1885163068cd31800d2264eb088eb6fc740e11241b2bf06'.
2026-01-13 16:30:32,739 [canton-env-ec-22] INFO  c.d.c.p.a.s.ApiPackageService:participant=sandbox tid:e92a651a1b21a1a82079fcb3b55a37c6 - Received request for a package status: GetPackageStatusRequest(sandbox,10e0333b52bba1ff147fc408a6b7d68465b157635ee230493bd6029b750dcb05), packageId -> '10e0333b52bba1ff147fc408a6b7d68465b157635ee230493bd6029b750dcb05'.
2026-01-13 16:30:32,749 [canton-env-ec-75] INFO  c.d.c.p.a.s.ApiPackageService:participant=sandbox tid:7c8ef308f47a2af1fe4eb9f9ba8525d2 - Received request for a package status: GetPackageStatusRequest(sandbox,d14e08374fc7197d6a0de468c968ae8ba3aadbf9315476fd39071831f5923662), packageId -> 'd14e08374fc7197d6a0de468c968ae8ba3aadbf9315476fd39071831f5923662'.
2026-01-13 16:30:32,739 [canton-env-ec-26] INFO  c.d.c.p.a.s.ApiPackageService:participant=sandbox tid:a3e40a0291aa3ee86791c3785081a71a - Received request for a package status: GetPackageStatusRequest(sandbox,518032f41fd0175461b35ae0c9691e08b4aea55e62915f8360af2cc7a1f2ba6c), packageId -> '518032f41fd0175461b35ae0c9691e08b4aea55e62915f8360af2cc7a1f2ba6c'.
2026-01-13 16:30:32,744 [canton-env-ec-70] INFO  c.d.c.p.a.s.ApiPackageService:participant=sandbox tid:2e5a88b534420bb7b2815a3f30ae748b - Received request for a package status: GetPackageStatusRequest(sandbox,65921e553a353588e950cbc87e98a127730e63295f7ad8d3adae952ef0133b3e), packageId -> '65921e553a353588e950cbc87e98a127730e63295f7ad8d3adae952ef0133b3e'.
2026-01-13 16:30:32,756 [canton-env-ec-74] INFO  c.d.c.p.a.s.ApiPackageService:participant=sandbox tid:3a57e4aaec57560edba8f45270083ca5 - Received request for a package status: GetPackageStatusRequest(sandbox,57b5c520512c24035057aa4c783cb7ac7f3f49db29806280962e188be7aadb66), packageId -> '57b5c520512c24035057aa4c783cb7ac7f3f49db29806280962e188be7aadb66'.
2026-01-13 16:30:32,758 [canton-env-ec-29] INFO  c.d.c.p.a.s.ApiPackageService:participant=sandbox tid:7c8a64d1bd62bab0fbaf15c428208ba8 - Received request for a package status: GetPackageStatusRequest(sandbox,733e38d36a2759688a4b2c4cec69d48e7b55ecc8dedc8067b815926c917a182a), packageId -> '733e38d36a2759688a4b2c4cec69d48e7b55ecc8dedc8067b815926c917a182a'.
2026-01-13 16:30:32,751 [canton-env-ec-79] INFO  c.d.c.p.a.s.ApiPackageService:participant=sandbox tid:d3c5f22e8124ad0b5d487b8120c1ab6a - Received request for a package status: GetPackageStatusRequest(sandbox,3f4deaf145a15cdcfa762c058005e2edb9baa75bb7f95a4f8f6f937378e86415), packageId -> '3f4deaf145a15cdcfa762c058005e2edb9baa75bb7f95a4f8f6f937378e86415'.
2026-01-13 16:30:34,667 [input-mapping-pool-1] INFO  c.d.c.p.i.p.ParallelIndexerSubscription:participant=sandbox tid:2a934d9c0235d5fe2917c4985c0ed493 - Storing at offset=000000000000000002 PublicPackageUpload(
  recordTime = 2026-01-13T11:00:34.658854Z,
  archives = Seq(
    c058a0c9602a...,
    65921e553a35...,
    6851f194e144...,
    57b5c520512c...,
    cb0552debf21...,
    3f4deaf145a1...,
    86828b984346...,
    f20de1e4e37b...,
    76bf0fd12bd9...,
    38e6274601b2...,
    d58cf9939847...,
    40f452260bef...,
    e491352788e5...,
    6839a6d3d430...,
    518032f41fd0...,
    20a8d69c867d...,
    8abf89c9b4a8...,
    852d8e3a8ccf...,
    10e0333b52bb...,
    bfcd37bd6b84...,
    cc348d369011...,
    057eed1fd48c...,
    d14e08374fc7...,
    c1f1f0055879...,
    6c2c0667393c...,
    e22bce619ae2...,
    e4cc67c3264e...,
    8a7806365bbd...,
    97b883cd8a2b...,
    5921708ce82f...,
    733e38d36a27...,
    99a2705ed38c...
  ),
  sourceDescription = 'AdminWorkflowsWithVacuuming'
)
2026-01-13 16:30:35,320 [canton-env-ec-22] INFO  c.d.c.p.t.ParticipantTopologyManager:participant=sandbox tid:2a934d9c0235d5fe2917c4985c0ed493 - Applied topology transaction Add VettedPackages(
  participant = sandbox::1220a82f9051...,
  packages = Seq(
    c058a0c9602a...,
    65921e553a35...,
    6851f194e144...,
    57b5c520512c...,
    cb0552debf21...,
    3f4deaf145a1...,
    86828b984346...,
    f20de1e4e37b...,
    76bf0fd12bd9...,
    38e6274601b2...,
    d58cf9939847...,
    40f452260bef...,
    e491352788e5...,
    6839a6d3d430...,
    518032f41fd0...,
    20a8d69c867d...,
    8abf89c9b4a8...,
    852d8e3a8ccf...,
    10e0333b52bb...,
    bfcd37bd6b84...,
    cc348d369011...,
    057eed1fd48c...,
    d14e08374fc7...,
    c1f1f0055879...,
    6c2c0667393c...,
    e22bce619ae2...,
    e4cc67c3264e...,
    8a7806365bbd...,
    97b883cd8a2b...,
    5921708ce82f...,
    733e38d36a27...,
    99a2705ed38c...
  )
) at 2026-01-13T11:00:35.319763Z
2026-01-13 16:30:35,336 [canton-env-ec-71] INFO  c.d.c.p.a.s.ApiLedgerIdentityService:participant=sandbox tid:dc0fc8d783a046522d29173dc0d7b3d0 - Received request for ledger identity: GetLedgerIdentityRequest().
2026-01-13 16:30:35,356 [canton-env-ec-20] INFO  c.d.c.p.a.s.ApiPackageService:participant=sandbox tid:24c1f3c916a81b133569f8dc10111370 - Received request for a package status: GetPackageStatusRequest(sandbox,65921e553a353588e950cbc87e98a127730e63295f7ad8d3adae952ef0133b3e), packageId -> '65921e553a353588e950cbc87e98a127730e63295f7ad8d3adae952ef0133b3e'.
2026-01-13 16:30:35,439 [canton-env-ec-20] INFO  c.d.c.p.a.s.t.TransactionServiceImpl:participant=sandbox tid:bb431adbbd918277bfecd42ed1bf2892 - Received request for transactions, startExclusive -> '000000000000000002', endInclusive -> , filters -> {sandbox::1220a82f9051f4828b80d8cf6620fba66562303f110452605ba6bb45381683dc7d49: 'all-templates'}, verbose -> false, ledgerId -> 'sandbox'.
2026-01-13 16:30:35,505 [canton-env-ec-70] INFO  c.d.c.p.t.ParticipantTopologyManager:participant=sandbox tid:03e6219bfacf239e17c2e5a913a0149c - Applied topology transaction Add OwnerToKeyMapping(PAR::sandbox::1220a82f9051..., SigningPublicKey(id = 1220046e3cfa..., format = Tink, scheme = Ed25519)) at 2026-01-13T11:00:35.505708Z
2026-01-13 16:30:35,510 [canton-env-ec-70] INFO  c.d.c.p.t.ParticipantTopologyManager:participant=sandbox tid:03e6219bfacf239e17c2e5a913a0149c - Applied topology transaction Add OwnerToKeyMapping(PAR::sandbox::1220a82f9051..., EncryptionPublicKey(id = 12205ed28d46..., format = Tink, scheme = ECIES-P256_HMAC256_AES128-GCM)) at 2026-01-13T11:00:35.509760Z
2026-01-13 16:30:35,510 [canton-env-ec-70] INFO  c.d.c.p.ParticipantNodeBootstrap:participant=sandbox - Initializing node with id NodeId(sandbox::1220a82f9051...)
2026-01-13 16:30:35,513 [canton-env-ec-22] INFO  c.d.c.p.s.CantonSyncService:participant=sandbox tid:e0cc383e1142b4240a22a6082016d9d7 - Reconnecting to domains List(). Already connected: Set()
2026-01-13 16:30:35,514 [canton-env-ec-20] INFO  c.d.c.p.s.CantonSyncService:participant=sandbox tid:e0cc383e1142b4240a22a6082016d9d7 - Successfully re-connected to domains List()
2026-01-13 16:30:35,514 [main] INFO  c.d.c.e.CommunityEnvironment - Auto-connecting local participants List(sandbox) to local domains List(local)
2026-01-13 16:30:35,564 [canton-env-ec-70] INFO  c.d.c.c.d.g.SequencerInfoLoader:participant=sandbox - Version handshake with sequencer Sequencer 'DefaultSequencer' and domain using protocol version 7 succeeded.
2026-01-13 16:30:35,635 [canton-env-ec-22] INFO  c.d.c.p.t.ParticipantTopologyManager:participant=sandbox - Applied topology transaction Add ParticipantState(To, local::1220e43d5d01..., PAR::sandbox::1220a82f9051..., Submission, Ordinary) at 2026-01-13T11:00:35.635645Z
2026-01-13 16:30:35,671 [canton-env-ec-28] INFO  c.d.c.s.c.SequencerClientImpl:participant=sandbox/domainId=local::1220e43d5d01 - No event found up to 0001-01-01T00:00:00Z. Resubscribing from the beginning.
2026-01-13 16:30:35,671 [canton-env-ec-28] INFO  c.d.c.s.c.SequencerClientImpl:participant=sandbox/domainId=local::1220e43d5d01 - Processing events from the SequencedEventStore from 0001-01-01T00:00:00.000001Z on
2026-01-13 16:30:35,672 [canton-env-ec-20] INFO  c.d.c.s.c.SequencerClientImpl:participant=sandbox/domainId=local::1220e43d5d01 - Starting subscription for alias=SEQ::local::1220e43d5d01... at timestamp None; next counter 0
2026-01-13 16:30:35,672 [canton-env-ec-20] INFO  c.d.c.h.DelegatingMutableHealthComponent:participant=sandbox/domainId=local::1220e43d5d01 - 'sequencer-client' is now in state Ok(). Previous state was Not Initialized.
2026-01-13 16:30:35,676 [canton-env-ec-20] INFO  c.d.c.d.s.s.GrpcSequencerService:domain=local - UNM::cb9d0d45593a321f8f8d5c5dba7f6a1236e9c532::1220a82f9051... subscribes from counter=0
2026-01-13 16:30:35,696 [canton-env-ec-30] INFO  c.d.c.d.s.s.GrpcSequencerService:domain=local tid:d428be3090cdf2fe96853e8df92af48f - 'UNM::cb9d0d45593a321f8f8d5c5dba7f6a1236e9c532::1220a82f9051...' sends request with id 'faf7f7c9-82c3-46c7-97d2-feb19f65dc79' of size 1423 bytes with 1 envelopes.
2026-01-13 16:30:35,701 [canton-env-ec-28] INFO  c.d.c.d.s.s.SequencerReader$EventsReader:domain=local/subscriber=UNM::cb9d0d45593a321f8f8d5c5dba7f6a1236e9c532::1220a82f9051 tid:d428be3090cdf2fe96853e8df92af48f - Using approximate topology snapshot at 2026-01-13T11:00:31.645019Z for desired timestamp 2026-01-13T11:00:35.698446Z
2026-01-13 16:30:35,733 [canton-env-ec-28] INFO  c.d.c.d.t.DomainTopologyManager:domain=local tid:d428be3090cdf2fe96853e8df92af48f - Applied topology transaction Add NamespaceDelegation(1220a82f9051..., SigningPublicKey(id = 1220a82f9051..., format = Tink, scheme = Ed25519), true) at 2026-01-13T11:00:35.733015Z
2026-01-13 16:30:35,736 [canton-env-ec-78] INFO  c.d.c.d.t.DomainTopologyManager:domain=local tid:d428be3090cdf2fe96853e8df92af48f - Applied topology transaction Add OwnerToKeyMapping(PAR::sandbox::1220a82f9051..., SigningPublicKey(id = 1220046e3cfa..., format = Tink, scheme = Ed25519)) at 2026-01-13T11:00:35.735906Z
2026-01-13 16:30:35,737 [canton-env-ec-79] INFO  c.d.c.d.t.DomainTopologyManager:domain=local tid:d428be3090cdf2fe96853e8df92af48f - Applied topology transaction Add OwnerToKeyMapping(PAR::sandbox::1220a82f9051..., EncryptionPublicKey(id = 12205ed28d46..., format = Tink, scheme = ECIES-P256_HMAC256_AES128-GCM)) at 2026-01-13T11:00:35.737534Z
2026-01-13 16:30:35,742 [canton-env-ec-28] INFO  c.d.c.d.t.DomainTopologyManager:domain=local tid:d428be3090cdf2fe96853e8df92af48f - Setting participant PAR::sandbox::1220a82f9051... state to ParticipantAttributes(Submission,Ordinary)
2026-01-13 16:30:35,742 [canton-env-ec-28] INFO  c.d.c.d.t.DomainTopologyManager:domain=local tid:d428be3090cdf2fe96853e8df92af48f - Applied topology transaction Add ParticipantState(From, local::1220e43d5d01..., PAR::sandbox::1220a82f9051..., Submission, Ordinary) at 2026-01-13T11:00:35.742291Z
2026-01-13 16:30:35,744 [canton-env-ec-30] INFO  c.d.c.d.t.DomainTopologyManager:domain=local tid:d428be3090cdf2fe96853e8df92af48f - Applied topology transaction Add ParticipantState(To, local::1220e43d5d01..., PAR::sandbox::1220a82f9051..., Submission, Ordinary) at 2026-01-13T11:00:35.744488Z
2026-01-13 16:30:35,745 [canton-env-ec-79] INFO  c.d.c.d.t.RequestProcessingStrategy$Impl:domain=local tid:d428be3090cdf2fe96853e8df92af48f - Successfully onboarded PAR::sandbox::1220a82f9051...
2026-01-13 16:30:35,745 [canton-env-ec-70] INFO  c.d.c.d.s.s.GrpcSequencerService:domain=local tid:d428be3090cdf2fe96853e8df92af48f - 'DOM::local::1220e43d5d01...' sends request with id '9d7bf8a4-1cfd-4016-b7c6-494c40deaf9b' of size 921 bytes with 1 envelopes.
2026-01-13 16:30:35,748 [canton-env-ec-79] INFO  c.d.c.d.t.DomainTopologyManagerRequestService:domain=local tid:d428be3090cdf2fe96853e8df92af48f - Register topology request by UNM::cb9d0d45593a321f8f8d5c5dba7f6a1236e9c532::1220a82f9051... for PAR::sandbox::1220a82f9051... yielded
  Accepted -> Add NamespaceDelegation(1220a82f9051..., SigningPublicKey(id = 1220a82f9051..., format = Tink, scheme = Ed25519), true)
  Accepted -> Add OwnerToKeyMapping(PAR::sandbox::1220a82f9051..., SigningPublicKey(id = 1220046e3cfa..., format = Tink, scheme = Ed25519))
  Accepted -> Add OwnerToKeyMapping(PAR::sandbox::1220a82f9051..., EncryptionPublicKey(id = 12205ed28d46..., format = Tink, scheme = ECIES-P256_HMAC256_AES128-GCM))
  Accepted -> Add ParticipantState(To, local::1220e43d5d01..., PAR::sandbox::1220a82f9051..., Submission, Ordinary)
2026-01-13 16:30:35,758 [canton-env-ec-28] INFO  c.d.c.t.p.TopologyTransactionProcessor:domain=local/client=topology-manager tid:d428be3090cdf2fe96853e8df92af48f - Storing topology transaction 1/1 Add NamespaceDelegation(1220a82f9051..., SigningPublicKey(id = 1220a82f9051..., format = Tink, scheme = Ed25519), true) with ts=EffectiveTime(2026-01-13T11:00:35.997935Z) (epsilon=250 ms)
2026-01-13 16:30:35,759 [canton-env-ec-70] INFO  c.d.c.t.p.TopologyTransactionProcessor:domain=local/node=mediator/client=mediator tid:d428be3090cdf2fe96853e8df92af48f - Storing topology transaction 1/1 Add NamespaceDelegation(1220a82f9051..., SigningPublicKey(id = 1220a82f9051..., format = Tink, scheme = Ed25519), true) with ts=EffectiveTime(2026-01-13T11:00:35.997935Z) (epsilon=250 ms)
2026-01-13 16:30:35,764 [canton-env-ec-78] INFO  c.d.c.d.s.s.GrpcSequencerService:domain=local tid:d428be3090cdf2fe96853e8df92af48f - 'DOM::local::1220e43d5d01...' sends request with id 'e9b7d011-51f9-41cb-8323-b35d2a45a133' of size 1546 bytes with 1 envelopes.
2026-01-13 16:30:35,767 [canton-env-ec-71] INFO  c.d.c.d.s.s.GrpcSequencerService:domain=local tid:d428be3090cdf2fe96853e8df92af48f - 'DOM::local::1220e43d5d01...' sends request with id 'd83da1c4-aaa9-4435-b675-937acb4bfe7d' of size 549 bytes with 1 envelopes.
2026-01-13 16:30:35,781 [canton-env-ec-75] INFO  c.d.c.t.p.TopologyTransactionProcessor:domain=local/client=topology-manager tid:d428be3090cdf2fe96853e8df92af48f - Storing topology transaction 1/3 Add OwnerToKeyMapping(PAR::sandbox::1220a82f9051..., SigningPublicKey(id = 1220046e3cfa..., format = Tink, scheme = Ed25519)) with ts=EffectiveTime(2026-01-13T11:00:36.016855Z) (epsilon=250 ms)
2026-01-13 16:30:35,781 [canton-env-ec-75] INFO  c.d.c.t.p.TopologyTransactionProcessor:domain=local/client=topology-manager tid:d428be3090cdf2fe96853e8df92af48f - Storing topology transaction 2/3 Add OwnerToKeyMapping(PAR::sandbox::1220a82f9051..., EncryptionPublicKey(id = 12205ed28d46..., format = Tink, scheme = ECIES-P256_HMAC256_AES128-GCM)) with ts=EffectiveTime(2026-01-13T11:00:36.016855Z) (epsilon=250 ms)
2026-01-13 16:30:35,781 [canton-env-ec-75] INFO  c.d.c.t.p.TopologyTransactionProcessor:domain=local/client=topology-manager tid:d428be3090cdf2fe96853e8df92af48f - Storing topology transaction 3/3 Add ParticipantState(From, local::1220e43d5d01..., PAR::sandbox::1220a82f9051..., Submission, Ordinary) with ts=EffectiveTime(2026-01-13T11:00:36.016855Z) (epsilon=250 ms)
2026-01-13 16:30:35,784 [canton-env-ec-22] INFO  c.d.c.t.p.TopologyTransactionProcessor:domain=local/node=mediator/client=mediator tid:d428be3090cdf2fe96853e8df92af48f - Storing topology transaction 1/3 Add OwnerToKeyMapping(PAR::sandbox::1220a82f9051..., SigningPublicKey(id = 1220046e3cfa..., format = Tink, scheme = Ed25519)) with ts=EffectiveTime(2026-01-13T11:00:36.016855Z) (epsilon=250 ms)
2026-01-13 16:30:35,784 [canton-env-ec-22] INFO  c.d.c.t.p.TopologyTransactionProcessor:domain=local/node=mediator/client=mediator tid:d428be3090cdf2fe96853e8df92af48f - Storing topology transaction 2/3 Add OwnerToKeyMapping(PAR::sandbox::1220a82f9051..., EncryptionPublicKey(id = 12205ed28d46..., format = Tink, scheme = ECIES-P256_HMAC256_AES128-GCM)) with ts=EffectiveTime(2026-01-13T11:00:36.016855Z) (epsilon=250 ms)
2026-01-13 16:30:35,785 [canton-env-ec-22] INFO  c.d.c.t.p.TopologyTransactionProcessor:domain=local/node=mediator/client=mediator tid:d428be3090cdf2fe96853e8df92af48f - Storing topology transaction 3/3 Add ParticipantState(From, local::1220e43d5d01..., PAR::sandbox::1220a82f9051..., Submission, Ordinary) with ts=EffectiveTime(2026-01-13T11:00:36.016855Z) (epsilon=250 ms)
2026-01-13 16:30:35,789 [canton-env-ec-29] INFO  c.d.c.d.t.MemberTopologyCatchup:domain=local/identity tid:d428be3090cdf2fe96853e8df92af48f - Participant PAR::sandbox::1220a82f9051... is changing from None to Some(Submission), requires to catch up 10
2026-01-13 16:30:35,793 [canton-env-ec-68] INFO  c.d.c.s.c.ResilientSequencerSubscription:participant=sandbox/domainId=local::1220e43d5d01 - 'sequencer-client' is now in state Failed(Disconnected from domain). Previous state was Ok().
2026-01-13 16:30:35,793 [canton-env-ec-68] INFO  c.d.c.h.DelegatingMutableHealthComponent:participant=sandbox/domainId=local::1220e43d5d01 - 'sequencer-client' is now in state Failed(Disconnected from domain). Previous state was Ok().
2026-01-13 16:30:35,794 [canton-env-ec-27] INFO  c.d.c.s.c.t.GrpcSequencerSubscription:participant=sandbox/domainId=local::1220e43d5d01 - GRPC subscription successfully closed due to client shutdown.
2026-01-13 16:30:35,795 [canton-env-ec-22] INFO  c.d.c.n.g.ApiRequestLogger:domain=local tid:addef946767a4389cf20240c3a5b5dd0 - Request c.d.c.d.a.v.SequencerService/SubscribeUnauthenticatedVersioned by /127.0.0.1:57679: cancelled
2026-01-13 16:30:35,796 [canton-env-ec-27] INFO  c.d.c.d.s.s.GrpcSequencerService:domain=local tid:d428be3090cdf2fe96853e8df92af48f - 'DOM::local::1220e43d5d01...' sends request with id '98be5950-07d2-4fda-8f03-f38a675368bf' of size 2646 bytes with 1 envelopes.
2026-01-13 16:30:35,805 [canton-env-ec-27] INFO  c.d.c.c.d.g.GrpcSequencerConnectClient:participant=sandbox - The operation 'verify active' was not successful. New kind of error: no success error (request infinite retries). Retrying after 0.5s. Result: Right(false). 
2026-01-13 16:30:35,811 [canton-env-ec-28] INFO  c.d.c.d.s.s.GrpcSequencerService:domain=local tid:d428be3090cdf2fe96853e8df92af48f - 'DOM::local::1220e43d5d01...' sends request with id '59bb3e98-1344-4833-8492-3d628d48a1a6' of size 936 bytes with 1 envelopes.
2026-01-13 16:30:35,822 [canton-env-ec-27] INFO  c.d.c.t.p.TopologyTransactionProcessor:domain=local/node=mediator/client=mediator tid:d428be3090cdf2fe96853e8df92af48f - Storing topology transaction 1/1 Add ParticipantState(To, local::1220e43d5d01..., PAR::sandbox::1220a82f9051..., Submission, Ordinary) with ts=EffectiveTime(2026-01-13T11:00:36.063474Z) (epsilon=250 ms)
2026-01-13 16:30:35,823 [canton-env-ec-75] INFO  c.d.c.t.p.TopologyTransactionProcessor:domain=local/client=topology-manager tid:d428be3090cdf2fe96853e8df92af48f - Storing topology transaction 1/1 Add ParticipantState(To, local::1220e43d5d01..., PAR::sandbox::1220a82f9051..., Submission, Ordinary) with ts=EffectiveTime(2026-01-13T11:00:36.063474Z) (epsilon=250 ms)
2026-01-13 16:30:36,314 [canton-env-ec-22] INFO  c.d.c.c.d.g.GrpcSequencerConnectClient:participant=sandbox - Now retrying operation 'verify active'. 
2026-01-13 16:30:36,339 [canton-env-ec-22] INFO  c.d.c.p.s.SyncDomainEphemeralStateFactoryImpl:participant=sandbox - Computed starting points: ProcessingStartingPoints(
  clean replay = MessageCleanReplayStartingPoint(next request counter = 0, next sequencer counter = 0, prenext timestamp = 0001-01-01T00:00:00Z),
  processing = MessageProcessingStartingPoint(next request counter = 0, next sequencer counter = 0, prenext timestamp = 0001-01-01T00:00:00Z),
  rewound sequencer counter prehead = None()
)
2026-01-13 16:30:36,340 [canton-env-ec-22] INFO  c.d.c.s.m.InMemoryCursorPreheadStore:participant=sandbox/domain-alias=local - Rewinding prehead to None
2026-01-13 16:30:36,452 [canton-env-ec-75] INFO  c.d.c.p.p.AcsCommitmentProcessor:participant=sandbox/domainId=local::1220e43d5d01 - Will use parallelism 8 when computing ACS commitments
2026-01-13 16:30:36,454 [canton-env-ec-22] INFO  c.d.c.p.p.AcsCommitmentProcessor:participant=sandbox/domainId=local::1220e43d5d01 - Initialized from stored snapshot at RecordTime(timestamp = 0001-01-01T00:00:00Z, tieBreaker = -9223372036854775808) (might be incomplete)
2026-01-13 16:30:36,454 [canton-env-ec-27] INFO  c.d.c.p.p.AcsCommitmentProcessor:participant=sandbox/domainId=local::1220e43d5d01 - Initialized the ACS commitment processor queue
2026-01-13 16:30:36,459 [canton-env-ec-75] INFO  c.d.c.h.MutableHealthComponent:participant=sandbox - 'acs-commitment-processor' is now in state Ok(). Previous state was Not Initialized.
2026-01-13 16:30:36,459 [canton-env-ec-75] INFO  c.d.c.h.MutableHealthComponent:participant=sandbox - 'acs-commitment-processor' is now in state Ok(). Previous state was Not Initialized.
2026-01-13 16:30:36,459 [canton-env-ec-75] INFO  c.d.c.p.s.SyncDomain:participant=sandbox/domainId=local::1220e43d5d01 - 'sync-domain' is now in state Ok(). Previous state was Not Initialized.
2026-01-13 16:30:36,459 [canton-env-ec-75] INFO  c.d.c.h.MutableHealthComponent:participant=sandbox - 'sync-domain' is now in state Ok(). Previous state was Not Initialized.
2026-01-13 16:30:36,459 [canton-env-ec-75] INFO  c.d.c.h.MutableHealthComponent:participant=sandbox - 'sync-domain' is now in state Ok(). Previous state was Not Initialized.
2026-01-13 16:30:36,460 [canton-env-ec-75] INFO  c.d.c.p.s.CantonSyncService:participant=sandbox - Connected to domain and starting synchronisation: Domain 'local'
2026-01-13 16:30:36,469 [canton-env-ec-80] INFO  c.d.c.p.s.SyncDomain:participant=sandbox/domainId=local::1220e43d5d01 - Found 0 repair requests at request counters Seq()
2026-01-13 16:30:36,471 [canton-env-ec-22] INFO  c.d.c.s.c.SequencerClientImpl:participant=sandbox/domainId=local::1220e43d5d01 - No event found up to 0001-01-01T00:00:00Z. Resubscribing from the beginning.
2026-01-13 16:30:36,471 [canton-env-ec-22] INFO  c.d.c.s.c.SequencerClientImpl:participant=sandbox/domainId=local::1220e43d5d01 - Processing events from the SequencedEventStore from 0001-01-01T00:00:00.000001Z on
2026-01-13 16:30:36,472 [canton-env-ec-72] INFO  c.d.c.s.c.SequencerClientImpl:participant=sandbox/domainId=local::1220e43d5d01 - Starting subscription for alias=SEQ::local::1220e43d5d01... at timestamp None; next counter 0
2026-01-13 16:30:36,472 [canton-env-ec-72] INFO  c.d.c.h.DelegatingMutableHealthComponent:participant=sandbox/domainId=local::1220e43d5d01 - 'sequencer-client' is now in state Ok(). Previous state was Not Initialized.
2026-01-13 16:30:36,472 [canton-env-ec-72] INFO  c.d.c.h.MutableHealthComponent:participant=sandbox - 'sequencer-client' is now in state Ok(). Previous state was Not Initialized.
2026-01-13 16:30:36,472 [canton-env-ec-72] INFO  c.d.c.h.MutableHealthComponent:participant=sandbox - 'sequencer-client' is now in state Ok(). Previous state was Not Initialized.
2026-01-13 16:30:36,479 [canton-env-ec-72] INFO  c.d.c.d.s.a.MemberAuthenticationServiceOld:domain=local - PAR::sandbox::1220a82f9051... authenticated new token with expiry 2026-01-13T12:00:36.479777Z
2026-01-13 16:30:36,481 [canton-env-ec-27] INFO  c.d.c.d.s.s.GrpcSequencerService:domain=local - PAR::sandbox::1220a82f9051... subscribes from counter=0
2026-01-13 16:30:36,486 [canton-env-ec-75] INFO  c.d.c.s.c.SequencedEventValidatorImpl:participant=sandbox/domainId=local::1220e43d5d01 tid:d428be3090cdf2fe96853e8df92af48f - Skipping signature verification of the first sequenced event due to a fresh subscription from SEQ::local::1220e43d5d01...
2026-01-13 16:30:36,487 [canton-env-ec-22] INFO  c.d.c.p.s.SyncDomain:participant=sandbox/domainId=local::1220e43d5d01 tid:d428be3090cdf2fe96853e8df92af48f - Caught up with batch with counter=0 with sequencer with 688 ms delay
2026-01-13 16:30:36,488 [canton-env-ec-22] INFO  c.d.c.p.s.SyncDomain$EventProcessingMonitor:participant=sandbox/domainId=local::1220e43d5d01 tid:d428be3090cdf2fe96853e8df92af48f - Replaying requests 0 up to clean prehead -1
2026-01-13 16:30:36,488 [canton-env-ec-22] INFO  c.d.c.p.s.SyncDomain$EventProcessingMonitor:participant=sandbox/domainId=local::1220e43d5d01 tid:d428be3090cdf2fe96853e8df92af48f - Replaying or processing locally stored events with sequencer counters 0 to -1
2026-01-13 16:30:36,497 [canton-env-ec-75] INFO  c.d.c.p.p.DefaultMessageDispatcher:participant=sandbox/domainId=local::1220e43d5d01 tid:d428be3090cdf2fe96853e8df92af48f - Processing event at sc=0, ts=2026-01-13T11:00:35.799554Z, with contents=DomainTopologyTransactionMessage
2026-01-13 16:30:36,499 [canton-env-ec-22] INFO  c.d.c.t.p.DomainTopologyTransactionMessageValidator$Impl:participant=sandbox tid:d428be3090cdf2fe96853e8df92af48f - Using approximate topology snapshot at 0001-01-01T00:00:00.000001Z for desired timestamp 2026-01-13T11:00:35.799554Z
2026-01-13 16:30:36,505 [canton-env-ec-30] INFO  c.d.c.t.p.TopologyTransactionProcessor:participant=sandbox tid:d428be3090cdf2fe96853e8df92af48f - Updated topology change delay from=0s to 0.25s
2026-01-13 16:30:36,506 [canton-env-ec-72] INFO  c.d.c.t.p.TopologyTransactionProcessor:participant=sandbox tid:d428be3090cdf2fe96853e8df92af48f - Storing topology transaction 1/10 Add NamespaceDelegation(1220e43d5d01..., SigningPublicKey(id = 1220e43d5d01..., format = Tink, scheme = Ed25519), true) with ts=EffectiveTime(2026-01-13T11:00:35.799554Z) (epsilon=0 ms)
2026-01-13 16:30:36,506 [canton-env-ec-72] INFO  c.d.c.t.p.TopologyTransactionProcessor:participant=sandbox tid:d428be3090cdf2fe96853e8df92af48f - Storing topology transaction 2/10 Add OwnerToKeyMapping(DOM::local::1220e43d5d01..., SigningPublicKey(id = 1220da6d9a3e..., format = Tink, scheme = Ed25519)) with ts=EffectiveTime(2026-01-13T11:00:35.799554Z) (epsilon=0 ms)
2026-01-13 16:30:36,506 [canton-env-ec-72] INFO  c.d.c.t.p.TopologyTransactionProcessor:participant=sandbox tid:d428be3090cdf2fe96853e8df92af48f - Storing topology transaction 3/10 Add OwnerToKeyMapping(MED::local::1220e43d5d01..., SigningPublicKey(id = 12202894b251..., format = Tink, scheme = Ed25519)) with ts=EffectiveTime(2026-01-13T11:00:35.799554Z) (epsilon=0 ms)
2026-01-13 16:30:36,506 [canton-env-ec-72] INFO  c.d.c.t.p.TopologyTransactionProcessor:participant=sandbox tid:d428be3090cdf2fe96853e8df92af48f - Storing topology transaction 4/10 Add OwnerToKeyMapping(SEQ::local::1220e43d5d01..., SigningPublicKey(id = 1220839b3e90..., format = Tink, scheme = Ed25519)) with ts=EffectiveTime(2026-01-13T11:00:35.799554Z) (epsilon=0 ms)
2026-01-13 16:30:36,506 [canton-env-ec-72] INFO  c.d.c.t.p.TopologyTransactionProcessor:participant=sandbox tid:d428be3090cdf2fe96853e8df92af48f - Storing topology transaction 5/10 Add NamespaceDelegation(1220a82f9051..., SigningPublicKey(id = 1220a82f9051..., format = Tink, scheme = Ed25519), true) with ts=EffectiveTime(2026-01-13T11:00:35.799554Z) (epsilon=0 ms)
2026-01-13 16:30:36,506 [canton-env-ec-72] INFO  c.d.c.t.p.TopologyTransactionProcessor:participant=sandbox tid:d428be3090cdf2fe96853e8df92af48f - Storing topology transaction 6/10 Add ParticipantState(From, local::1220e43d5d01..., PAR::sandbox::1220a82f9051..., Submission, Ordinary) with ts=EffectiveTime(2026-01-13T11:00:35.799554Z) (epsilon=0 ms)
2026-01-13 16:30:36,507 [canton-env-ec-72] INFO  c.d.c.t.p.TopologyTransactionProcessor:participant=sandbox tid:d428be3090cdf2fe96853e8df92af48f - Storing topology transaction 7/10 Add MediatorDomainState(Both, local::1220e43d5d01..., MED::local::1220e43d5d01...) with ts=EffectiveTime(2026-01-13T11:00:35.799554Z) (epsilon=0 ms)
2026-01-13 16:30:36,507 [canton-env-ec-72] INFO  c.d.c.t.p.TopologyTransactionProcessor:participant=sandbox tid:d428be3090cdf2fe96853e8df92af48f - Storing topology transaction 8/10 Add OwnerToKeyMapping(PAR::sandbox::1220a82f9051..., SigningPublicKey(id = 1220046e3cfa..., format = Tink, scheme = Ed25519)) with ts=EffectiveTime(2026-01-13T11:00:35.799554Z) (epsilon=0 ms)
2026-01-13 16:30:36,507 [canton-env-ec-72] INFO  c.d.c.t.p.TopologyTransactionProcessor:participant=sandbox tid:d428be3090cdf2fe96853e8df92af48f - Storing topology transaction 9/10 Add OwnerToKeyMapping(PAR::sandbox::1220a82f9051..., EncryptionPublicKey(id = 12205ed28d46..., format = Tink, scheme = ECIES-P256_HMAC256_AES128-GCM)) with ts=EffectiveTime(2026-01-13T11:00:35.799554Z) (epsilon=0 ms)
2026-01-13 16:30:36,508 [canton-env-ec-72] INFO  c.d.c.t.p.TopologyTransactionProcessor:participant=sandbox tid:d428be3090cdf2fe96853e8df92af48f - Storing topology transaction 10/10 Replace DomainParametersChange(
  local::1220e43d5d01...,
  DynamicDomainParameters(
    participant response timeout = 30s,
    mediator reaction timeout = 30s,
    transfer exclusivity timeout = 1m,
    topology change delay = 0.25s,
    ledger time record time tolerance = 1m,
    mediator deduplication timeout = 2m,
    reconciliation interval = 1m,
    max rate per participant = 1000000,
    max request size = 10485760,
    catchup config = CatchUpConfig(catchUpIntervalSkip = 5, nrIntervalsToTriggerCatchUp = 2)
  )
) with ts=EffectiveTime(2026-01-13T11:00:35.799554Z) (epsilon=0 ms)
2026-01-13 16:30:36,513 [canton-env-ec-68] INFO  c.d.c.p.t.c.MissingKeysAlerter:participant=sandbox tid:d428be3090cdf2fe96853e8df92af48f - Domain local::1220e43d5d01... update my participant permission as of 2026-01-13T11:00:35.799554Z to Submission, Ordinary
2026-01-13 16:30:36,522 [input-mapping-pool-2] INFO  c.d.c.p.i.p.ParallelIndexerSubscription:participant=sandbox tid:d428be3090cdf2fe96853e8df92af48f - Storing at offset=000000000000000003 PartyAddedToParticipant(recordTime = 2026-01-13T11:00:36.516474Z, party = sandbox::1220a82f9051..., displayName = '', participantId = sandbox::1220a82f9051..., ...)
2026-01-13 16:30:36,552 [canton-env-ec-30] INFO  c.d.c.p.p.DefaultMessageDispatcher:participant=sandbox/domainId=local::1220e43d5d01 tid:d428be3090cdf2fe96853e8df92af48f - Processing event at sc=1, ts=2026-01-13T11:00:35.813474Z, with contents=DomainTopologyTransactionMessage
2026-01-13 16:30:36,555 [canton-env-ec-73] INFO  c.d.c.t.p.TopologyTransactionProcessor:participant=sandbox tid:d428be3090cdf2fe96853e8df92af48f - Storing topology transaction 1/1 Add ParticipantState(To, local::1220e43d5d01..., PAR::sandbox::1220a82f9051..., Submission, Ordinary) with ts=EffectiveTime(2026-01-13T11:00:36.063474Z) (epsilon=250 ms)
2026-01-13 16:30:36,830 [canton-env-ec-73] INFO  c.d.c.d.s.s.GrpcSequencerService:domain=local tid:eb37c526a740a3ec531571f3a02ce620 - 'PAR::sandbox::1220a82f9051...' sends request with id 'b3a79f53-983b-4eb3-b179-9061c499543a' of size 2082 bytes with 1 envelopes.
2026-01-13 16:30:36,857 [canton-env-ec-30] INFO  c.d.c.p.p.DefaultMessageDispatcher:participant=sandbox/domainId=local::1220e43d5d01 tid:eb37c526a740a3ec531571f3a02ce620 - Processing event at sc=2, ts=2026-01-13T11:00:36.848471Z, messageId=b3a79f53-983b-4eb3-b179-9061c499543a, with contents=Seq()
2026-01-13 16:30:36,861 [canton-env-ec-72] INFO  c.d.c.d.t.DomainTopologyManager:domain=local tid:eb37c526a740a3ec531571f3a02ce620 - Applied topology transaction Add VettedPackages(
  participant = sandbox::1220a82f9051...,
  packages = Seq(
    c058a0c9602a...,
    65921e553a35...,
    6851f194e144...,
    57b5c520512c...,
    cb0552debf21...,
    3f4deaf145a1...,
    86828b984346...,
    f20de1e4e37b...,
    76bf0fd12bd9...,
    38e6274601b2...,
    d58cf9939847...,
    40f452260bef...,
    e491352788e5...,
    6839a6d3d430...,
    518032f41fd0...,
    20a8d69c867d...,
    8abf89c9b4a8...,
    852d8e3a8ccf...,
    10e0333b52bb...,
    bfcd37bd6b84...,
    cc348d369011...,
    057eed1fd48c...,
    d14e08374fc7...,
    c1f1f0055879...,
    6c2c0667393c...,
    e22bce619ae2...,
    e4cc67c3264e...,
    8a7806365bbd...,
    97b883cd8a2b...,
    5921708ce82f...,
    733e38d36a27...,
    99a2705ed38c...
  )
) at 2026-01-13T11:00:36.861106Z
2026-01-13 16:30:36,864 [canton-env-ec-73] INFO  c.d.c.d.t.DomainTopologyManagerRequestService:domain=local tid:eb37c526a740a3ec531571f3a02ce620 - Register topology request by PAR::sandbox::1220a82f9051... for PAR::sandbox::1220a82f9051... yielded
  Accepted -> Add VettedPackages(
  participant = sandbox::1220a82f9051...,
  packages = Seq(
    c058a0c9602a...,
    65921e553a35...,
    6851f194e144...,
    57b5c520512c...,
    cb0552debf21...,
    3f4deaf145a1...,
    86828b984346...,
    f20de1e4e37b...,
    76bf0fd12bd9...,
    38e6274601b2...,
    d58cf9939847...,
    40f452260bef...,
    e491352788e5...,
    6839a6d3d430...,
    518032f41fd0...,
    20a8d69c867d...,
    8abf89c9b4a8...,
    852d8e3a8ccf...,
    10e0333b52bb...,
    bfcd37bd6b84...,
    cc348d369011...,
    057eed1fd48c...,
    d14e08374fc7...,
    c1f1f0055879...,
    6c2c0667393c...,
    e22bce619ae2...,
    e4cc67c3264e...,
    8a7806365bbd...,
    97b883cd8a2b...,
    5921708ce82f...,
    733e38d36a27...,
    99a2705ed38c...
  )
)
2026-01-13 16:30:36,873 [canton-env-ec-20] INFO  c.d.c.d.s.s.GrpcSequencerService:domain=local tid:eb37c526a740a3ec531571f3a02ce620 - 'DOM::local::1220e43d5d01...' sends request with id 'f1dcb386-5921-4ae2-b13b-68e06d66023d' of size 2222 bytes with 1 envelopes.
2026-01-13 16:30:36,873 [canton-env-ec-78] INFO  c.d.c.d.s.s.GrpcSequencerService:domain=local tid:eb37c526a740a3ec531571f3a02ce620 - 'DOM::local::1220e43d5d01...' sends request with id '7b2b45e0-ea87-443d-9e97-d86ded062e12' of size 522 bytes with 1 envelopes.
2026-01-13 16:30:36,884 [canton-env-ec-27] INFO  c.d.c.p.p.DefaultMessageDispatcher:participant=sandbox/domainId=local::1220e43d5d01 tid:eb37c526a740a3ec531571f3a02ce620 - Processing event at sc=3, ts=2026-01-13T11:00:36.876890Z, with contents=RegisterTopologyTransactionResponse
2026-01-13 16:30:36,888 [canton-env-ec-27] INFO  c.d.c.p.s.SyncDomainEphemeralState:participant=sandbox/domain-alias=local - 'sync-domain-ephemeral' is now in state Ok(). Previous state was Not Initialized.
2026-01-13 16:30:36,888 [canton-env-ec-27] INFO  c.d.c.h.MutableHealthComponent:participant=sandbox - 'sync-domain-ephemeral' is now in state Ok(). Previous state was Not Initialized.
2026-01-13 16:30:36,889 [canton-env-ec-27] INFO  c.d.c.h.MutableHealthComponent:participant=sandbox - 'sync-domain-ephemeral' is now in state Ok(). Previous state was Not Initialized.
2026-01-13 16:30:36,890 [canton-env-ec-71] INFO  c.d.c.p.p.DefaultMessageDispatcher:participant=sandbox/domainId=local::1220e43d5d01 tid:eb37c526a740a3ec531571f3a02ce620 - Processing event at sc=4, ts=2026-01-13T11:00:36.877044Z, with contents=DomainTopologyTransactionMessage
2026-01-13 16:30:36,891 [canton-env-ec-74] INFO  c.d.c.t.p.TopologyTransactionProcessor:domain=local/node=mediator/client=mediator tid:eb37c526a740a3ec531571f3a02ce620 - Storing topology transaction 1/1 Add VettedPackages(
  participant = sandbox::1220a82f9051...,
  packages = Seq(
    c058a0c9602a...,
    65921e553a35...,
    6851f194e144...,
    57b5c520512c...,
    cb0552debf21...,
    3f4deaf145a1...,
    86828b984346...,
    f20de1e4e37b...,
    76bf0fd12bd9...,
    38e6274601b2...,
    d58cf9939847...,
    40f452260bef...,
    e491352788e5...,
    6839a6d3d430...,
    518032f41fd0...,
    20a8d69c867d...,
    8abf89c9b4a8...,
    852d8e3a8ccf...,
    10e0333b52bb...,
    bfcd37bd6b84...,
    cc348d369011...,
    057eed1fd48c...,
    d14e08374fc7...,
    c1f1f0055879...,
    6c2c0667393c...,
    e22bce619ae2...,
    e4cc67c3264e...,
    8a7806365bbd...,
    97b883cd8a2b...,
    5921708ce82f...,
    733e38d36a27...,
    99a2705ed38c...
  )
) with ts=EffectiveTime(2026-01-13T11:00:37.127044Z) (epsilon=250 ms)
2026-01-13 16:30:36,893 [canton-env-ec-80] INFO  c.d.c.t.p.TopologyTransactionProcessor:participant=sandbox tid:eb37c526a740a3ec531571f3a02ce620 - Storing topology transaction 1/1 Add VettedPackages(
  participant = sandbox::1220a82f9051...,
  packages = Seq(
    c058a0c9602a...,
    65921e553a35...,
    6851f194e144...,
    57b5c520512c...,
    cb0552debf21...,
    3f4deaf145a1...,
    86828b984346...,
    f20de1e4e37b...,
    76bf0fd12bd9...,
    38e6274601b2...,
    d58cf9939847...,
    40f452260bef...,
    e491352788e5...,
    6839a6d3d430...,
    518032f41fd0...,
    20a8d69c867d...,
    8abf89c9b4a8...,
    852d8e3a8ccf...,
    10e0333b52bb...,
    bfcd37bd6b84...,
    cc348d369011...,
    057eed1fd48c...,
    d14e08374fc7...,
    c1f1f0055879...,
    6c2c0667393c...,
    e22bce619ae2...,
    e4cc67c3264e...,
    8a7806365bbd...,
    97b883cd8a2b...,
    5921708ce82f...,
    733e38d36a27...,
    99a2705ed38c...
  )
) with ts=EffectiveTime(2026-01-13T11:00:37.127044Z) (epsilon=250 ms)
2026-01-13 16:30:36,894 [canton-env-ec-29] INFO  c.d.c.t.p.TopologyTransactionProcessor:domain=local/client=topology-manager tid:eb37c526a740a3ec531571f3a02ce620 - Storing topology transaction 1/1 Add VettedPackages(
  participant = sandbox::1220a82f9051...,
  packages = Seq(
    c058a0c9602a...,
    65921e553a35...,
    6851f194e144...,
    57b5c520512c...,
    cb0552debf21...,
    3f4deaf145a1...,
    86828b984346...,
    f20de1e4e37b...,
    76bf0fd12bd9...,
    38e6274601b2...,
    d58cf9939847...,
    40f452260bef...,
    e491352788e5...,
    6839a6d3d430...,
    518032f41fd0...,
    20a8d69c867d...,
    8abf89c9b4a8...,
    852d8e3a8ccf...,
    10e0333b52bb...,
    bfcd37bd6b84...,
    cc348d369011...,
    057eed1fd48c...,
    d14e08374fc7...,
    c1f1f0055879...,
    6c2c0667393c...,
    e22bce619ae2...,
    e4cc67c3264e...,
    8a7806365bbd...,
    97b883cd8a2b...,
    5921708ce82f...,
    733e38d36a27...,
    99a2705ed38c...
  )
) with ts=EffectiveTime(2026-01-13T11:00:37.127044Z) (epsilon=250 ms)
2026-01-13 16:30:36,906 [canton-env-ec-27] INFO  c.d.c.p.a.s.ApiActiveContractsService:participant=sandbox tid:28885acaf5300af5520eb7ea012e1020 - Received request for active contracts: GetActiveContractsRequest(sandbox,Some(TransactionFilter(Map(sandbox::1220a82f9051f4828b80d8cf6620fba66562303f110452605ba6bb45381683dc7d49 -> Filters(Some(InclusiveFilters(Vector(Identifier(65921e553a353588e950cbc87e98a127730e63295f7ad8d3adae952ef0133b3e,PingPong,PingProposal), Identifier(65921e553a353588e950cbc87e98a127730e63295f7ad8d3adae952ef0133b3e,PingPong,Ping), Identifier(65921e553a353588e950cbc87e98a127730e63295f7ad8d3adae952ef0133b3e,PingPong,Pong), Identifier(65921e553a353588e950cbc87e98a127730e63295f7ad8d3adae952ef0133b3e,PingPong,Explode), Identifier(65921e553a353588e950cbc87e98a127730e63295f7ad8d3adae952ef0133b3e,PingPong,Merge), Identifier(65921e553a353588e950cbc87e98a127730e63295f7ad8d3adae952ef0133b3e,PingPong,Collapse)),Vector(),Vector())))))),false,), filters -> {sandbox::1220a82f9051f4828b80d8cf6620fba66562303f110452605ba6bb45381683dc7d49: ['65921e553a353588e950cbc87e98a127730e63295f7ad8d3adae952ef0133b3e:PingPong:Pong', '65921e553a353588e950cbc87e98a127730e63295f7ad8d3adae952ef0133b3e:PingPong:Collapse', '65921e553a353588e950cbc87e98a127730e63295f7ad8d3adae952ef0133b3e:PingPong:PingProposal', '65921e553a353588e950cbc87e98a127730e63295f7ad8d3adae952ef0133b3e:PingPong:Explode', '65921e553a353588e950cbc87e98a127730e63295f7ad8d3adae952ef0133b3e:PingPong:Merge', '65921e553a353588e950cbc87e98a127730e63295f7ad8d3adae952ef0133b3e:PingPong:Ping']}.
2026-01-13 16:30:36,921 [main] INFO  c.d.c.e.CommunityEnvironment tid:e0cc383e1142b4240a22a6082016d9d7 - Successfully started all nodes
2026-01-13 16:30:36,921 [main] INFO  c.digitalasset.canton.ServerRunner - Canton started
2026-01-13 16:30:37,045 [canton-env-ec-84] INFO  c.d.c.p.a.s.a.ApiPackageManagementService:participant=sandbox tid:ab42249171337ba34d561c2b66b98d0d - Uploading DAR file, submissionId -> 'b0da6bed-fafd-42b2-94aa-8639c6ca7a27'.
2026-01-13 16:30:37,397 [canton-env-ec-27] INFO  c.d.c.d.s.s.GrpcSequencerService:domain=local tid:eb37c526a740a3ec531571f3a02ce620 - 'PAR::sandbox::1220a82f9051...' sends request with id 'tick-1ac45c22-ed34-4e30-b99d-569d87b7443c' of size 337 bytes with 0 envelopes.
2026-01-13 16:30:37,423 [input-mapping-pool-3] INFO  c.d.c.p.i.p.ParallelIndexerSubscription:participant=sandbox tid:ab42249171337ba34d561c2b66b98d0d - Storing at offset=000000000000000004 PublicPackageUpload(
  recordTime = 2026-01-13T11:00:37.421639Z,
  archives = Seq(
    3871bbf7cc50...,
    315cb5676675...,
    cb0552debf21...,
    3f4deaf145a1...,
    86828b984346...,
    f20de1e4e37b...,
    76bf0fd12bd9...,
    38e6274601b2...,
    d58cf9939847...,
    40f452260bef...,
    e491352788e5...,
    6839a6d3d430...,
    518032f41fd0...,
    0f062c5863c7...,
    a80dd2c5dafc...,
    10e0333b52bb...,
    bfcd37bd6b84...,
    cc348d369011...,
    057eed1fd48c...,
    6df2d1fd8ea9...,
    d14e08374fc7...,
    c1f1f0055879...,
    6c2c0667393c...,
    e22bce619ae2...,
    e4cc67c3264e...,
    8a7806365bbd...,
    97b883cd8a2b...,
    5921708ce82f...,
    733e38d36a27...,
    99a2705ed38c...
  ),
  sourceDescription = ''
)
2026-01-13 16:30:37,586 [canton-env-ec-84] INFO  c.d.c.p.t.ParticipantTopologyManager:participant=sandbox tid:ab42249171337ba34d561c2b66b98d0d - Applied topology transaction Add VettedPackages(
  participant = sandbox::1220a82f9051...,
  packages = Seq(
    3871bbf7cc50...,
    315cb5676675...,
    cb0552debf21...,
    3f4deaf145a1...,
    86828b984346...,
    f20de1e4e37b...,
    76bf0fd12bd9...,
    38e6274601b2...,
    d58cf9939847...,
    40f452260bef...,
    e491352788e5...,
    6839a6d3d430...,
    518032f41fd0...,
    0f062c5863c7...,
    a80dd2c5dafc...,
    10e0333b52bb...,
    bfcd37bd6b84...,
    cc348d369011...,
    057eed1fd48c...,
    6df2d1fd8ea9...,
    d14e08374fc7...,
    c1f1f0055879...,
    6c2c0667393c...,
    e22bce619ae2...,
    e4cc67c3264e...,
    8a7806365bbd...,
    97b883cd8a2b...,
    5921708ce82f...,
    733e38d36a27...,
    99a2705ed38c...
  )
) at 2026-01-13T11:00:37.586361Z
2026-01-13 16:30:37,592 [canton-env-ec-80] INFO  c.d.c.d.s.s.GrpcSequencerService:domain=local tid:59bf334d966cc0059e542e39ef9036ea - 'PAR::sandbox::1220a82f9051...' sends request with id '2faff8dd-ec03-4bd4-be45-a0691bf20bbb' of size 2011 bytes with 1 envelopes.
2026-01-13 16:30:37,599 [canton-env-ec-81] INFO  c.d.c.p.p.DefaultMessageDispatcher:participant=sandbox/domainId=local::1220e43d5d01 tid:59bf334d966cc0059e542e39ef9036ea - Processing event at sc=6, ts=2026-01-13T11:00:37.593606Z, messageId=2faff8dd-ec03-4bd4-be45-a0691bf20bbb, with contents=Seq()
2026-01-13 16:30:37,601 [canton-env-ec-22] INFO  c.d.c.d.t.DomainTopologyManager:domain=local tid:59bf334d966cc0059e542e39ef9036ea - Applied topology transaction Add VettedPackages(
  participant = sandbox::1220a82f9051...,
  packages = Seq(
    3871bbf7cc50...,
    315cb5676675...,
    cb0552debf21...,
    3f4deaf145a1...,
    86828b984346...,
    f20de1e4e37b...,
    76bf0fd12bd9...,
    38e6274601b2...,
    d58cf9939847...,
    40f452260bef...,
    e491352788e5...,
    6839a6d3d430...,
    518032f41fd0...,
    0f062c5863c7...,
    a80dd2c5dafc...,
    10e0333b52bb...,
    bfcd37bd6b84...,
    cc348d369011...,
    057eed1fd48c...,
    6df2d1fd8ea9...,
    d14e08374fc7...,
    c1f1f0055879...,
    6c2c0667393c...,
    e22bce619ae2...,
    e4cc67c3264e...,
    8a7806365bbd...,
    97b883cd8a2b...,
    5921708ce82f...,
    733e38d36a27...,
    99a2705ed38c...
  )
) at 2026-01-13T11:00:37.601127Z
2026-01-13 16:30:37,601 [canton-env-ec-80] INFO  c.d.c.d.t.DomainTopologyManagerRequestService:domain=local tid:59bf334d966cc0059e542e39ef9036ea - Register topology request by PAR::sandbox::1220a82f9051... for PAR::sandbox::1220a82f9051... yielded
  Accepted -> Add VettedPackages(
  participant = sandbox::1220a82f9051...,
  packages = Seq(
    3871bbf7cc50...,
    315cb5676675...,
    cb0552debf21...,
    3f4deaf145a1...,
    86828b984346...,
    f20de1e4e37b...,
    76bf0fd12bd9...,
    38e6274601b2...,
    d58cf9939847...,
    40f452260bef...,
    e491352788e5...,
    6839a6d3d430...,
    518032f41fd0...,
    0f062c5863c7...,
    a80dd2c5dafc...,
    10e0333b52bb...,
    bfcd37bd6b84...,
    cc348d369011...,
    057eed1fd48c...,
    6df2d1fd8ea9...,
    d14e08374fc7...,
    c1f1f0055879...,
    6c2c0667393c...,
    e22bce619ae2...,
    e4cc67c3264e...,
    8a7806365bbd...,
    97b883cd8a2b...,
    5921708ce82f...,
    733e38d36a27...,
    99a2705ed38c...
  )
)
2026-01-13 16:30:37,605 [canton-env-ec-22] INFO  c.d.c.d.s.s.GrpcSequencerService:domain=local tid:59bf334d966cc0059e542e39ef9036ea - 'DOM::local::1220e43d5d01...' sends request with id '55397da8-4fb5-46d1-a8c7-63062607230e' of size 522 bytes with 1 envelopes.
2026-01-13 16:30:37,605 [canton-env-ec-71] INFO  c.d.c.d.s.s.GrpcSequencerService:domain=local tid:59bf334d966cc0059e542e39ef9036ea - 'DOM::local::1220e43d5d01...' sends request with id '27c5fb0c-298a-46f8-a5aa-8e5ab884ff2b' of size 2144 bytes with 1 envelopes.
2026-01-13 16:30:37,614 [canton-env-ec-20] INFO  c.d.c.p.p.DefaultMessageDispatcher:participant=sandbox/domainId=local::1220e43d5d01 tid:59bf334d966cc0059e542e39ef9036ea - Processing event at sc=7, ts=2026-01-13T11:00:37.606675Z, with contents=RegisterTopologyTransactionResponse
2026-01-13 16:30:37,615 [canton-env-ec-71] INFO  c.d.c.p.p.DefaultMessageDispatcher:participant=sandbox/domainId=local::1220e43d5d01 tid:59bf334d966cc0059e542e39ef9036ea - Processing event at sc=8, ts=2026-01-13T11:00:37.607903Z, with contents=DomainTopologyTransactionMessage
2026-01-13 16:30:37,616 [canton-env-ec-68] INFO  c.d.c.t.p.TopologyTransactionProcessor:domain=local/node=mediator/client=mediator tid:59bf334d966cc0059e542e39ef9036ea - Storing topology transaction 1/1 Add VettedPackages(
  participant = sandbox::1220a82f9051...,
  packages = Seq(
    3871bbf7cc50...,
    315cb5676675...,
    cb0552debf21...,
    3f4deaf145a1...,
    86828b984346...,
    f20de1e4e37b...,
    76bf0fd12bd9...,
    38e6274601b2...,
    d58cf9939847...,
    40f452260bef...,
    e491352788e5...,
    6839a6d3d430...,
    518032f41fd0...,
    0f062c5863c7...,
    a80dd2c5dafc...,
    10e0333b52bb...,
    bfcd37bd6b84...,
    cc348d369011...,
    057eed1fd48c...,
    6df2d1fd8ea9...,
    d14e08374fc7...,
    c1f1f0055879...,
    6c2c0667393c...,
    e22bce619ae2...,
    e4cc67c3264e...,
    8a7806365bbd...,
    97b883cd8a2b...,
    5921708ce82f...,
    733e38d36a27...,
    99a2705ed38c...
  )
) with ts=EffectiveTime(2026-01-13T11:00:37.857903Z) (epsilon=250 ms)
2026-01-13 16:30:37,617 [canton-env-ec-71] INFO  c.d.c.t.p.TopologyTransactionProcessor:participant=sandbox tid:59bf334d966cc0059e542e39ef9036ea - Storing topology transaction 1/1 Add VettedPackages(
  participant = sandbox::1220a82f9051...,
  packages = Seq(
    3871bbf7cc50...,
    315cb5676675...,
    cb0552debf21...,
    3f4deaf145a1...,
    86828b984346...,
    f20de1e4e37b...,
    76bf0fd12bd9...,
    38e6274601b2...,
    d58cf9939847...,
    40f452260bef...,
    e491352788e5...,
    6839a6d3d430...,
    518032f41fd0...,
    0f062c5863c7...,
    a80dd2c5dafc...,
    10e0333b52bb...,
    bfcd37bd6b84...,
    cc348d369011...,
    057eed1fd48c...,
    6df2d1fd8ea9...,
    d14e08374fc7...,
    c1f1f0055879...,
    6c2c0667393c...,
    e22bce619ae2...,
    e4cc67c3264e...,
    8a7806365bbd...,
    97b883cd8a2b...,
    5921708ce82f...,
    733e38d36a27...,
    99a2705ed38c...
  )
) with ts=EffectiveTime(2026-01-13T11:00:37.857903Z) (epsilon=250 ms)
2026-01-13 16:30:37,618 [canton-env-ec-84] INFO  c.d.c.t.p.TopologyTransactionProcessor:domain=local/client=topology-manager tid:59bf334d966cc0059e542e39ef9036ea - Storing topology transaction 1/1 Add VettedPackages(
  participant = sandbox::1220a82f9051...,
  packages = Seq(
    3871bbf7cc50...,
    315cb5676675...,
    cb0552debf21...,
    3f4deaf145a1...,
    86828b984346...,
    f20de1e4e37b...,
    76bf0fd12bd9...,
    38e6274601b2...,
    d58cf9939847...,
    40f452260bef...,
    e491352788e5...,
    6839a6d3d430...,
    518032f41fd0...,
    0f062c5863c7...,
    a80dd2c5dafc...,
    10e0333b52bb...,
    bfcd37bd6b84...,
    cc348d369011...,
    057eed1fd48c...,
    6df2d1fd8ea9...,
    d14e08374fc7...,
    c1f1f0055879...,
    6c2c0667393c...,
    e22bce619ae2...,
    e4cc67c3264e...,
    8a7806365bbd...,
    97b883cd8a2b...,
    5921708ce82f...,
    733e38d36a27...,
    99a2705ed38c...
  )
) with ts=EffectiveTime(2026-01-13T11:00:37.857903Z) (epsilon=250 ms)
2026-01-13 16:33:37,240 [canton-env-ec-27] INFO  c.d.c.p.a.s.ApiPackageService:participant=sandbox tid:c18c175035dacd8cc9fe17a73d02f871 - Received request to list packages: ListPackagesRequest(sandbox).
2026-01-13 16:33:37,276 [canton-env-ec-81] INFO  c.d.c.p.a.s.ApiPackageService:participant=sandbox tid:64415fd9264cc54eeca710f256f4ac81 - Received request for a package: GetPackageRequest(sandbox,3f4deaf145a15cdcfa762c058005e2edb9baa75bb7f95a4f8f6f937378e86415), packageId -> '3f4deaf145a15cdcfa762c058005e2edb9baa75bb7f95a4f8f6f937378e86415'.
2026-01-13 16:33:37,276 [canton-env-ec-78] INFO  c.d.c.p.a.s.ApiPackageService:participant=sandbox tid:060041adf6f1927df3f91c3452783ea7 - Received request for a package: GetPackageRequest(sandbox,518032f41fd0175461b35ae0c9691e08b4aea55e62915f8360af2cc7a1f2ba6c), packageId -> '518032f41fd0175461b35ae0c9691e08b4aea55e62915f8360af2cc7a1f2ba6c'.
2026-01-13 16:33:37,276 [canton-env-ec-27] INFO  c.d.c.p.a.s.ApiPackageService:participant=sandbox tid:839b374ad1be5df2343263b5f7583f5d - Received request for a package: GetPackageRequest(sandbox,6851f194e144b693e63e9034b956c76cef6b5088dd8c66a657ab652a204dba2b), packageId -> '6851f194e144b693e63e9034b956c76cef6b5088dd8c66a657ab652a204dba2b'.
2026-01-13 16:33:37,276 [canton-env-ec-80] INFO  c.d.c.p.a.s.ApiPackageService:participant=sandbox tid:ac26fdd90c8c27920d36cf5df84fcbba - Received request for a package: GetPackageRequest(sandbox,6df2d1fd8ea994ed048a79587b2722e3a887ac7592abf31ecf46fe09ac02d689), packageId -> '6df2d1fd8ea994ed048a79587b2722e3a887ac7592abf31ecf46fe09ac02d689'.
2026-01-13 16:33:37,276 [canton-env-ec-21] INFO  c.d.c.p.a.s.ApiPackageService:participant=sandbox tid:461604e6e8325b13cf41364cc032bc35 - Received request for a package: GetPackageRequest(sandbox,57b5c520512c24035057aa4c783cb7ac7f3f49db29806280962e188be7aadb66), packageId -> '57b5c520512c24035057aa4c783cb7ac7f3f49db29806280962e188be7aadb66'.
2026-01-13 16:33:37,276 [canton-env-ec-70] INFO  c.d.c.p.a.s.ApiPackageService:participant=sandbox tid:682fdb5ee2d89ca99530514fa484cbbe - Received request for a package: GetPackageRequest(sandbox,bfcd37bd6b84768e86e432f5f6c33e25d9e7724a9d42e33875ff74f6348e733f), packageId -> 'bfcd37bd6b84768e86e432f5f6c33e25d9e7724a9d42e33875ff74f6348e733f'.
2026-01-13 16:33:37,276 [canton-env-ec-22] INFO  c.d.c.p.a.s.ApiPackageService:participant=sandbox tid:ed15a7de282d2ae0a98fc982deacaa76 - Received request for a package: GetPackageRequest(sandbox,3871bbf7cc5081b11362b3f94db3563d34f3e61465fc4032798a77c406a862b2), packageId -> '3871bbf7cc5081b11362b3f94db3563d34f3e61465fc4032798a77c406a862b2'.
2026-01-13 16:33:37,276 [canton-env-ec-68] INFO  c.d.c.p.a.s.ApiPackageService:participant=sandbox tid:7466c81714787ffb39e9f971582cb578 - Received request for a package: GetPackageRequest(sandbox,e4cc67c3264eba4a19c080cac5ab32d87551578e0f5f58b6a9460f91c7abc254), packageId -> 'e4cc67c3264eba4a19c080cac5ab32d87551578e0f5f58b6a9460f91c7abc254'.
2026-01-13 16:33:37,511 [canton-env-ec-70] INFO  c.d.c.p.a.s.ApiPackageService:participant=sandbox tid:5dd51d1231e7358559cf7e738497d337 - Received request for a package: GetPackageRequest(sandbox,a80dd2c5dafcfdc5a2552b530ce9b3b0aac107190e9373b2377cdbafa1d51628), packageId -> 'a80dd2c5dafcfdc5a2552b530ce9b3b0aac107190e9373b2377cdbafa1d51628'.
2026-01-13 16:33:37,513 [canton-env-ec-80] INFO  c.d.c.p.a.s.ApiPackageService:participant=sandbox tid:865ec5f432f8de197fd4cd5d3c71454a - Received request for a package: GetPackageRequest(sandbox,c058a0c9602a9c8d85066c27bf4d81c3d7da69c07a87270b1fcedfd284cea7ff), packageId -> 'c058a0c9602a9c8d85066c27bf4d81c3d7da69c07a87270b1fcedfd284cea7ff'.
2026-01-13 16:33:37,513 [canton-env-ec-71] INFO  c.d.c.p.a.s.ApiPackageService:participant=sandbox tid:6fad462961eb64b9668a4739b2cc495b - Received request for a package: GetPackageRequest(sandbox,6c2c0667393c5f92f1885163068cd31800d2264eb088eb6fc740e11241b2bf06), packageId -> '6c2c0667393c5f92f1885163068cd31800d2264eb088eb6fc740e11241b2bf06'.
2026-01-13 16:33:37,514 [canton-env-ec-29] INFO  c.d.c.p.a.s.ApiPackageService:participant=sandbox tid:5982dfbce080191f0c41597364e08d18 - Received request for a package: GetPackageRequest(sandbox,d58cf9939847921b2aab78eaa7b427dc4c649d25e6bee3c749ace4c3f52f5c97), packageId -> 'd58cf9939847921b2aab78eaa7b427dc4c649d25e6bee3c749ace4c3f52f5c97'.
2026-01-13 16:33:37,514 [canton-env-ec-73] INFO  c.d.c.p.a.s.ApiPackageService:participant=sandbox tid:04885c0e082af7ae35a9379074d3b03e - Received request for a package: GetPackageRequest(sandbox,cc348d369011362a5190fe96dd1f0dfbc697fdfd10e382b9e9666f0da05961b7), packageId -> 'cc348d369011362a5190fe96dd1f0dfbc697fdfd10e382b9e9666f0da05961b7'.
2026-01-13 16:33:37,514 [canton-env-ec-80] INFO  c.d.c.p.a.s.ApiPackageService:participant=sandbox tid:0c2e884dcf9a4eb3a48e2eb3d9594336 - Received request for a package: GetPackageRequest(sandbox,5921708ce82f4255deb1b26d2c05358b548720938a5a325718dc69f381ba47ff), packageId -> '5921708ce82f4255deb1b26d2c05358b548720938a5a325718dc69f381ba47ff'.
2026-01-13 16:33:37,514 [canton-env-ec-30] INFO  c.d.c.p.a.s.ApiPackageService:participant=sandbox tid:6e12cc597b9abe160be0c223414def85 - Received request for a package: GetPackageRequest(sandbox,0f062c5863c7418bd58e589f1501b32339508502a128a305d82607cfeb2873a8), packageId -> '0f062c5863c7418bd58e589f1501b32339508502a128a305d82607cfeb2873a8'.
2026-01-13 16:33:37,514 [canton-env-ec-72] INFO  c.d.c.p.a.s.ApiPackageService:participant=sandbox tid:1c18b731921de59033f0110df402963d - Received request for a package: GetPackageRequest(sandbox,99a2705ed38c1c26cbb8fe7acf36bbf626668e167a33335de932599219e0a235), packageId -> '99a2705ed38c1c26cbb8fe7acf36bbf626668e167a33335de932599219e0a235'.
2026-01-13 16:33:37,649 [canton-env-ec-71] INFO  c.d.c.p.a.s.ApiPackageService:participant=sandbox tid:d4d37c8b8aa8dabc8f60eda1b70544cb - Received request for a package: GetPackageRequest(sandbox,f20de1e4e37b92280264c08bf15eca0be0bc5babd7a7b5e574997f154c00cb78), packageId -> 'f20de1e4e37b92280264c08bf15eca0be0bc5babd7a7b5e574997f154c00cb78'.
2026-01-13 16:33:37,649 [canton-env-ec-76] INFO  c.d.c.p.a.s.ApiPackageService:participant=sandbox tid:07ad4ba9f70303c8b9bede6b82fefbdf - Received request for a package: GetPackageRequest(sandbox,733e38d36a2759688a4b2c4cec69d48e7b55ecc8dedc8067b815926c917a182a), packageId -> '733e38d36a2759688a4b2c4cec69d48e7b55ecc8dedc8067b815926c917a182a'.
2026-01-13 16:33:37,650 [canton-env-ec-76] INFO  c.d.c.p.a.s.ApiPackageService:participant=sandbox tid:1361d6bbfbe6b1799c722d100641f95b - Received request for a package: GetPackageRequest(sandbox,c1f1f00558799eec139fb4f4c76f95fb52fa1837a5dd29600baa1c8ed1bdccfd), packageId -> 'c1f1f00558799eec139fb4f4c76f95fb52fa1837a5dd29600baa1c8ed1bdccfd'.
2026-01-13 16:33:37,650 [canton-env-ec-68] INFO  c.d.c.p.a.s.ApiPackageService:participant=sandbox tid:820b49ab7e74847e5f7a6dcdfd4de822 - Received request for a package: GetPackageRequest(sandbox,86828b9843465f419db1ef8a8ee741d1eef645df02375ebf509cdc8c3ddd16cb), packageId -> '86828b9843465f419db1ef8a8ee741d1eef645df02375ebf509cdc8c3ddd16cb'.
2026-01-13 16:33:37,650 [canton-env-ec-73] INFO  c.d.c.p.a.s.ApiPackageService:participant=sandbox tid:4eed32ceb59eafeaeec26fd7232d6024 - Received request for a package: GetPackageRequest(sandbox,8abf89c9b4a8d85b16ec66b58c6dc2eb41fb1eba02c36d67e21ca5a4dfa01552), packageId -> '8abf89c9b4a8d85b16ec66b58c6dc2eb41fb1eba02c36d67e21ca5a4dfa01552'.
2026-01-13 16:33:37,650 [canton-env-ec-27] INFO  c.d.c.p.a.s.ApiPackageService:participant=sandbox tid:9d6bf3b0dfdf508dc5fb7b0ae1175f71 - Received request for a package: GetPackageRequest(sandbox,315cb5676675c14e71453d4a9a2a58900e5b50d6665cba4cdf21f58b22abff83), packageId -> '315cb5676675c14e71453d4a9a2a58900e5b50d6665cba4cdf21f58b22abff83'.
2026-01-13 16:33:37,650 [canton-env-ec-21] INFO  c.d.c.p.a.s.ApiPackageService:participant=sandbox tid:67e89001795a70a865b8a9452eafe853 - Received request for a package: GetPackageRequest(sandbox,65921e553a353588e950cbc87e98a127730e63295f7ad8d3adae952ef0133b3e), packageId -> '65921e553a353588e950cbc87e98a127730e63295f7ad8d3adae952ef0133b3e'.
2026-01-13 16:33:37,652 [canton-env-ec-74] INFO  c.d.c.p.a.s.ApiPackageService:participant=sandbox tid:c57f39da0e0f0bde450128ae8699dd31 - Received request for a package: GetPackageRequest(sandbox,8a7806365bbd98d88b4c13832ebfa305f6abaeaf32cfa2b7dd25c4fa489b79fb), packageId -> '8a7806365bbd98d88b4c13832ebfa305f6abaeaf32cfa2b7dd25c4fa489b79fb'.
2026-01-13 16:33:37,724 [canton-env-ec-22] INFO  c.d.c.p.a.s.ApiPackageService:participant=sandbox tid:c687b826d751c64fb4b60c7343bada8a - Received request for a package: GetPackageRequest(sandbox,40f452260bef3f29dede136108fc08a88d5a5250310281067087da6f0baddff7), packageId -> '40f452260bef3f29dede136108fc08a88d5a5250310281067087da6f0baddff7'.
2026-01-13 16:33:37,724 [canton-env-ec-27] INFO  c.d.c.p.a.s.ApiPackageService:participant=sandbox tid:328e25e30231b960136282e81375a8ca - Received request for a package: GetPackageRequest(sandbox,97b883cd8a2b7f49f90d5d39c981cf6e110cf1f1c64427a28a6d58ec88c43657), packageId -> '97b883cd8a2b7f49f90d5d39c981cf6e110cf1f1c64427a28a6d58ec88c43657'.
2026-01-13 16:33:37,724 [canton-env-ec-21] INFO  c.d.c.p.a.s.ApiPackageService:participant=sandbox tid:e1e0d9ecb5d90de018193ffddc2284b5 - Received request for a package: GetPackageRequest(sandbox,e491352788e56ca4603acc411ffe1a49fefd76ed8b163af86cf5ee5f4c38645b), packageId -> 'e491352788e56ca4603acc411ffe1a49fefd76ed8b163af86cf5ee5f4c38645b'.
2026-01-13 16:33:37,724 [canton-env-ec-74] INFO  c.d.c.p.a.s.ApiPackageService:participant=sandbox tid:ce783be8af17e34acf28a79ff50db4dd - Received request for a package: GetPackageRequest(sandbox,057eed1fd48c238491b8ea06b9b5bf85a5d4c9275dd3f6183e0e6b01730cc2ba), packageId -> '057eed1fd48c238491b8ea06b9b5bf85a5d4c9275dd3f6183e0e6b01730cc2ba'.
2026-01-13 16:33:37,724 [canton-env-ec-20] INFO  c.d.c.p.a.s.ApiPackageService:participant=sandbox tid:36a32d8ab55e669cba5d5485a750fa24 - Received request for a package: GetPackageRequest(sandbox,38e6274601b21d7202bb995bc5ec147decda5a01b68d57dda422425038772af7), packageId -> '38e6274601b21d7202bb995bc5ec147decda5a01b68d57dda422425038772af7'.
2026-01-13 16:33:37,739 [canton-env-ec-84] INFO  c.d.c.p.a.s.ApiPackageService:participant=sandbox tid:2a4ab222f63c137ee35f662842c822c3 - Received request for a package: GetPackageRequest(sandbox,20a8d69c867d7184fd98b7c87f2428aa2c02f6a8a0edc756aac59592a0b6dc3b), packageId -> '20a8d69c867d7184fd98b7c87f2428aa2c02f6a8a0edc756aac59592a0b6dc3b'.
2026-01-13 16:33:37,739 [canton-env-ec-71] INFO  c.d.c.p.a.s.ApiPackageService:participant=sandbox tid:321b09cb01570400b3799b5985a4e337 - Received request for a package: GetPackageRequest(sandbox,cb0552debf219cc909f51cbb5c3b41e9981d39f8f645b1f35e2ef5be2e0b858a), packageId -> 'cb0552debf219cc909f51cbb5c3b41e9981d39f8f645b1f35e2ef5be2e0b858a'.
2026-01-13 16:33:37,739 [canton-env-ec-28] INFO  c.d.c.p.a.s.ApiPackageService:participant=sandbox tid:62c3e64f49eaaa6b1548554fa9455a0e - Received request for a package: GetPackageRequest(sandbox,6839a6d3d430c569b2425e9391717b44ca324b88ba621d597778811b2d05031d), packageId -> '6839a6d3d430c569b2425e9391717b44ca324b88ba621d597778811b2d05031d'.
2026-01-13 16:33:37,739 [canton-env-ec-73] INFO  c.d.c.p.a.s.ApiPackageService:participant=sandbox tid:299f34b6dd566e7c691da5c4ca1664e1 - Received request for a package: GetPackageRequest(sandbox,10e0333b52bba1ff147fc408a6b7d68465b157635ee230493bd6029b750dcb05), packageId -> '10e0333b52bba1ff147fc408a6b7d68465b157635ee230493bd6029b750dcb05'.
2026-01-13 16:33:37,740 [canton-env-ec-75] INFO  c.d.c.p.a.s.ApiPackageService:participant=sandbox tid:a5f55df9e4ef43132e7fd1c9d5e9e074 - Received request for a package: GetPackageRequest(sandbox,852d8e3a8ccf952acc73e17522846bc1eb41498e840d637e519ddcca7dbc7671), packageId -> '852d8e3a8ccf952acc73e17522846bc1eb41498e840d637e519ddcca7dbc7671'.
2026-01-13 16:33:37,739 [canton-env-ec-70] INFO  c.d.c.p.a.s.ApiPackageService:participant=sandbox tid:ae9bfa4b542b7d6e33f7b75f0237fe5e - Received request for a package: GetPackageRequest(sandbox,e22bce619ae24ca3b8e6519281cb5a33b64b3190cc763248b4c3f9ad5087a92c), packageId -> 'e22bce619ae24ca3b8e6519281cb5a33b64b3190cc763248b4c3f9ad5087a92c'.
2026-01-13 16:33:37,739 [canton-env-ec-72] INFO  c.d.c.p.a.s.ApiPackageService:participant=sandbox tid:0c356d269e3b09649eb00f937c03c160 - Received request for a package: GetPackageRequest(sandbox,d14e08374fc7197d6a0de468c968ae8ba3aadbf9315476fd39071831f5923662), packageId -> 'd14e08374fc7197d6a0de468c968ae8ba3aadbf9315476fd39071831f5923662'.
2026-01-13 16:33:37,739 [canton-env-ec-69] INFO  c.d.c.p.a.s.ApiPackageService:participant=sandbox tid:54fe239d31de13ba0ddc75b92ac60f6e - Received request for a package: GetPackageRequest(sandbox,76bf0fd12bd945762a01f8fc5bbcdfa4d0ff20f8762af490f8f41d6237c6524f), packageId -> '76bf0fd12bd945762a01f8fc5bbcdfa4d0ff20f8762af490f8f41d6237c6524f'.
2026-01-13 16:33:39,570 [canton-env-ec-75] INFO  c.d.c.p.a.s.ApiPackageService:participant=sandbox tid:d0c0f76103b7f6d55d52d5e4c3209ea9 - Received request to list packages: ListPackagesRequest(sandbox).
2026-01-13 16:34:02,444 [canton-env-ec-75] INFO  c.d.c.p.a.s.ApiPackageService:participant=sandbox tid:f510288b0941609db1e646786bdf190a - Received request to list packages: ListPackagesRequest(sandbox).
2026-01-13 16:34:02,694 [canton-env-ec-27] INFO  c.d.c.p.a.s.ApiPackageService:participant=sandbox tid:0d4d2a0f8f58f58a2fed7e162f9f4489 - Received request to list packages: ListPackagesRequest(sandbox).
2026-01-13 16:34:02,756 [canton-env-ec-70] INFO  c.d.c.p.a.s.ApiPackageService:participant=sandbox tid:8afefd4be563eca6442fd5ca9bf661e4 - Received request to list packages: ListPackagesRequest(sandbox).
2026-01-13 16:34:10,636 [canton-env-ec-27] INFO  c.d.c.p.a.s.ApiPackageService:participant=sandbox tid:8bcbb990e0605ef7b683fa4be1d7d031 - Received request to list packages: ListPackagesRequest(sandbox).
2026-01-13 16:35:15,293 [canton-env-ec-75] INFO  c.d.c.p.a.s.ApiActiveContractsService:participant=sandbox tid:caaba1eba0ba14d51dc1837c1c3ed8df - Received request for active contracts: GetActiveContractsRequest(sandbox,Some(TransactionFilter(Map(Alice::12202aaf07c30d1a9f3117a9238054195db8678bfddaaea3046cca5392749d4a97da -> Filters(Some(InclusiveFilters(Vector(Identifier(3871bbf7cc5081b11362b3f94db3563d34f3e61465fc4032798a77c406a862b2,Main,Asset)),Vector(),Vector())))))),true,), filters -> {Alice::12202aaf07c30d1a9f3117a9238054195db8678bfddaaea3046cca5392749d4a97da: ['3871bbf7cc5081b11362b3f94db3563d34f3e61465fc4032798a77c406a862b2:Main:Asset']}.
2026-01-13 16:35:15,370 [canton-env-ec-75] INFO  c.d.c.p.a.s.t.TransactionServiceImpl:participant=sandbox tid:42587f5d5bae082eaadbf3a760abe76e - Received request for transactions, startExclusive -> '000000000000000004', endInclusive -> '%end%', filters -> {Alice::12202aaf07c30d1a9f3117a9238054195db8678bfddaaea3046cca5392749d4a97da: ['3871bbf7cc5081b11362b3f94db3563d34f3e61465fc4032798a77c406a862b2:Main:Asset']}, verbose -> true, ledgerId -> 'sandbox'.
2026-01-13 16:35:15,454 [canton-env-ec-27] INFO  c.d.c.p.a.s.ApiActiveContractsService:participant=sandbox tid:fbc74a8c36b1f1cb65f1e9645edb9508 - Received request for active contracts: GetActiveContractsRequest(sandbox,Some(TransactionFilter(Map(Alice::12202aaf07c30d1a9f3117a9238054195db8678bfddaaea3046cca5392749d4a97da -> Filters(Some(InclusiveFilters(Vector(Identifier(3871bbf7cc5081b11362b3f94db3563d34f3e61465fc4032798a77c406a862b2,Main,Asset)),Vector(),Vector())))))),true,), filters -> {Alice::12202aaf07c30d1a9f3117a9238054195db8678bfddaaea3046cca5392749d4a97da: ['3871bbf7cc5081b11362b3f94db3563d34f3e61465fc4032798a77c406a862b2:Main:Asset']}.
2026-01-13 16:35:15,459 [canton-env-ec-70] INFO  c.d.c.p.a.s.t.TransactionServiceImpl:participant=sandbox tid:6c7928c38a5fd11d71a4dbd7f4ffebea - Received request for transactions, startExclusive -> '000000000000000004', endInclusive -> '%end%', filters -> {Alice::12202aaf07c30d1a9f3117a9238054195db8678bfddaaea3046cca5392749d4a97da: ['3871bbf7cc5081b11362b3f94db3563d34f3e61465fc4032798a77c406a862b2:Main:Asset']}, verbose -> true, ledgerId -> 'sandbox'.
2026-01-13 16:35:15,503 [canton-env-ec-75] INFO  c.d.c.p.a.s.ApiActiveContractsService:participant=sandbox tid:e8e310d6d24fb8097de88852e0ddaa85 - Received request for active contracts: GetActiveContractsRequest(sandbox,Some(TransactionFilter(Map(Alice::12202aaf07c30d1a9f3117a9238054195db8678bfddaaea3046cca5392749d4a97da -> Filters(Some(InclusiveFilters(Vector(Identifier(3871bbf7cc5081b11362b3f94db3563d34f3e61465fc4032798a77c406a862b2,Main,TransferProposal)),Vector(),Vector())))))),true,), filters -> {Alice::12202aaf07c30d1a9f3117a9238054195db8678bfddaaea3046cca5392749d4a97da: ['3871bbf7cc5081b11362b3f94db3563d34f3e61465fc4032798a77c406a862b2:Main:TransferProposal']}.
2026-01-13 16:35:15,508 [canton-env-ec-27] INFO  c.d.c.p.a.s.t.TransactionServiceImpl:participant=sandbox tid:7eec20757e97393736817a59d451f493 - Received request for transactions, startExclusive -> '000000000000000004', endInclusive -> '%end%', filters -> {Alice::12202aaf07c30d1a9f3117a9238054195db8678bfddaaea3046cca5392749d4a97da: ['3871bbf7cc5081b11362b3f94db3563d34f3e61465fc4032798a77c406a862b2:Main:TransferProposal']}, verbose -> true, ledgerId -> 'sandbox'.
2026-01-13 16:35:20,643 [canton-env-ec-78] INFO  c.d.c.p.a.s.c.CommandSubmissionServiceImpl:participant=sandbox tid:195328001ca0265b801bb3963d7a03fa - Phase 1 started: Submitting commands for interpretation: Commands(
  commandId = f9fd9bcd-15db-4f8b-a285-d39b330e163b,
  submissionId = 1ab06da9-8550-49ed-9223-b2f4dee212bf,
  applicationId = asset-transfer-app,
  actAs = Alice::12202aaf07c3...,
  submittedAt = 2026-01-13T11:05:20.632317Z,
  ledgerEffectiveTime = 2026-01-13T11:05:20.632313Z,
  deduplicationPeriod = (duration=PT168H),
  ...
).
2026-01-13 16:35:21,303 [canton-env-ec-75] INFO  c.d.c.p.s.CantonSyncService:participant=sandbox tid:195328001ca0265b801bb3963d7a03fa - UNKNOWN_SUBMITTERS(11,19532800): The participant is not connected to any domain where the given submitters are known. err-context:{applicationId=asset-transfer-app, commandId=f9fd9bcd-15db-4f8b-a285-d39b330e163b, location=TransactionRoutingError.scala:299, unknownSubmitters=Set(Alice::12202aaf07c30d1a9f3117a9238054195db8678bfddaaea3046cca5392749d4a97da)} 
2026-01-13 16:35:21,323 [canton-env-ec-73] INFO  c.d.c.p.a.s.c.CommandSubmissionServiceImpl:participant=sandbox tid:195328001ca0265b801bb3963d7a03fa - Rejected: Submission failed with error UNKNOWN_SUBMITTERS(11,19532800): The participant is not connected to any domain where the given submitters are known.
2026-01-13 16:35:21,327 [canton-env-ec-73] INFO  c.d.c.n.g.ApiRequestLogger:participant=sandbox tid:195328001ca0265b801bb3963d7a03fa - Request c.d.l.a.v.CommandService/SubmitAndWaitForTransaction by /127.0.0.1:57706: failed with NOT_FOUND/UNKNOWN_SUBMITTERS(11,19532800): The participant is not connected to any domain where the given submitters are known.
2026-01-13 16:36:06,732 [canton-env-ec-70] INFO  c.d.c.p.a.s.c.CommandSubmissionServiceImpl:participant=sandbox tid:7e35f8db251d8a379531514e689e0971 - Phase 1 started: Submitting commands for interpretation: Commands(
  commandId = 4bd4f508-d5c2-41da-9626-76e48bd48158,
  submissionId = 4aab68fc-4e89-48fd-bebb-fa9c977da518,
  applicationId = asset-transfer-app,
  actAs = Alice::12202aaf07c3...,
  submittedAt = 2026-01-13T11:06:06.727680Z,
  ledgerEffectiveTime = 2026-01-13T11:06:06.727679Z,
  deduplicationPeriod = (duration=PT168H),
  ...
).
2026-01-13 16:36:06,775 [canton-env-ec-72] INFO  c.d.c.p.s.CantonSyncService:participant=sandbox tid:7e35f8db251d8a379531514e689e0971 - UNKNOWN_SUBMITTERS(11,7e35f8db): The participant is not connected to any domain where the given submitters are known. err-context:{applicationId=asset-transfer-app, commandId=4bd4f508-d5c2-41da-9626-76e48bd48158, location=TransactionRoutingError.scala:299, unknownSubmitters=Set(Alice::12202aaf07c30d1a9f3117a9238054195db8678bfddaaea3046cca5392749d4a97da)} 
2026-01-13 16:36:06,778 [canton-env-ec-75] INFO  c.d.c.p.a.s.c.CommandSubmissionServiceImpl:participant=sandbox tid:7e35f8db251d8a379531514e689e0971 - Rejected: Submission failed with error UNKNOWN_SUBMITTERS(11,7e35f8db): The participant is not connected to any domain where the given submitters are known.
2026-01-13 16:36:06,779 [canton-env-ec-75] INFO  c.d.c.n.g.ApiRequestLogger:participant=sandbox tid:7e35f8db251d8a379531514e689e0971 - Request c.d.l.a.v.CommandService/SubmitAndWaitForTransaction by /127.0.0.1:57706: failed with NOT_FOUND/UNKNOWN_SUBMITTERS(11,7e35f8db): The participant is not connected to any domain where the given submitters are known.
2026-01-13 16:36:07,795 [canton-env-ec-72] INFO  c.d.c.p.a.s.c.CommandSubmissionServiceImpl:participant=sandbox tid:13af8e05a6d4fd8cae85e970a33afbd5 - Phase 1 started: Submitting commands for interpretation: Commands(
  commandId = d0cb8f33-ee0e-4cad-8bdc-5f1139e75368,
  submissionId = f68ca557-ddfb-4e9c-93ca-9776efa26354,
  applicationId = asset-transfer-app,
  actAs = Alice::12202aaf07c3...,
  submittedAt = 2026-01-13T11:06:07.794515Z,
  ledgerEffectiveTime = 2026-01-13T11:06:07.794514Z,
  deduplicationPeriod = (duration=PT168H),
  ...
).
2026-01-13 16:36:07,799 [canton-env-ec-78] INFO  c.d.c.p.s.CantonSyncService:participant=sandbox tid:13af8e05a6d4fd8cae85e970a33afbd5 - UNKNOWN_SUBMITTERS(11,13af8e05): The participant is not connected to any domain where the given submitters are known. err-context:{applicationId=asset-transfer-app, commandId=d0cb8f33-ee0e-4cad-8bdc-5f1139e75368, location=TransactionRoutingError.scala:299, unknownSubmitters=Set(Alice::12202aaf07c30d1a9f3117a9238054195db8678bfddaaea3046cca5392749d4a97da)} 
2026-01-13 16:36:07,799 [canton-env-ec-27] INFO  c.d.c.p.a.s.c.CommandSubmissionServiceImpl:participant=sandbox tid:13af8e05a6d4fd8cae85e970a33afbd5 - Rejected: Submission failed with error UNKNOWN_SUBMITTERS(11,13af8e05): The participant is not connected to any domain where the given submitters are known.
2026-01-13 16:36:07,799 [canton-env-ec-27] INFO  c.d.c.n.g.ApiRequestLogger:participant=sandbox tid:13af8e05a6d4fd8cae85e970a33afbd5 - Request c.d.l.a.v.CommandService/SubmitAndWaitForTransaction by /127.0.0.1:57706: failed with NOT_FOUND/UNKNOWN_SUBMITTERS(11,13af8e05): The participant is not connected to any domain where the given submitters are known.
2026-01-13 16:36:15,595 [canton-env-ec-27] INFO  c.d.c.p.a.s.c.CommandSubmissionServiceImpl:participant=sandbox tid:65ddc1b13b65b5dfd1c4b3d514b6275a - Phase 1 started: Submitting commands for interpretation: Commands(
  commandId = 42dc4bd3-624d-4aa5-9434-9fc95cbafcb5,
  submissionId = 9b38a014-1a88-4e73-9627-d63783f929c2,
  applicationId = asset-transfer-app,
  actAs = Alice::12202aaf07c3...,
  submittedAt = 2026-01-13T11:06:15.591928Z,
  ledgerEffectiveTime = 2026-01-13T11:06:15.591927Z,
  deduplicationPeriod = (duration=PT168H),
  ...
).
2026-01-13 16:36:15,614 [canton-env-ec-78] INFO  c.d.c.p.s.CantonSyncService:participant=sandbox tid:65ddc1b13b65b5dfd1c4b3d514b6275a - UNKNOWN_SUBMITTERS(11,65ddc1b1): The participant is not connected to any domain where the given submitters are known. err-context:{applicationId=asset-transfer-app, commandId=42dc4bd3-624d-4aa5-9434-9fc95cbafcb5, location=TransactionRoutingError.scala:299, unknownSubmitters=Set(Alice::12202aaf07c30d1a9f3117a9238054195db8678bfddaaea3046cca5392749d4a97da)} 
2026-01-13 16:36:15,615 [canton-env-ec-75] INFO  c.d.c.p.a.s.c.CommandSubmissionServiceImpl:participant=sandbox tid:65ddc1b13b65b5dfd1c4b3d514b6275a - Rejected: Submission failed with error UNKNOWN_SUBMITTERS(11,65ddc1b1): The participant is not connected to any domain where the given submitters are known.
2026-01-13 16:36:15,616 [canton-env-ec-75] INFO  c.d.c.n.g.ApiRequestLogger:participant=sandbox tid:65ddc1b13b65b5dfd1c4b3d514b6275a - Request c.d.l.a.v.CommandService/SubmitAndWaitForTransaction by /127.0.0.1:57706: failed with NOT_FOUND/UNKNOWN_SUBMITTERS(11,65ddc1b1): The participant is not connected to any domain where the given submitters are known.
2026-01-13 16:36:29,172 [canton-env-ec-75] INFO  c.d.c.p.a.s.ApiLedgerIdentityService:participant=sandbox tid:cd7ab823438061cf2bcc96f5e32c0a25 - Received request for ledger identity: GetLedgerIdentityRequest().
2026-01-13 16:36:29,287 [canton-env-ec-28] INFO  c.d.c.p.a.s.a.ApiPartyManagementService:participant=sandbox tid:0c7955ac45187504dc5c4f84c7bad254 - Allocating party, parties -> ['Alice'], submissionId -> 'Alice-3c5af5b8-db60-4ae0-8f5d-4d2857840c7f'.
2026-01-13 16:36:29,312 [canton-env-ec-78] INFO  c.d.c.p.t.ParticipantTopologyManager:participant=sandbox tid:0c7955ac45187504dc5c4f84c7bad254 - Applied topology transaction Add PartyToParticipant(Both, Alice::1220a82f9051..., PAR::sandbox::1220a82f9051..., Submission) at 2026-01-13T11:06:29.311668Z
2026-01-13 16:36:29,335 [canton-env-ec-27] INFO  c.d.c.d.s.s.GrpcSequencerService:domain=local tid:56e63c08dbef78ce450dce0d51fb413d - 'PAR::sandbox::1220a82f9051...' sends request with id '99d6ede5-02da-477d-9a5d-5c06d6356c39' of size 822 bytes with 1 envelopes.
2026-01-13 16:36:29,351 [canton-env-ec-22] INFO  c.d.c.p.p.DefaultMessageDispatcher:participant=sandbox/domainId=local::1220e43d5d01 tid:56e63c08dbef78ce450dce0d51fb413d - Processing event at sc=9, ts=2026-01-13T11:06:29.339759Z, messageId=99d6ede5-02da-477d-9a5d-5c06d6356c39, with contents=Seq()
2026-01-13 16:36:29,360 [canton-env-ec-84] INFO  c.d.c.d.t.DomainTopologyManager:domain=local tid:56e63c08dbef78ce450dce0d51fb413d - Applied topology transaction Add PartyToParticipant(Both, Alice::1220a82f9051..., PAR::sandbox::1220a82f9051..., Submission) at 2026-01-13T11:06:29.360791Z
2026-01-13 16:36:29,361 [canton-env-ec-74] INFO  c.d.c.d.t.DomainTopologyManagerRequestService:domain=local tid:56e63c08dbef78ce450dce0d51fb413d - Register topology request by PAR::sandbox::1220a82f9051... for PAR::sandbox::1220a82f9051... yielded
  Accepted -> Add PartyToParticipant(Both, Alice::1220a82f9051..., PAR::sandbox::1220a82f9051..., Submission)
2026-01-13 16:36:29,367 [canton-env-ec-28] INFO  c.d.c.d.s.s.GrpcSequencerService:domain=local tid:56e63c08dbef78ce450dce0d51fb413d - 'DOM::local::1220e43d5d01...' sends request with id 'b1e002bf-0242-413f-a490-4a5d9b0fc1ae' of size 937 bytes with 1 envelopes.
2026-01-13 16:36:29,367 [canton-env-ec-74] INFO  c.d.c.d.s.s.GrpcSequencerService:domain=local tid:56e63c08dbef78ce450dce0d51fb413d - 'DOM::local::1220e43d5d01...' sends request with id 'd4569d45-20df-45c0-9f71-515a0aaae259' of size 522 bytes with 1 envelopes.
2026-01-13 16:36:29,377 [canton-env-ec-75] INFO  c.d.c.p.p.DefaultMessageDispatcher:participant=sandbox/domainId=local::1220e43d5d01 tid:56e63c08dbef78ce450dce0d51fb413d - Processing event at sc=10, ts=2026-01-13T11:06:29.369514Z, with contents=DomainTopologyTransactionMessage
2026-01-13 16:36:29,379 [canton-env-ec-72] INFO  c.d.c.t.p.TopologyTransactionProcessor:domain=local/client=topology-manager tid:56e63c08dbef78ce450dce0d51fb413d - Storing topology transaction 1/1 Add PartyToParticipant(Both, Alice::1220a82f9051..., PAR::sandbox::1220a82f9051..., Submission) with ts=EffectiveTime(2026-01-13T11:06:29.619514Z) (epsilon=250 ms)
2026-01-13 16:36:29,381 [canton-env-ec-71] INFO  c.d.c.t.p.TopologyTransactionProcessor:participant=sandbox tid:56e63c08dbef78ce450dce0d51fb413d - Storing topology transaction 1/1 Add PartyToParticipant(Both, Alice::1220a82f9051..., PAR::sandbox::1220a82f9051..., Submission) with ts=EffectiveTime(2026-01-13T11:06:29.619514Z) (epsilon=250 ms)
2026-01-13 16:36:29,382 [canton-env-ec-22] INFO  c.d.c.t.p.TopologyTransactionProcessor:domain=local/node=mediator/client=mediator tid:56e63c08dbef78ce450dce0d51fb413d - Storing topology transaction 1/1 Add PartyToParticipant(Both, Alice::1220a82f9051..., PAR::sandbox::1220a82f9051..., Submission) with ts=EffectiveTime(2026-01-13T11:06:29.619514Z) (epsilon=250 ms)
2026-01-13 16:36:29,384 [canton-env-ec-71] INFO  c.d.c.p.p.DefaultMessageDispatcher:participant=sandbox/domainId=local::1220e43d5d01 tid:56e63c08dbef78ce450dce0d51fb413d - Processing event at sc=11, ts=2026-01-13T11:06:29.369685Z, with contents=RegisterTopologyTransactionResponse
2026-01-13 16:36:29,642 [input-mapping-pool-4] INFO  c.d.c.p.i.p.ParallelIndexerSubscription:participant=sandbox tid:56e63c08dbef78ce450dce0d51fb413d - Storing at offset=000000000000000005 PartyAddedToParticipant(recordTime = 2026-01-13T11:06:29.638113Z, party = Alice::1220a82f9051..., displayName = 'Alice', participantId = sandbox::1220a82f9051..., ...)
2026-01-13 16:36:29,726 [daml.index.db.threadpool.connection.api-server-3] INFO  c.d.c.p.l.PersistentPartyRecordStore:participant=sandbox tid:0c7955ac45187504dc5c4f84c7bad254 - Created new party record in participant local store: PartyRecord(party=Alice::1220a82f9051f4828b80d8cf6620fba66562303f110452605ba6bb45381683dc7d49, metadata=ObjectMeta(None,Map()), identityProviderId=Default)
2026-01-13 16:36:29,747 [canton-env-ec-70] INFO  c.d.c.p.a.s.a.ApiPartyManagementService:participant=sandbox tid:adbdd66916534d017d1634ab7d133ce9 - Allocating party, parties -> ['Bob'], submissionId -> 'Bob-89c97117-f195-441b-b016-a5cf7f80e189'.
2026-01-13 16:36:29,750 [canton-env-ec-70] INFO  c.d.c.p.t.ParticipantTopologyManager:participant=sandbox tid:adbdd66916534d017d1634ab7d133ce9 - Applied topology transaction Add PartyToParticipant(Both, Bob::1220a82f9051..., PAR::sandbox::1220a82f9051..., Submission) at 2026-01-13T11:06:29.750252Z
2026-01-13 16:36:29,757 [canton-env-ec-78] INFO  c.d.c.d.s.s.GrpcSequencerService:domain=local tid:fcb686adc761f39b0a5fce0de6b212e4 - 'PAR::sandbox::1220a82f9051...' sends request with id '21cb84b3-3fd2-4a69-aa34-216970664369' of size 827 bytes with 1 envelopes.
2026-01-13 16:36:29,767 [canton-env-ec-81] INFO  c.d.c.p.p.DefaultMessageDispatcher:participant=sandbox/domainId=local::1220e43d5d01 tid:fcb686adc761f39b0a5fce0de6b212e4 - Processing event at sc=12, ts=2026-01-13T11:06:29.759353Z, messageId=21cb84b3-3fd2-4a69-aa34-216970664369, with contents=Seq()
2026-01-13 16:36:29,769 [canton-env-ec-22] INFO  c.d.c.d.t.DomainTopologyManager:domain=local tid:fcb686adc761f39b0a5fce0de6b212e4 - Applied topology transaction Add PartyToParticipant(Both, Bob::1220a82f9051..., PAR::sandbox::1220a82f9051..., Submission) at 2026-01-13T11:06:29.769719Z
2026-01-13 16:36:29,770 [canton-env-ec-73] INFO  c.d.c.d.t.DomainTopologyManagerRequestService:domain=local tid:fcb686adc761f39b0a5fce0de6b212e4 - Register topology request by PAR::sandbox::1220a82f9051... for PAR::sandbox::1220a82f9051... yielded
  Accepted -> Add PartyToParticipant(Both, Bob::1220a82f9051..., PAR::sandbox::1220a82f9051..., Submission)
2026-01-13 16:36:29,775 [canton-env-ec-78] INFO  c.d.c.d.s.s.GrpcSequencerService:domain=local tid:fcb686adc761f39b0a5fce0de6b212e4 - 'DOM::local::1220e43d5d01...' sends request with id '1e7a1c78-6bbf-4f25-8ea7-d96b4213f799' of size 522 bytes with 1 envelopes.
2026-01-13 16:36:29,776 [canton-env-ec-73] INFO  c.d.c.d.s.s.GrpcSequencerService:domain=local tid:fcb686adc761f39b0a5fce0de6b212e4 - 'DOM::local::1220e43d5d01...' sends request with id '00775b1b-514c-47b5-b5aa-b78fa31df850' of size 943 bytes with 1 envelopes.
2026-01-13 16:36:29,784 [canton-env-ec-68] INFO  c.d.c.p.p.DefaultMessageDispatcher:participant=sandbox/domainId=local::1220e43d5d01 tid:fcb686adc761f39b0a5fce0de6b212e4 - Processing event at sc=13, ts=2026-01-13T11:06:29.777374Z, with contents=RegisterTopologyTransactionResponse
2026-01-13 16:36:29,787 [canton-env-ec-81] INFO  c.d.c.p.p.DefaultMessageDispatcher:participant=sandbox/domainId=local::1220e43d5d01 tid:fcb686adc761f39b0a5fce0de6b212e4 - Processing event at sc=14, ts=2026-01-13T11:06:29.777797Z, with contents=DomainTopologyTransactionMessage
2026-01-13 16:36:29,789 [canton-env-ec-84] INFO  c.d.c.t.p.TopologyTransactionProcessor:domain=local/node=mediator/client=mediator tid:fcb686adc761f39b0a5fce0de6b212e4 - Storing topology transaction 1/1 Add PartyToParticipant(Both, Bob::1220a82f9051..., PAR::sandbox::1220a82f9051..., Submission) with ts=EffectiveTime(2026-01-13T11:06:30.027797Z) (epsilon=250 ms)
2026-01-13 16:36:29,790 [canton-env-ec-27] INFO  c.d.c.t.p.TopologyTransactionProcessor:participant=sandbox tid:fcb686adc761f39b0a5fce0de6b212e4 - Storing topology transaction 1/1 Add PartyToParticipant(Both, Bob::1220a82f9051..., PAR::sandbox::1220a82f9051..., Submission) with ts=EffectiveTime(2026-01-13T11:06:30.027797Z) (epsilon=250 ms)
2026-01-13 16:36:29,790 [canton-env-ec-84] INFO  c.d.c.t.p.TopologyTransactionProcessor:domain=local/client=topology-manager tid:fcb686adc761f39b0a5fce0de6b212e4 - Storing topology transaction 1/1 Add PartyToParticipant(Both, Bob::1220a82f9051..., PAR::sandbox::1220a82f9051..., Submission) with ts=EffectiveTime(2026-01-13T11:06:30.027797Z) (epsilon=250 ms)
2026-01-13 16:36:30,050 [input-mapping-pool-5] INFO  c.d.c.p.i.p.ParallelIndexerSubscription:participant=sandbox tid:fcb686adc761f39b0a5fce0de6b212e4 - Storing at offset=000000000000000006 PartyAddedToParticipant(recordTime = 2026-01-13T11:06:30.044020Z, party = Bob::1220a82f9051..., displayName = 'Bob', participantId = sandbox::1220a82f9051..., ...)
2026-01-13 16:36:30,059 [daml.index.db.threadpool.connection.api-server-1] INFO  c.d.c.p.l.PersistentPartyRecordStore:participant=sandbox tid:adbdd66916534d017d1634ab7d133ce9 - Created new party record in participant local store: PartyRecord(party=Bob::1220a82f9051f4828b80d8cf6620fba66562303f110452605ba6bb45381683dc7d49, metadata=ObjectMeta(None,Map()), identityProviderId=Default)
2026-01-13 16:36:30,065 [canton-env-ec-68] INFO  c.d.c.p.a.s.a.ApiPartyManagementService:participant=sandbox tid:01dde357b3529c318a4f1f1214810cd1 - Allocating party, parties -> ['Charlie'], submissionId -> 'Charlie-6e7ab159-0c4d-422f-b1ef-f023af4d529a'.
2026-01-13 16:36:30,067 [canton-env-ec-68] INFO  c.d.c.p.t.ParticipantTopologyManager:participant=sandbox tid:01dde357b3529c318a4f1f1214810cd1 - Applied topology transaction Add PartyToParticipant(Both, Charlie::1220a82f9051..., PAR::sandbox::1220a82f9051..., Submission) at 2026-01-13T11:06:30.067708Z
2026-01-13 16:36:30,074 [canton-env-ec-27] INFO  c.d.c.d.s.s.GrpcSequencerService:domain=local tid:4067eb51845a36b42b2ef0a2b54a7a6e - 'PAR::sandbox::1220a82f9051...' sends request with id '873d8b2d-ed21-4f2f-9813-a9e1df6b10fa' of size 823 bytes with 1 envelopes.
2026-01-13 16:36:30,081 [canton-env-ec-27] INFO  c.d.c.p.p.DefaultMessageDispatcher:participant=sandbox/domainId=local::1220e43d5d01 tid:4067eb51845a36b42b2ef0a2b54a7a6e - Processing event at sc=15, ts=2026-01-13T11:06:30.076120Z, messageId=873d8b2d-ed21-4f2f-9813-a9e1df6b10fa, with contents=Seq()
2026-01-13 16:36:30,086 [canton-env-ec-68] INFO  c.d.c.d.t.DomainTopologyManager:domain=local tid:4067eb51845a36b42b2ef0a2b54a7a6e - Applied topology transaction Add PartyToParticipant(Both, Charlie::1220a82f9051..., PAR::sandbox::1220a82f9051..., Submission) at 2026-01-13T11:06:30.086317Z
2026-01-13 16:36:30,086 [canton-env-ec-72] INFO  c.d.c.d.t.DomainTopologyManagerRequestService:domain=local tid:4067eb51845a36b42b2ef0a2b54a7a6e - Register topology request by PAR::sandbox::1220a82f9051... for PAR::sandbox::1220a82f9051... yielded
  Accepted -> Add PartyToParticipant(Both, Charlie::1220a82f9051..., PAR::sandbox::1220a82f9051..., Submission)
2026-01-13 16:36:30,090 [canton-env-ec-75] INFO  c.d.c.d.s.s.GrpcSequencerService:domain=local tid:4067eb51845a36b42b2ef0a2b54a7a6e - 'DOM::local::1220e43d5d01...' sends request with id '6113b991-cccf-40d6-87ef-e2a0c713c54f' of size 520 bytes with 1 envelopes.
2026-01-13 16:36:30,090 [canton-env-ec-81] INFO  c.d.c.d.s.s.GrpcSequencerService:domain=local tid:4067eb51845a36b42b2ef0a2b54a7a6e - 'DOM::local::1220e43d5d01...' sends request with id '3726c611-efd9-4775-91ef-64f1cc5d1750' of size 932 bytes with 1 envelopes.
2026-01-13 16:36:30,100 [canton-env-ec-84] INFO  c.d.c.p.p.DefaultMessageDispatcher:participant=sandbox/domainId=local::1220e43d5d01 tid:4067eb51845a36b42b2ef0a2b54a7a6e - Processing event at sc=16, ts=2026-01-13T11:06:30.092955Z, with contents=DomainTopologyTransactionMessage
2026-01-13 16:36:30,103 [canton-env-ec-27] INFO  c.d.c.t.p.TopologyTransactionProcessor:domain=local/client=topology-manager tid:4067eb51845a36b42b2ef0a2b54a7a6e - Storing topology transaction 1/1 Add PartyToParticipant(Both, Charlie::1220a82f9051..., PAR::sandbox::1220a82f9051..., Submission) with ts=EffectiveTime(2026-01-13T11:06:30.342955Z) (epsilon=250 ms)
2026-01-13 16:36:30,103 [canton-env-ec-71] INFO  c.d.c.t.p.TopologyTransactionProcessor:participant=sandbox tid:4067eb51845a36b42b2ef0a2b54a7a6e - Storing topology transaction 1/1 Add PartyToParticipant(Both, Charlie::1220a82f9051..., PAR::sandbox::1220a82f9051..., Submission) with ts=EffectiveTime(2026-01-13T11:06:30.342955Z) (epsilon=250 ms)
2026-01-13 16:36:30,103 [canton-env-ec-81] INFO  c.d.c.t.p.TopologyTransactionProcessor:domain=local/node=mediator/client=mediator tid:4067eb51845a36b42b2ef0a2b54a7a6e - Storing topology transaction 1/1 Add PartyToParticipant(Both, Charlie::1220a82f9051..., PAR::sandbox::1220a82f9051..., Submission) with ts=EffectiveTime(2026-01-13T11:06:30.342955Z) (epsilon=250 ms)
2026-01-13 16:36:30,105 [canton-env-ec-84] INFO  c.d.c.p.p.DefaultMessageDispatcher:participant=sandbox/domainId=local::1220e43d5d01 tid:4067eb51845a36b42b2ef0a2b54a7a6e - Processing event at sc=17, ts=2026-01-13T11:06:30.093117Z, with contents=RegisterTopologyTransactionResponse
2026-01-13 16:36:30,361 [input-mapping-pool-6] INFO  c.d.c.p.i.p.ParallelIndexerSubscription:participant=sandbox tid:4067eb51845a36b42b2ef0a2b54a7a6e - Storing at offset=000000000000000007 PartyAddedToParticipant(recordTime = 2026-01-13T11:06:30.358122Z, party = Charlie::1220a82f9051..., displayName = 'Charlie', participantId = sandbox::1220a82f9051..., ...)
2026-01-13 16:36:30,368 [daml.index.db.threadpool.connection.api-server-3] INFO  c.d.c.p.l.PersistentPartyRecordStore:participant=sandbox tid:01dde357b3529c318a4f1f1214810cd1 - Created new party record in participant local store: PartyRecord(party=Charlie::1220a82f9051f4828b80d8cf6620fba66562303f110452605ba6bb45381683dc7d49, metadata=ObjectMeta(None,Map()), identityProviderId=Default)
2026-01-13 16:36:31,627 [daml.index.db.threadpool.connection.indexer-2] INFO  c.d.c.p.i.MeteringAggregator:participant=sandbox - Aggregating transaction metering for LedgerMeteringEnd(Offset(Bytes()),2026-01-13T11:00:00Z)
2026-01-13 16:36:31,628 [daml.index.db.threadpool.connection.indexer-2] INFO  c.d.c.p.i.MeteringAggregator:participant=sandbox - Aggregating transaction metering completed up to LedgerMeteringEnd(Offset(Bytes()),2026-01-13T11:00:00Z)
2026-01-13 16:36:39,550 [canton-env-ec-84] INFO  c.d.c.p.a.s.c.CommandSubmissionServiceImpl:participant=sandbox tid:289ec8351aa9bf5aae773afe4104ff0c - Phase 1 started: Submitting commands for interpretation: Commands(
  commandId = 19297d04-7926-47b2-b2e7-281f4a582cdd,
  submissionId = 9c7d14c1-0dfa-4c9f-96ca-17adcee99958,
  applicationId = asset-transfer-app,
  actAs = Alice::12202aaf07c3...,
  submittedAt = 2026-01-13T11:06:39.543594Z,
  ledgerEffectiveTime = 2026-01-13T11:06:39.543594Z,
  deduplicationPeriod = (duration=PT168H),
  ...
).
2026-01-13 16:36:39,567 [canton-env-ec-81] INFO  c.d.c.p.s.CantonSyncService:participant=sandbox tid:289ec8351aa9bf5aae773afe4104ff0c - UNKNOWN_SUBMITTERS(11,289ec835): The participant is not connected to any domain where the given submitters are known. err-context:{applicationId=asset-transfer-app, commandId=19297d04-7926-47b2-b2e7-281f4a582cdd, location=TransactionRoutingError.scala:299, unknownSubmitters=Set(Alice::12202aaf07c30d1a9f3117a9238054195db8678bfddaaea3046cca5392749d4a97da)} 
2026-01-13 16:36:39,568 [canton-env-ec-84] INFO  c.d.c.p.a.s.c.CommandSubmissionServiceImpl:participant=sandbox tid:289ec8351aa9bf5aae773afe4104ff0c - Rejected: Submission failed with error UNKNOWN_SUBMITTERS(11,289ec835): The participant is not connected to any domain where the given submitters are known.
2026-01-13 16:36:39,568 [canton-env-ec-84] INFO  c.d.c.n.g.ApiRequestLogger:participant=sandbox tid:289ec8351aa9bf5aae773afe4104ff0c - Request c.d.l.a.v.CommandService/SubmitAndWaitForTransaction by /127.0.0.1:57706: failed with NOT_FOUND/UNKNOWN_SUBMITTERS(11,289ec835): The participant is not connected to any domain where the given submitters are known.
2026-01-13 16:36:58,955 [canton-env-ec-27] INFO  c.d.c.p.a.s.c.CommandSubmissionServiceImpl:participant=sandbox tid:51a8baaca2f5466c1105761892cfb58a - Phase 1 started: Submitting commands for interpretation: Commands(
  commandId = fdf363b7-901f-49b2-a709-f874d31b6e54,
  submissionId = 9879da60-01a3-423c-ae9e-dca65a8da450,
  applicationId = asset-transfer-app,
  actAs = Alice::1220a82f9051...,
  submittedAt = 2026-01-13T11:06:58.946931Z,
  ledgerEffectiveTime = 2026-01-13T11:06:58.946930Z,
  deduplicationPeriod = (duration=PT168H),
  ...
).
2026-01-13 16:36:59,436 [canton-env-ec-78] INFO  c.d.c.p.p.TransactionProcessor:participant=sandbox/domainId=local::1220e43d5d01 tid:51a8baaca2f5466c1105761892cfb58a - Phase 1 completed: Submitting 3 envelopes for Transaction request, submitters Alice::1220a82f9051..., command-id fdf363b7-901f-49b2-a709-f874d31b6e54
2026-01-13 16:36:59,444 [canton-env-ec-78] INFO  c.d.c.d.s.s.GrpcSequencerService:domain=local tid:51a8baaca2f5466c1105761892cfb58a - 'PAR::sandbox::1220a82f9051...' sends request with id '581bd8a3-90de-44af-8fd9-c4834bbc87c3' of size 2392 bytes with 3 envelopes.
2026-01-13 16:36:59,465 [canton-env-ec-70] INFO  c.d.c.p.p.DefaultMessageDispatcher:participant=sandbox/domainId=local::1220e43d5d01 tid:51a8baaca2f5466c1105761892cfb58a - Processing event at sc=18, ts=2026-01-13T11:06:59.449540Z, messageId=581bd8a3-90de-44af-8fd9-c4834bbc87c3, with contents=Seq(RootHashMessage(root hash = SHA-256:4ead1aaa0c30..., payload size = 0), EncryptedViewMessageV2(view hash = ViewHash(SHA-256:fc05d6b8d74b...), view type = TransactionViewType, size = 1006))
2026-01-13 16:36:59,470 [canton-env-ec-78] INFO  c.d.c.p.p.TransactionProcessor:participant=sandbox/domainId=local::1220e43d5d01 tid:51a8baaca2f5466c1105761892cfb58a - Phase 3: Validating Transaction request=2026-01-13T11:06:59.449540Z with 1 envelope(s)
2026-01-13 16:36:59,502 [canton-env-ec-70] INFO  c.d.c.d.m.ConfirmationResponseProcessor:domain=local/node=mediator tid:51a8baaca2f5466c1105761892cfb58a - Phase 2: Registered request=2026-01-13T11:06:59.449540Z with 1 view(s). Initial state: ViewPosition("") -> ViewState(
  quorumsState = Seq(Quorum(confirmers = Alice::1220a82f9051... -> 1, threshold = 1), Quorum(confirmers = sandbox::1220a82f9051... -> 1, threshold = 1)),
  consortiumVoting = Map(Alice::1220a82f9051... -> ConsortiumVotingState(), sandbox::1220a82f9051... -> ConsortiumVotingState()),
  rejections = Seq()
)
2026-01-13 16:36:59,629 [canton-env-ec-73] INFO  c.d.c.p.p.TransactionProcessor:participant=sandbox/domainId=local::1220e43d5d01 tid:51a8baaca2f5466c1105761892cfb58a - Phase 4: Sending for request=2026-01-13T11:06:59.449540Z with msgId=e1d3a13f-1c06-40a1-a2eb-245d01beac4a approved=1, rejected=0
2026-01-13 16:36:59,634 [canton-env-ec-80] INFO  c.d.c.d.s.s.GrpcSequencerService:domain=local tid:51a8baaca2f5466c1105761892cfb58a - 'PAR::sandbox::1220a82f9051...' sends request with id 'e1d3a13f-1c06-40a1-a2eb-245d01beac4a' of size 732 bytes with 1 envelopes.
2026-01-13 16:36:59,640 [canton-env-ec-20] INFO  c.d.c.p.p.DefaultMessageDispatcher:participant=sandbox/domainId=local::1220e43d5d01 tid:51a8baaca2f5466c1105761892cfb58a - Processing event at sc=19, ts=2026-01-13T11:06:59.635945Z, messageId=e1d3a13f-1c06-40a1-a2eb-245d01beac4a, with contents=Seq()
2026-01-13 16:36:59,653 [canton-env-ec-68] INFO  c.d.c.d.m.ConfirmationResponseProcessor:domain=local/node=mediator tid:51a8baaca2f5466c1105761892cfb58a - Phase 5: Received responses for request=RequestId(2026-01-13T11:06:59.449540Z): ParticipantResponse(sender = PAR::sandbox::1220a82f9051..., ts = 2026-01-13T11:06:59.635945Z, approved = 1)
2026-01-13 16:36:59,677 [canton-env-ec-75] INFO  c.d.c.d.m.ConfirmationResponseProcessor:domain=local/node=mediator tid:51a8baaca2f5466c1105761892cfb58a - Phase 6: Finalized request=RequestId(2026-01-13T11:06:59.449540Z) with verdict Approve
2026-01-13 16:36:59,690 [canton-env-ec-84] INFO  c.d.c.d.s.s.GrpcSequencerService:domain=local tid:51a8baaca2f5466c1105761892cfb58a - 'MED::local::1220e43d5d01...' sends request with id 'mmid:verdict:1768302419449540' of size 703 bytes with 1 envelopes.
2026-01-13 16:36:59,852 [canton-env-ec-74] INFO  c.d.c.p.p.DefaultMessageDispatcher:participant=sandbox/domainId=local::1220e43d5d01 tid:51a8baaca2f5466c1105761892cfb58a - Processing event at sc=20, ts=2026-01-13T11:06:59.693404Z, with contents=SignedProtocolMessage(
  TransactionResultMessage(requestId = 2026-01-13T11:06:59.449540Z, verdict = Approve, rootHash = SHA-256:4ead1aaa0c30..., domainId = local::1220e43d5d01...),
  signatures = Signature(signature = cc70fec58d52, signedBy = 12202894b251...)
)
2026-01-13 16:36:59,965 [input-mapping-pool-7] INFO  c.d.c.p.i.p.ParallelIndexerSubscription:participant=sandbox tid:51a8baaca2f5466c1105761892cfb58a - Phase 7: Storing at offset=000000000000000008 TransactionAccepted(
  recordTime = 2026-01-13T11:06:59.449540Z,
  transactionId = 12204ead1aaa0c306ede387ec41b6af24e04ce3545ff2e48cdbe3a86db36cec297dd,
  transactionMeta = TransactionMeta(ledgerEffectiveTime = 2026-01-13T11:06:58.946930Z, submissionTime = 2026-01-13T11:06:58.946930Z, domainId = local::1220e43d5d01..., ...),
  completion = CompletionInfo(
    actAs = Alice::1220a82f9051...,
    commandId = fdf363b7-901f-49b2-a709-f874d31b6e54,
    applicationId = asset-transfer-app,
    deduplication period = (offset=Offset(Bytes(000000000000000001))),
    submissionId = Some(9879da60-01a3-423c-ae9e-dca65a8da450),
    ...
  ),
  nodes = 1,
  roots = 1,
  ...
)
2026-01-13 16:37:00,018 [canton-env-ec-84] INFO  c.d.c.p.a.s.t.TransactionServiceImpl:participant=sandbox - Received request for flat transaction by ID, ledgerId -> 'sandbox', transactionId -> '12204ead1aaa0c306ede387ec41b6af24e04ce3545ff2e48cdbe3a86db36cec297dd', parties -> ['Alice::1220a82f9051f4828b80d8cf6620fba66562303f110452605ba6bb45381683dc7d49'].
2026-01-13 16:37:00,395 [canton-env-ec-27] INFO  c.d.c.p.a.s.ApiActiveContractsService:participant=sandbox tid:f8e0703b34cda51d82cc19b14b5b3e17 - Received request for active contracts: GetActiveContractsRequest(sandbox,Some(TransactionFilter(Map(Alice::1220a82f9051f4828b80d8cf6620fba66562303f110452605ba6bb45381683dc7d49 -> Filters(Some(InclusiveFilters(Vector(Identifier(3871bbf7cc5081b11362b3f94db3563d34f3e61465fc4032798a77c406a862b2,Main,Asset)),Vector(),Vector())))))),true,), filters -> {Alice::1220a82f9051f4828b80d8cf6620fba66562303f110452605ba6bb45381683dc7d49: ['3871bbf7cc5081b11362b3f94db3563d34f3e61465fc4032798a77c406a862b2:Main:Asset']}.
2026-01-13 16:37:00,463 [canton-env-ec-73] INFO  c.d.c.p.a.s.t.TransactionServiceImpl:participant=sandbox tid:9ffdeffd368c7137bd6899c22e751083 - Received request for transactions, startExclusive -> '000000000000000008', endInclusive -> '%end%', filters -> {Alice::1220a82f9051f4828b80d8cf6620fba66562303f110452605ba6bb45381683dc7d49: ['3871bbf7cc5081b11362b3f94db3563d34f3e61465fc4032798a77c406a862b2:Main:Asset']}, verbose -> true, ledgerId -> 'sandbox'.
2026-01-13 16:37:00,600 [canton-env-ec-20] INFO  c.d.c.p.a.s.c.CommandSubmissionServiceImpl:participant=sandbox tid:7cc40b609424221260548418dd4007d2 - Phase 1 started: Submitting commands for interpretation: Commands(
  commandId = 31884ceb-6030-4a1d-8219-3b72e0afbe1e,
  submissionId = cae4b382-2f5a-4d9e-96b1-8fe02341e7e7,
  applicationId = asset-transfer-app,
  actAs = Alice::1220a82f9051...,
  submittedAt = 2026-01-13T11:07:00.598537Z,
  ledgerEffectiveTime = 2026-01-13T11:07:00.598537Z,
  deduplicationPeriod = (duration=PT168H),
  ...
).
2026-01-13 16:37:00,755 [canton-env-ec-70] INFO  c.d.c.p.p.TransactionProcessor:participant=sandbox/domainId=local::1220e43d5d01 tid:7cc40b609424221260548418dd4007d2 - Phase 1 completed: Submitting 3 envelopes for Transaction request, submitters Alice::1220a82f9051..., command-id 31884ceb-6030-4a1d-8219-3b72e0afbe1e
2026-01-13 16:37:00,763 [canton-env-ec-74] INFO  c.d.c.d.s.s.GrpcSequencerService:domain=local tid:7cc40b609424221260548418dd4007d2 - 'PAR::sandbox::1220a82f9051...' sends request with id 'f75c6118-8c92-4eb9-90d0-a464bbc1a436' of size 2637 bytes with 3 envelopes.
2026-01-13 16:37:00,783 [canton-env-ec-20] INFO  c.d.c.p.p.DefaultMessageDispatcher:participant=sandbox/domainId=local::1220e43d5d01 tid:7cc40b609424221260548418dd4007d2 - Processing event at sc=21, ts=2026-01-13T11:07:00.772668Z, messageId=f75c6118-8c92-4eb9-90d0-a464bbc1a436, with contents=Seq(RootHashMessage(root hash = SHA-256:d76d7e8c0b16..., payload size = 0), EncryptedViewMessageV2(view hash = ViewHash(SHA-256:6748f2230db6...), view type = TransactionViewType, size = 1246))
2026-01-13 16:37:00,786 [canton-env-ec-78] INFO  c.d.c.p.p.TransactionProcessor:participant=sandbox/domainId=local::1220e43d5d01 tid:7cc40b609424221260548418dd4007d2 - Phase 3: Validating Transaction request=2026-01-13T11:07:00.772668Z with 1 envelope(s)
2026-01-13 16:37:00,792 [canton-env-ec-80] INFO  c.d.c.d.m.ConfirmationResponseProcessor:domain=local/node=mediator tid:7cc40b609424221260548418dd4007d2 - Phase 2: Registered request=2026-01-13T11:07:00.772668Z with 1 view(s). Initial state: ViewPosition("") -> ViewState(
  quorumsState = Seq(Quorum(confirmers = Alice::1220a82f9051... -> 1, threshold = 1), Quorum(confirmers = sandbox::1220a82f9051... -> 1, threshold = 1)),
  consortiumVoting = Map(Alice::1220a82f9051... -> ConsortiumVotingState(), sandbox::1220a82f9051... -> ConsortiumVotingState()),
  rejections = Seq()
)
2026-01-13 16:37:00,820 [canton-env-ec-73] INFO  c.d.c.p.p.TransactionProcessor:participant=sandbox/domainId=local::1220e43d5d01 tid:7cc40b609424221260548418dd4007d2 - Phase 4: Sending for request=2026-01-13T11:07:00.772668Z with msgId=61563890-86eb-4c1a-ad26-f111bcd0c485 approved=1, rejected=0
2026-01-13 16:37:00,825 [canton-env-ec-73] INFO  c.d.c.d.s.s.GrpcSequencerService:domain=local tid:7cc40b609424221260548418dd4007d2 - 'PAR::sandbox::1220a82f9051...' sends request with id '61563890-86eb-4c1a-ad26-f111bcd0c485' of size 727 bytes with 1 envelopes.
2026-01-13 16:37:00,839 [canton-env-ec-84] INFO  c.d.c.p.p.DefaultMessageDispatcher:participant=sandbox/domainId=local::1220e43d5d01 tid:7cc40b609424221260548418dd4007d2 - Processing event at sc=22, ts=2026-01-13T11:07:00.826797Z, messageId=61563890-86eb-4c1a-ad26-f111bcd0c485, with contents=Seq()
2026-01-13 16:37:00,841 [canton-env-ec-21] INFO  c.d.c.d.m.ConfirmationResponseProcessor:domain=local/node=mediator tid:7cc40b609424221260548418dd4007d2 - Phase 5: Received responses for request=RequestId(2026-01-13T11:07:00.772668Z): ParticipantResponse(sender = PAR::sandbox::1220a82f9051..., ts = 2026-01-13T11:07:00.826797Z, approved = 1)
2026-01-13 16:37:00,847 [canton-env-ec-74] INFO  c.d.c.d.m.ConfirmationResponseProcessor:domain=local/node=mediator tid:7cc40b609424221260548418dd4007d2 - Phase 6: Finalized request=RequestId(2026-01-13T11:07:00.772668Z) with verdict Approve
2026-01-13 16:37:00,853 [canton-env-ec-78] INFO  c.d.c.d.s.s.GrpcSequencerService:domain=local tid:7cc40b609424221260548418dd4007d2 - 'MED::local::1220e43d5d01...' sends request with id 'mmid:verdict:1768302420772668' of size 702 bytes with 1 envelopes.
2026-01-13 16:37:00,864 [canton-env-ec-84] INFO  c.d.c.p.p.DefaultMessageDispatcher:participant=sandbox/domainId=local::1220e43d5d01 tid:7cc40b609424221260548418dd4007d2 - Processing event at sc=23, ts=2026-01-13T11:07:00.856369Z, with contents=SignedProtocolMessage(
  TransactionResultMessage(requestId = 2026-01-13T11:07:00.772668Z, verdict = Approve, rootHash = SHA-256:d76d7e8c0b16..., domainId = local::1220e43d5d01...),
  signatures = Signature(signature = 497ff94de543, signedBy = 12202894b251...)
)
2026-01-13 16:37:00,881 [input-mapping-pool-8] INFO  c.d.c.p.i.p.ParallelIndexerSubscription:participant=sandbox tid:7cc40b609424221260548418dd4007d2 - Phase 7: Storing at offset=000000000000000009 TransactionAccepted(
  recordTime = 2026-01-13T11:07:00.772668Z,
  transactionId = 1220d76d7e8c0b16c2832e369278d6a86fd6a802ba06f64edcce33fc2324e79ae480,
  transactionMeta = TransactionMeta(ledgerEffectiveTime = 2026-01-13T11:07:00.598537Z, submissionTime = 2026-01-13T11:07:00.598537Z, domainId = local::1220e43d5d01..., ...),
  completion = CompletionInfo(
    actAs = Alice::1220a82f9051...,
    commandId = 31884ceb-6030-4a1d-8219-3b72e0afbe1e,
    applicationId = asset-transfer-app,
    deduplication period = (offset=Offset(Bytes(000000000000000001))),
    submissionId = Some(cae4b382-2f5a-4d9e-96b1-8fe02341e7e7),
    ...
  ),
  nodes = 2,
  roots = 1,
  ...
)
2026-01-13 16:37:00,897 [canton-env-ec-21] INFO  c.d.c.p.a.s.t.TransactionServiceImpl:participant=sandbox - Received request for transaction by ID, ledgerId -> 'sandbox', transactionId -> '1220d76d7e8c0b16c2832e369278d6a86fd6a802ba06f64edcce33fc2324e79ae480', parties -> ['Alice::1220a82f9051f4828b80d8cf6620fba66562303f110452605ba6bb45381683dc7d49'].
2026-01-13 16:37:18,723 [canton-env-ec-80] INFO  c.d.c.p.a.s.ApiActiveContractsService:participant=sandbox tid:638b090b5477e5b68f9a0c0712b7a105 - Received request for active contracts: GetActiveContractsRequest(sandbox,Some(TransactionFilter(Map(Alice::1220a82f9051f4828b80d8cf6620fba66562303f110452605ba6bb45381683dc7d49 -> Filters(Some(InclusiveFilters(Vector(Identifier(3871bbf7cc5081b11362b3f94db3563d34f3e61465fc4032798a77c406a862b2,Main,Asset)),Vector(),Vector())))))),true,), filters -> {Alice::1220a82f9051f4828b80d8cf6620fba66562303f110452605ba6bb45381683dc7d49: ['3871bbf7cc5081b11362b3f94db3563d34f3e61465fc4032798a77c406a862b2:Main:Asset']}.
2026-01-13 16:37:18,743 [canton-env-ec-70] INFO  c.d.c.p.a.s.t.TransactionServiceImpl:participant=sandbox tid:5992769046c7aabc83dc82158ce87e56 - Received request for transactions, startExclusive -> '000000000000000009', endInclusive -> '%end%', filters -> {Alice::1220a82f9051f4828b80d8cf6620fba66562303f110452605ba6bb45381683dc7d49: ['3871bbf7cc5081b11362b3f94db3563d34f3e61465fc4032798a77c406a862b2:Main:Asset']}, verbose -> true, ledgerId -> 'sandbox'.
2026-01-13 16:37:18,798 [canton-env-ec-21] INFO  c.d.c.p.a.s.ApiActiveContractsService:participant=sandbox tid:ec172e560bbd6aaaac0331cb346bdd43 - Received request for active contracts: GetActiveContractsRequest(sandbox,Some(TransactionFilter(Map(Alice::1220a82f9051f4828b80d8cf6620fba66562303f110452605ba6bb45381683dc7d49 -> Filters(Some(InclusiveFilters(Vector(Identifier(3871bbf7cc5081b11362b3f94db3563d34f3e61465fc4032798a77c406a862b2,Main,Asset)),Vector(),Vector())))))),true,), filters -> {Alice::1220a82f9051f4828b80d8cf6620fba66562303f110452605ba6bb45381683dc7d49: ['3871bbf7cc5081b11362b3f94db3563d34f3e61465fc4032798a77c406a862b2:Main:Asset']}.
2026-01-13 16:37:18,822 [canton-env-ec-68] INFO  c.d.c.p.a.s.t.TransactionServiceImpl:participant=sandbox tid:e1d780af02cec47cefc42c3f19cedffe - Received request for transactions, startExclusive -> '000000000000000009', endInclusive -> '%end%', filters -> {Alice::1220a82f9051f4828b80d8cf6620fba66562303f110452605ba6bb45381683dc7d49: ['3871bbf7cc5081b11362b3f94db3563d34f3e61465fc4032798a77c406a862b2:Main:Asset']}, verbose -> true, ledgerId -> 'sandbox'.
2026-01-13 16:37:18,877 [canton-env-ec-68] INFO  c.d.c.p.a.s.ApiActiveContractsService:participant=sandbox tid:22b1aeda2d77a2fd9ce1882834f87b62 - Received request for active contracts: GetActiveContractsRequest(sandbox,Some(TransactionFilter(Map(Alice::1220a82f9051f4828b80d8cf6620fba66562303f110452605ba6bb45381683dc7d49 -> Filters(Some(InclusiveFilters(Vector(Identifier(3871bbf7cc5081b11362b3f94db3563d34f3e61465fc4032798a77c406a862b2,Main,TransferProposal)),Vector(),Vector())))))),true,), filters -> {Alice::1220a82f9051f4828b80d8cf6620fba66562303f110452605ba6bb45381683dc7d49: ['3871bbf7cc5081b11362b3f94db3563d34f3e61465fc4032798a77c406a862b2:Main:TransferProposal']}.
2026-01-13 16:37:18,895 [canton-env-ec-74] INFO  c.d.c.p.a.s.t.TransactionServiceImpl:participant=sandbox tid:372d507d1ab8571ebc210f5cc3a830d2 - Received request for transactions, startExclusive -> '000000000000000009', endInclusive -> '%end%', filters -> {Alice::1220a82f9051f4828b80d8cf6620fba66562303f110452605ba6bb45381683dc7d49: ['3871bbf7cc5081b11362b3f94db3563d34f3e61465fc4032798a77c406a862b2:Main:TransferProposal']}, verbose -> true, ledgerId -> 'sandbox'.
2026-01-13 16:37:23,412 [canton-env-ec-74] INFO  c.d.c.p.a.s.c.CommandSubmissionServiceImpl:participant=sandbox tid:b4f934cbd806d04edddfd0fe751c1b6f - Phase 1 started: Submitting commands for interpretation: Commands(
  commandId = 7552619a-7e00-4288-82b7-c09ab9acc677,
  submissionId = 10dc5d34-2638-40aa-adcf-5752cdeb293a,
  applicationId = asset-transfer-app,
  actAs = Alice::1220a82f9051...,
  submittedAt = 2026-01-13T11:07:23.410523Z,
  ledgerEffectiveTime = 2026-01-13T11:07:23.410523Z,
  deduplicationPeriod = (duration=PT168H),
  ...
).
2026-01-13 16:37:23,467 [canton-env-ec-68] INFO  c.d.c.p.p.TransactionProcessor:participant=sandbox/domainId=local::1220e43d5d01 tid:b4f934cbd806d04edddfd0fe751c1b6f - Phase 1 completed: Submitting 3 envelopes for Transaction request, submitters Alice::1220a82f9051..., command-id 7552619a-7e00-4288-82b7-c09ab9acc677
2026-01-13 16:37:23,475 [canton-env-ec-70] INFO  c.d.c.d.s.s.GrpcSequencerService:domain=local tid:b4f934cbd806d04edddfd0fe751c1b6f - 'PAR::sandbox::1220a82f9051...' sends request with id 'ba438517-0958-4cdf-82cc-d56a036f18da' of size 2366 bytes with 3 envelopes.
2026-01-13 16:37:23,503 [canton-env-ec-72] INFO  c.d.c.p.p.DefaultMessageDispatcher:participant=sandbox/domainId=local::1220e43d5d01 tid:b4f934cbd806d04edddfd0fe751c1b6f - Processing event at sc=24, ts=2026-01-13T11:07:23.484750Z, messageId=ba438517-0958-4cdf-82cc-d56a036f18da, with contents=Seq(RootHashMessage(root hash = SHA-256:6efb927cc863..., payload size = 0), EncryptedViewMessageV2(view hash = ViewHash(SHA-256:7cb07e7408a2...), view type = TransactionViewType, size = 981))
2026-01-13 16:37:23,505 [canton-env-ec-70] INFO  c.d.c.p.p.TransactionProcessor:participant=sandbox/domainId=local::1220e43d5d01 tid:b4f934cbd806d04edddfd0fe751c1b6f - Phase 3: Validating Transaction request=2026-01-13T11:07:23.484750Z with 1 envelope(s)
2026-01-13 16:37:23,514 [canton-env-ec-81] INFO  c.d.c.d.m.ConfirmationResponseProcessor:domain=local/node=mediator tid:b4f934cbd806d04edddfd0fe751c1b6f - Phase 2: Registered request=2026-01-13T11:07:23.484750Z with 1 view(s). Initial state: ViewPosition("") -> ViewState(
  quorumsState = Seq(Quorum(confirmers = Alice::1220a82f9051... -> 1, threshold = 1), Quorum(confirmers = sandbox::1220a82f9051... -> 1, threshold = 1)),
  consortiumVoting = Map(Alice::1220a82f9051... -> ConsortiumVotingState(), sandbox::1220a82f9051... -> ConsortiumVotingState()),
  rejections = Seq()
)
2026-01-13 16:37:23,530 [canton-env-ec-74] INFO  c.d.c.p.p.TransactionProcessor:participant=sandbox/domainId=local::1220e43d5d01 tid:b4f934cbd806d04edddfd0fe751c1b6f - Phase 4: Sending for request=2026-01-13T11:07:23.484750Z with msgId=bea85ee0-c011-486b-939e-51c19fdd976d approved=1, rejected=0
2026-01-13 16:37:23,534 [canton-env-ec-78] INFO  c.d.c.d.s.s.GrpcSequencerService:domain=local tid:b4f934cbd806d04edddfd0fe751c1b6f - 'PAR::sandbox::1220a82f9051...' sends request with id 'bea85ee0-c011-486b-939e-51c19fdd976d' of size 733 bytes with 1 envelopes.
2026-01-13 16:37:23,541 [canton-env-ec-78] INFO  c.d.c.p.p.DefaultMessageDispatcher:participant=sandbox/domainId=local::1220e43d5d01 tid:b4f934cbd806d04edddfd0fe751c1b6f - Processing event at sc=25, ts=2026-01-13T11:07:23.536101Z, messageId=bea85ee0-c011-486b-939e-51c19fdd976d, with contents=Seq()
2026-01-13 16:37:23,542 [canton-env-ec-78] INFO  c.d.c.d.m.ConfirmationResponseProcessor:domain=local/node=mediator tid:b4f934cbd806d04edddfd0fe751c1b6f - Phase 5: Received responses for request=RequestId(2026-01-13T11:07:23.484750Z): ParticipantResponse(sender = PAR::sandbox::1220a82f9051..., ts = 2026-01-13T11:07:23.536101Z, approved = 1)
2026-01-13 16:37:23,547 [canton-env-ec-68] INFO  c.d.c.d.m.ConfirmationResponseProcessor:domain=local/node=mediator tid:b4f934cbd806d04edddfd0fe751c1b6f - Phase 6: Finalized request=RequestId(2026-01-13T11:07:23.484750Z) with verdict Approve
2026-01-13 16:37:23,551 [canton-env-ec-69] INFO  c.d.c.d.s.s.GrpcSequencerService:domain=local tid:b4f934cbd806d04edddfd0fe751c1b6f - 'MED::local::1220e43d5d01...' sends request with id 'mmid:verdict:1768302443484750' of size 704 bytes with 1 envelopes.
2026-01-13 16:37:23,557 [canton-env-ec-70] INFO  c.d.c.p.p.DefaultMessageDispatcher:participant=sandbox/domainId=local::1220e43d5d01 tid:b4f934cbd806d04edddfd0fe751c1b6f - Processing event at sc=26, ts=2026-01-13T11:07:23.552694Z, with contents=SignedProtocolMessage(
  TransactionResultMessage(requestId = 2026-01-13T11:07:23.484750Z, verdict = Approve, rootHash = SHA-256:6efb927cc863..., domainId = local::1220e43d5d01...),
  signatures = Signature(signature = 4bf376d17203, signedBy = 12202894b251...)
)
2026-01-13 16:37:23,566 [input-mapping-pool-9] INFO  c.d.c.p.i.p.ParallelIndexerSubscription:participant=sandbox tid:b4f934cbd806d04edddfd0fe751c1b6f - Phase 7: Storing at offset=00000000000000000a TransactionAccepted(
  recordTime = 2026-01-13T11:07:23.484750Z,
  transactionId = 12206efb927cc8633b6f50ad6ba13e927811cf9c874e392278cf4ccc9cd78aecb4df,
  transactionMeta = TransactionMeta(ledgerEffectiveTime = 2026-01-13T11:07:23.410523Z, submissionTime = 2026-01-13T11:07:23.410523Z, domainId = local::1220e43d5d01..., ...),
  completion = CompletionInfo(
    actAs = Alice::1220a82f9051...,
    commandId = 7552619a-7e00-4288-82b7-c09ab9acc677,
    applicationId = asset-transfer-app,
    deduplication period = (offset=Offset(Bytes(000000000000000001))),
    submissionId = Some(10dc5d34-2638-40aa-adcf-5752cdeb293a),
    ...
  ),
  nodes = 1,
  roots = 1,
  ...
)
2026-01-13 16:37:23,572 [canton-env-ec-78] INFO  c.d.c.p.a.s.t.TransactionServiceImpl:participant=sandbox - Received request for flat transaction by ID, ledgerId -> 'sandbox', transactionId -> '12206efb927cc8633b6f50ad6ba13e927811cf9c874e392278cf4ccc9cd78aecb4df', parties -> ['Alice::1220a82f9051f4828b80d8cf6620fba66562303f110452605ba6bb45381683dc7d49'].
2026-01-13 16:37:23,640 [canton-env-ec-73] INFO  c.d.c.p.a.s.ApiActiveContractsService:participant=sandbox tid:d4e823e8eba8ca632acba8f2eae903e4 - Received request for active contracts: GetActiveContractsRequest(sandbox,Some(TransactionFilter(Map(Alice::1220a82f9051f4828b80d8cf6620fba66562303f110452605ba6bb45381683dc7d49 -> Filters(Some(InclusiveFilters(Vector(Identifier(3871bbf7cc5081b11362b3f94db3563d34f3e61465fc4032798a77c406a862b2,Main,Asset)),Vector(),Vector())))))),true,), filters -> {Alice::1220a82f9051f4828b80d8cf6620fba66562303f110452605ba6bb45381683dc7d49: ['3871bbf7cc5081b11362b3f94db3563d34f3e61465fc4032798a77c406a862b2:Main:Asset']}.
2026-01-13 16:37:23,650 [canton-env-ec-69] INFO  c.d.c.p.a.s.t.TransactionServiceImpl:participant=sandbox tid:d0c46e8252dfb225d3650c6ecd78f862 - Received request for transactions, startExclusive -> '00000000000000000a', endInclusive -> '%end%', filters -> {Alice::1220a82f9051f4828b80d8cf6620fba66562303f110452605ba6bb45381683dc7d49: ['3871bbf7cc5081b11362b3f94db3563d34f3e61465fc4032798a77c406a862b2:Main:Asset']}, verbose -> true, ledgerId -> 'sandbox'.
2026-01-13 16:37:23,728 [canton-env-ec-70] INFO  c.d.c.p.a.s.ApiActiveContractsService:participant=sandbox tid:d88693ef4e13aa93c2c25912857d27ca - Received request for active contracts: GetActiveContractsRequest(sandbox,Some(TransactionFilter(Map(Alice::1220a82f9051f4828b80d8cf6620fba66562303f110452605ba6bb45381683dc7d49 -> Filters(Some(InclusiveFilters(Vector(Identifier(3871bbf7cc5081b11362b3f94db3563d34f3e61465fc4032798a77c406a862b2,Main,TransferProposal)),Vector(),Vector())))))),true,), filters -> {Alice::1220a82f9051f4828b80d8cf6620fba66562303f110452605ba6bb45381683dc7d49: ['3871bbf7cc5081b11362b3f94db3563d34f3e61465fc4032798a77c406a862b2:Main:TransferProposal']}.
2026-01-13 16:37:23,738 [canton-env-ec-69] INFO  c.d.c.p.a.s.t.TransactionServiceImpl:participant=sandbox tid:c2126085374ef572da24dc1b7ead9ec1 - Received request for transactions, startExclusive -> '00000000000000000a', endInclusive -> '%end%', filters -> {Alice::1220a82f9051f4828b80d8cf6620fba66562303f110452605ba6bb45381683dc7d49: ['3871bbf7cc5081b11362b3f94db3563d34f3e61465fc4032798a77c406a862b2:Main:TransferProposal']}, verbose -> true, ledgerId -> 'sandbox'.
2026-01-13 16:37:28,779 [canton-env-ec-20] INFO  c.d.c.p.a.s.c.CommandSubmissionServiceImpl:participant=sandbox tid:acb06a707749a7598f83c8a6dda31c4f - Phase 1 started: Submitting commands for interpretation: Commands(
  commandId = c5d119c6-abef-4eec-927d-bff22c8902a1,
  submissionId = b4435b03-fe18-4a4e-a19d-0b227a4640a9,
  applicationId = asset-transfer-app,
  actAs = Alice::1220a82f9051...,
  submittedAt = 2026-01-13T11:07:28.777171Z,
  ledgerEffectiveTime = 2026-01-13T11:07:28.777170Z,
  deduplicationPeriod = (duration=PT168H),
  ...
).
2026-01-13 16:37:28,819 [canton-env-ec-74] INFO  c.d.c.p.p.TransactionProcessor:participant=sandbox/domainId=local::1220e43d5d01 tid:acb06a707749a7598f83c8a6dda31c4f - Phase 1 completed: Submitting 3 envelopes for Transaction request, submitters Alice::1220a82f9051..., command-id c5d119c6-abef-4eec-927d-bff22c8902a1
2026-01-13 16:37:28,829 [canton-env-ec-75] INFO  c.d.c.d.s.s.GrpcSequencerService:domain=local tid:acb06a707749a7598f83c8a6dda31c4f - 'PAR::sandbox::1220a82f9051...' sends request with id '76aa1243-7a8b-48d0-aac1-b1e73007cdc1' of size 2389 bytes with 3 envelopes.
2026-01-13 16:37:28,849 [canton-env-ec-73] INFO  c.d.c.p.p.DefaultMessageDispatcher:participant=sandbox/domainId=local::1220e43d5d01 tid:acb06a707749a7598f83c8a6dda31c4f - Processing event at sc=27, ts=2026-01-13T11:07:28.833359Z, messageId=76aa1243-7a8b-48d0-aac1-b1e73007cdc1, with contents=Seq(RootHashMessage(root hash = SHA-256:002805183a6a..., payload size = 0), EncryptedViewMessageV2(view hash = ViewHash(SHA-256:90c516d684df...), view type = TransactionViewType, size = 1003))
2026-01-13 16:37:28,850 [canton-env-ec-73] INFO  c.d.c.p.p.TransactionProcessor:participant=sandbox/domainId=local::1220e43d5d01 tid:acb06a707749a7598f83c8a6dda31c4f - Phase 3: Validating Transaction request=2026-01-13T11:07:28.833359Z with 1 envelope(s)
2026-01-13 16:37:28,855 [canton-env-ec-69] INFO  c.d.c.d.m.ConfirmationResponseProcessor:domain=local/node=mediator tid:acb06a707749a7598f83c8a6dda31c4f - Phase 2: Registered request=2026-01-13T11:07:28.833359Z with 1 view(s). Initial state: ViewPosition("") -> ViewState(
  quorumsState = Seq(Quorum(confirmers = Alice::1220a82f9051... -> 1, threshold = 1), Quorum(confirmers = sandbox::1220a82f9051... -> 1, threshold = 1)),
  consortiumVoting = Map(Alice::1220a82f9051... -> ConsortiumVotingState(), sandbox::1220a82f9051... -> ConsortiumVotingState()),
  rejections = Seq()
)
2026-01-13 16:37:28,868 [canton-env-ec-72] INFO  c.d.c.p.p.TransactionProcessor:participant=sandbox/domainId=local::1220e43d5d01 tid:acb06a707749a7598f83c8a6dda31c4f - Phase 4: Sending for request=2026-01-13T11:07:28.833359Z with msgId=53247463-670e-42a5-b256-623b728a34a0 approved=1, rejected=0
2026-01-13 16:37:28,874 [canton-env-ec-78] INFO  c.d.c.d.s.s.GrpcSequencerService:domain=local tid:acb06a707749a7598f83c8a6dda31c4f - 'PAR::sandbox::1220a82f9051...' sends request with id '53247463-670e-42a5-b256-623b728a34a0' of size 733 bytes with 1 envelopes.
2026-01-13 16:37:28,886 [canton-env-ec-20] INFO  c.d.c.p.p.DefaultMessageDispatcher:participant=sandbox/domainId=local::1220e43d5d01 tid:acb06a707749a7598f83c8a6dda31c4f - Processing event at sc=28, ts=2026-01-13T11:07:28.876066Z, messageId=53247463-670e-42a5-b256-623b728a34a0, with contents=Seq()
2026-01-13 16:37:28,890 [canton-env-ec-29] INFO  c.d.c.d.m.ConfirmationResponseProcessor:domain=local/node=mediator tid:acb06a707749a7598f83c8a6dda31c4f - Phase 5: Received responses for request=RequestId(2026-01-13T11:07:28.833359Z): ParticipantResponse(sender = PAR::sandbox::1220a82f9051..., ts = 2026-01-13T11:07:28.876066Z, approved = 1)
2026-01-13 16:37:28,893 [canton-env-ec-29] INFO  c.d.c.d.m.ConfirmationResponseProcessor:domain=local/node=mediator tid:acb06a707749a7598f83c8a6dda31c4f - Phase 6: Finalized request=RequestId(2026-01-13T11:07:28.833359Z) with verdict Approve
2026-01-13 16:37:28,900 [canton-env-ec-22] INFO  c.d.c.d.s.s.GrpcSequencerService:domain=local tid:acb06a707749a7598f83c8a6dda31c4f - 'MED::local::1220e43d5d01...' sends request with id 'mmid:verdict:1768302448833359' of size 703 bytes with 1 envelopes.
2026-01-13 16:37:28,908 [canton-env-ec-30] INFO  c.d.c.p.p.DefaultMessageDispatcher:participant=sandbox/domainId=local::1220e43d5d01 tid:acb06a707749a7598f83c8a6dda31c4f - Processing event at sc=29, ts=2026-01-13T11:07:28.901467Z, with contents=SignedProtocolMessage(
  TransactionResultMessage(requestId = 2026-01-13T11:07:28.833359Z, verdict = Approve, rootHash = SHA-256:002805183a6a..., domainId = local::1220e43d5d01...),
  signatures = Signature(signature = a598e646e103, signedBy = 12202894b251...)
)
2026-01-13 16:37:28,919 [input-mapping-pool-10] INFO  c.d.c.p.i.p.ParallelIndexerSubscription:participant=sandbox tid:acb06a707749a7598f83c8a6dda31c4f - Phase 7: Storing at offset=00000000000000000b TransactionAccepted(
  recordTime = 2026-01-13T11:07:28.833359Z,
  transactionId = 1220002805183a6a1c21df239e5c6a561043ff56ae0ddede1f76f6f31d82895e7258,
  transactionMeta = TransactionMeta(ledgerEffectiveTime = 2026-01-13T11:07:28.777170Z, submissionTime = 2026-01-13T11:07:28.777170Z, domainId = local::1220e43d5d01..., ...),
  completion = CompletionInfo(
    actAs = Alice::1220a82f9051...,
    commandId = c5d119c6-abef-4eec-927d-bff22c8902a1,
    applicationId = asset-transfer-app,
    deduplication period = (offset=Offset(Bytes(000000000000000001))),
    submissionId = Some(b4435b03-fe18-4a4e-a19d-0b227a4640a9),
    ...
  ),
  nodes = 1,
  roots = 1,
  ...
)
2026-01-13 16:37:28,925 [canton-env-ec-74] INFO  c.d.c.p.a.s.t.TransactionServiceImpl:participant=sandbox - Received request for flat transaction by ID, ledgerId -> 'sandbox', transactionId -> '1220002805183a6a1c21df239e5c6a561043ff56ae0ddede1f76f6f31d82895e7258', parties -> ['Alice::1220a82f9051f4828b80d8cf6620fba66562303f110452605ba6bb45381683dc7d49'].
2026-01-13 16:37:28,982 [canton-env-ec-76] INFO  c.d.c.p.a.s.ApiActiveContractsService:participant=sandbox tid:53bc0293a0b1a401deb3cb48d04c78a6 - Received request for active contracts: GetActiveContractsRequest(sandbox,Some(TransactionFilter(Map(Alice::1220a82f9051f4828b80d8cf6620fba66562303f110452605ba6bb45381683dc7d49 -> Filters(Some(InclusiveFilters(Vector(Identifier(3871bbf7cc5081b11362b3f94db3563d34f3e61465fc4032798a77c406a862b2,Main,Asset)),Vector(),Vector())))))),true,), filters -> {Alice::1220a82f9051f4828b80d8cf6620fba66562303f110452605ba6bb45381683dc7d49: ['3871bbf7cc5081b11362b3f94db3563d34f3e61465fc4032798a77c406a862b2:Main:Asset']}.
2026-01-13 16:37:28,995 [canton-env-ec-79] INFO  c.d.c.p.a.s.t.TransactionServiceImpl:participant=sandbox tid:26accb170b5368f70380406fb368c7af - Received request for transactions, startExclusive -> '00000000000000000b', endInclusive -> '%end%', filters -> {Alice::1220a82f9051f4828b80d8cf6620fba66562303f110452605ba6bb45381683dc7d49: ['3871bbf7cc5081b11362b3f94db3563d34f3e61465fc4032798a77c406a862b2:Main:Asset']}, verbose -> true, ledgerId -> 'sandbox'.
2026-01-13 16:37:29,039 [canton-env-ec-79] INFO  c.d.c.p.a.s.c.CommandSubmissionServiceImpl:participant=sandbox tid:d64cea8c706c35301415f2004f374f62 - Phase 1 started: Submitting commands for interpretation: Commands(
  commandId = 798be267-1921-4f6d-8f49-4dae3b4114fe,
  submissionId = f180be57-cd18-4542-8b50-88bb8dc00d7b,
  applicationId = asset-transfer-app,
  actAs = Alice::1220a82f9051...,
  submittedAt = 2026-01-13T11:07:29.038766Z,
  ledgerEffectiveTime = 2026-01-13T11:07:29.038766Z,
  deduplicationPeriod = (duration=PT168H),
  ...
).
2026-01-13 16:37:29,059 [canton-env-ec-22] INFO  c.d.c.p.p.TransactionProcessor:participant=sandbox/domainId=local::1220e43d5d01 tid:d64cea8c706c35301415f2004f374f62 - Phase 1 completed: Submitting 3 envelopes for Transaction request, submitters Alice::1220a82f9051..., command-id 798be267-1921-4f6d-8f49-4dae3b4114fe
2026-01-13 16:37:29,062 [canton-env-ec-68] INFO  c.d.c.d.s.s.GrpcSequencerService:domain=local tid:d64cea8c706c35301415f2004f374f62 - 'PAR::sandbox::1220a82f9051...' sends request with id '419add12-5b13-4129-882a-aa2982b9660e' of size 2611 bytes with 3 envelopes.
2026-01-13 16:37:29,074 [canton-env-ec-77] INFO  c.d.c.p.p.DefaultMessageDispatcher:participant=sandbox/domainId=local::1220e43d5d01 tid:d64cea8c706c35301415f2004f374f62 - Processing event at sc=30, ts=2026-01-13T11:07:29.064680Z, messageId=419add12-5b13-4129-882a-aa2982b9660e, with contents=Seq(RootHashMessage(root hash = SHA-256:c53aea975444..., payload size = 0), EncryptedViewMessageV2(view hash = ViewHash(SHA-256:495208c784e2...), view type = TransactionViewType, size = 1226))
2026-01-13 16:37:29,075 [canton-env-ec-30] INFO  c.d.c.p.p.TransactionProcessor:participant=sandbox/domainId=local::1220e43d5d01 tid:d64cea8c706c35301415f2004f374f62 - Phase 3: Validating Transaction request=2026-01-13T11:07:29.064680Z with 1 envelope(s)
2026-01-13 16:37:29,077 [canton-env-ec-74] INFO  c.d.c.d.m.ConfirmationResponseProcessor:domain=local/node=mediator tid:d64cea8c706c35301415f2004f374f62 - Phase 2: Registered request=2026-01-13T11:07:29.064680Z with 1 view(s). Initial state: ViewPosition("") -> ViewState(
  quorumsState = Seq(Quorum(confirmers = Alice::1220a82f9051... -> 1, threshold = 1), Quorum(confirmers = sandbox::1220a82f9051... -> 1, threshold = 1)),
  consortiumVoting = Map(Alice::1220a82f9051... -> ConsortiumVotingState(), sandbox::1220a82f9051... -> ConsortiumVotingState()),
  rejections = Seq()
)
2026-01-13 16:37:29,095 [canton-env-ec-22] INFO  c.d.c.p.p.TransactionProcessor:participant=sandbox/domainId=local::1220e43d5d01 tid:d64cea8c706c35301415f2004f374f62 - Phase 4: Sending for request=2026-01-13T11:07:29.064680Z with msgId=7c323088-cc9c-4c6f-add8-33e813dcc348 approved=1, rejected=0
2026-01-13 16:37:29,098 [canton-env-ec-68] INFO  c.d.c.d.s.s.GrpcSequencerService:domain=local tid:d64cea8c706c35301415f2004f374f62 - 'PAR::sandbox::1220a82f9051...' sends request with id '7c323088-cc9c-4c6f-add8-33e813dcc348' of size 723 bytes with 1 envelopes.
2026-01-13 16:37:29,103 [canton-env-ec-27] INFO  c.d.c.p.p.DefaultMessageDispatcher:participant=sandbox/domainId=local::1220e43d5d01 tid:d64cea8c706c35301415f2004f374f62 - Processing event at sc=31, ts=2026-01-13T11:07:29.099196Z, messageId=7c323088-cc9c-4c6f-add8-33e813dcc348, with contents=Seq()
2026-01-13 16:37:29,103 [canton-env-ec-27] INFO  c.d.c.d.m.ConfirmationResponseProcessor:domain=local/node=mediator tid:d64cea8c706c35301415f2004f374f62 - Phase 5: Received responses for request=RequestId(2026-01-13T11:07:29.064680Z): ParticipantResponse(sender = PAR::sandbox::1220a82f9051..., ts = 2026-01-13T11:07:29.099196Z, approved = 1)
2026-01-13 16:37:29,106 [canton-env-ec-68] INFO  c.d.c.d.m.ConfirmationResponseProcessor:domain=local/node=mediator tid:d64cea8c706c35301415f2004f374f62 - Phase 6: Finalized request=RequestId(2026-01-13T11:07:29.064680Z) with verdict Approve
2026-01-13 16:37:29,109 [canton-env-ec-71] INFO  c.d.c.d.s.s.GrpcSequencerService:domain=local tid:d64cea8c706c35301415f2004f374f62 - 'MED::local::1220e43d5d01...' sends request with id 'mmid:verdict:1768302449064680' of size 702 bytes with 1 envelopes.
2026-01-13 16:37:29,116 [canton-env-ec-28] INFO  c.d.c.p.p.DefaultMessageDispatcher:participant=sandbox/domainId=local::1220e43d5d01 tid:d64cea8c706c35301415f2004f374f62 - Processing event at sc=32, ts=2026-01-13T11:07:29.110291Z, with contents=SignedProtocolMessage(
  TransactionResultMessage(requestId = 2026-01-13T11:07:29.064680Z, verdict = Approve, rootHash = SHA-256:c53aea975444..., domainId = local::1220e43d5d01...),
  signatures = Signature(signature = a9df7eb4ab70, signedBy = 12202894b251...)
)
2026-01-13 16:37:29,121 [input-mapping-pool-11] INFO  c.d.c.p.i.p.ParallelIndexerSubscription:participant=sandbox tid:d64cea8c706c35301415f2004f374f62 - Phase 7: Storing at offset=00000000000000000c TransactionAccepted(
  recordTime = 2026-01-13T11:07:29.064680Z,
  transactionId = 1220c53aea9754440f0d1060250f7b3b8531b21cc1ec74d75be86222220d3517546c,
  transactionMeta = TransactionMeta(ledgerEffectiveTime = 2026-01-13T11:07:29.038766Z, submissionTime = 2026-01-13T11:07:29.038766Z, domainId = local::1220e43d5d01..., ...),
  completion = CompletionInfo(
    actAs = Alice::1220a82f9051...,
    commandId = 798be267-1921-4f6d-8f49-4dae3b4114fe,
    applicationId = asset-transfer-app,
    deduplication period = (offset=Offset(Bytes(000000000000000001))),
    submissionId = Some(f180be57-cd18-4542-8b50-88bb8dc00d7b),
    ...
  ),
  nodes = 2,
  roots = 1,
  ...
)
2026-01-13 16:37:29,130 [canton-env-ec-30] INFO  c.d.c.p.a.s.t.TransactionServiceImpl:participant=sandbox - Received request for transaction by ID, ledgerId -> 'sandbox', transactionId -> '1220c53aea9754440f0d1060250f7b3b8531b21cc1ec74d75be86222220d3517546c', parties -> ['Alice::1220a82f9051f4828b80d8cf6620fba66562303f110452605ba6bb45381683dc7d49'].
2026-01-13 16:37:29,719 [canton-env-ec-71] INFO  c.d.c.d.s.s.GrpcSequencerService:domain=local tid:51a8baaca2f5466c1105761892cfb58a - 'MED::local::1220e43d5d01...' sends request with id 'tick-d6aca457-7e18-4ded-acbd-c4535e667194' of size 335 bytes with 0 envelopes.
2026-01-13 16:37:31,038 [canton-env-ec-77] INFO  c.d.c.d.s.s.GrpcSequencerService:domain=local tid:51a8baaca2f5466c1105761892cfb58a - 'MED::local::1220e43d5d01...' sends request with id 'tick-61f9bdf1-a179-41e5-9d22-eaf594e58b33' of size 336 bytes with 0 envelopes.
2026-01-13 16:37:53,787 [canton-env-ec-74] INFO  c.d.c.d.s.s.GrpcSequencerService:domain=local tid:51a8baaca2f5466c1105761892cfb58a - 'MED::local::1220e43d5d01...' sends request with id 'tick-9992236c-7e7d-4a0a-b0eb-6b42b45ed719' of size 335 bytes with 0 envelopes.
2026-01-13 16:37:59,103 [canton-env-ec-30] INFO  c.d.c.d.s.s.GrpcSequencerService:domain=local tid:51a8baaca2f5466c1105761892cfb58a - 'MED::local::1220e43d5d01...' sends request with id 'tick-69fd60e1-8fa4-4f22-950b-e6082c3d6c60' of size 336 bytes with 0 envelopes.
2026-01-13 16:37:59,205 [canton-env-ec-76] INFO  c.d.c.d.s.s.GrpcSequencerService:domain=local tid:51a8baaca2f5466c1105761892cfb58a - 'PAR::sandbox::1220a82f9051...' sends request with id 'tick-7a2a1d24-09b2-4b35-bd24-e018d2147f2a' of size 337 bytes with 0 envelopes.
2026-01-13 16:37:59,750 [canton-env-ec-71] INFO  c.d.c.d.s.s.GrpcSequencerService:domain=local tid:51a8baaca2f5466c1105761892cfb58a - 'PAR::sandbox::1220a82f9051...' sends request with id 'tick-649ab362-e3a8-468e-a420-e01fce072a95' of size 337 bytes with 0 envelopes.
2026-01-13 16:38:00,865 [canton-env-ec-77] INFO  c.d.c.d.s.s.GrpcSequencerService:domain=local tid:51a8baaca2f5466c1105761892cfb58a - 'PAR::sandbox::1220a82f9051...' sends request with id 'tick-afae3808-95aa-4c64-b1fe-7ebc548cd608' of size 338 bytes with 0 envelopes.
2026-01-13 16:38:01,424 [canton-env-ec-30] INFO  c.d.c.p.a.s.c.CommandSubmissionServiceImpl:participant=sandbox tid:7cc153615dff928335f16c0dd41f9e7b - Phase 1 started: Submitting commands for interpretation: Commands(
  commandId = e677142e-5cac-4cf6-acb5-6b2f16aaa7da,
  submissionId = 4c906e48-6d85-43f2-9702-b3a78508a850,
  applicationId = asset-transfer-app,
  actAs = Alice::1220a82f9051...,
  submittedAt = 2026-01-13T11:08:01.423866Z,
  ledgerEffectiveTime = 2026-01-13T11:08:01.423866Z,
  deduplicationPeriod = (duration=PT168H),
  ...
).
2026-01-13 16:38:01,441 [canton-env-ec-76] INFO  c.d.c.p.a.s.c.CommandSubmissionServiceImpl:participant=sandbox tid:7cc153615dff928335f16c0dd41f9e7b - CONTRACT_NOT_FOUND(11,4c906e48): Contract could not be found with id 00b82df672e4d521c15962f4933f1194211d7ea2e04ead5c613ad5bfe16e833e04ca0312207a9326d79ceb7e2d15835e1a3ca572e8f6c1f11c6c1f971fa5b11958a9bbecac err-context:{location=RejectionGenerators.scala:77} 
2026-01-13 16:38:01,443 [canton-env-ec-76] INFO  c.d.c.n.g.ApiRequestLogger:participant=sandbox tid:7cc153615dff928335f16c0dd41f9e7b - Request c.d.l.a.v.CommandService/SubmitAndWaitForTransactionTree by /127.0.0.1:57706: failed with NOT_FOUND/CONTRACT_NOT_FOUND(11,4c906e48): Contract could not be found with id 00b82df672e4d521c15962f4933f1194211d7ea2e04ead5c613ad5bfe16e833e04ca0312207a9326d79ceb7e2d15835e1a3ca572e8f6c1f11c6c1f971fa5b11958a9bbecac
2026-01-13 16:38:06,478 [canton-env-ec-28] INFO  c.d.c.p.a.s.c.CommandSubmissionServiceImpl:participant=sandbox tid:e15960896f794ef96266166e74a04e7f - Phase 1 started: Submitting commands for interpretation: Commands(
  commandId = 602c95d6-5e1a-4623-b5c7-ffea033dbfee,
  submissionId = 2c5e66ef-73d5-4e7b-81f0-0b2a93bb4266,
  applicationId = asset-transfer-app,
  actAs = Alice::1220a82f9051...,
  submittedAt = 2026-01-13T11:08:06.476296Z,
  ledgerEffectiveTime = 2026-01-13T11:08:06.476294Z,
  deduplicationPeriod = (duration=PT168H),
  ...
).
2026-01-13 16:38:06,533 [canton-env-ec-74] INFO  c.d.c.p.p.TransactionProcessor:participant=sandbox/domainId=local::1220e43d5d01 tid:e15960896f794ef96266166e74a04e7f - Phase 1 completed: Submitting 3 envelopes for Transaction request, submitters Alice::1220a82f9051..., command-id 602c95d6-5e1a-4623-b5c7-ffea033dbfee
2026-01-13 16:38:06,541 [canton-env-ec-71] INFO  c.d.c.d.s.s.GrpcSequencerService:domain=local tid:e15960896f794ef96266166e74a04e7f - 'PAR::sandbox::1220a82f9051...' sends request with id 'd56a8bda-7cc2-4ee9-a228-3233bbd67373' of size 2389 bytes with 3 envelopes.
2026-01-13 16:38:06,560 [canton-env-ec-77] INFO  c.d.c.p.p.DefaultMessageDispatcher:participant=sandbox/domainId=local::1220e43d5d01 tid:e15960896f794ef96266166e74a04e7f - Processing event at sc=36, ts=2026-01-13T11:08:06.549724Z, messageId=d56a8bda-7cc2-4ee9-a228-3233bbd67373, with contents=Seq(RootHashMessage(root hash = SHA-256:88f0a54ae7b4..., payload size = 0), EncryptedViewMessageV2(view hash = ViewHash(SHA-256:e8e334fed977...), view type = TransactionViewType, size = 1008))
2026-01-13 16:38:06,563 [canton-env-ec-28] INFO  c.d.c.p.p.TransactionProcessor:participant=sandbox/domainId=local::1220e43d5d01 tid:e15960896f794ef96266166e74a04e7f - Phase 3: Validating Transaction request=2026-01-13T11:08:06.549724Z with 1 envelope(s)
2026-01-13 16:38:06,566 [canton-env-ec-74] INFO  c.d.c.d.m.ConfirmationResponseProcessor:domain=local/node=mediator tid:e15960896f794ef96266166e74a04e7f - Phase 2: Registered request=2026-01-13T11:08:06.549724Z with 1 view(s). Initial state: ViewPosition("") -> ViewState(
  quorumsState = Seq(Quorum(confirmers = Alice::1220a82f9051... -> 1, threshold = 1), Quorum(confirmers = sandbox::1220a82f9051... -> 1, threshold = 1)),
  consortiumVoting = Map(Alice::1220a82f9051... -> ConsortiumVotingState(), sandbox::1220a82f9051... -> ConsortiumVotingState()),
  rejections = Seq()
)
2026-01-13 16:38:06,580 [canton-env-ec-22] INFO  c.d.c.p.p.TransactionProcessor:participant=sandbox/domainId=local::1220e43d5d01 tid:e15960896f794ef96266166e74a04e7f - Phase 4: Sending for request=2026-01-13T11:08:06.549724Z with msgId=a600a153-0c37-41b2-890f-759398c2e9d8 approved=1, rejected=0
2026-01-13 16:38:06,585 [canton-env-ec-27] INFO  c.d.c.d.s.s.GrpcSequencerService:domain=local tid:e15960896f794ef96266166e74a04e7f - 'PAR::sandbox::1220a82f9051...' sends request with id 'a600a153-0c37-41b2-890f-759398c2e9d8' of size 732 bytes with 1 envelopes.
2026-01-13 16:38:06,591 [canton-env-ec-30] INFO  c.d.c.p.p.DefaultMessageDispatcher:participant=sandbox/domainId=local::1220e43d5d01 tid:e15960896f794ef96266166e74a04e7f - Processing event at sc=37, ts=2026-01-13T11:08:06.587086Z, messageId=a600a153-0c37-41b2-890f-759398c2e9d8, with contents=Seq()
2026-01-13 16:38:06,592 [canton-env-ec-27] INFO  c.d.c.d.m.ConfirmationResponseProcessor:domain=local/node=mediator tid:e15960896f794ef96266166e74a04e7f - Phase 5: Received responses for request=RequestId(2026-01-13T11:08:06.549724Z): ParticipantResponse(sender = PAR::sandbox::1220a82f9051..., ts = 2026-01-13T11:08:06.587086Z, approved = 1)
2026-01-13 16:38:06,595 [canton-env-ec-27] INFO  c.d.c.d.m.ConfirmationResponseProcessor:domain=local/node=mediator tid:e15960896f794ef96266166e74a04e7f - Phase 6: Finalized request=RequestId(2026-01-13T11:08:06.549724Z) with verdict Approve
2026-01-13 16:38:06,598 [canton-env-ec-28] INFO  c.d.c.d.s.s.GrpcSequencerService:domain=local tid:e15960896f794ef96266166e74a04e7f - 'MED::local::1220e43d5d01...' sends request with id 'mmid:verdict:1768302486549724' of size 704 bytes with 1 envelopes.
2026-01-13 16:38:06,609 [canton-env-ec-28] INFO  c.d.c.p.p.DefaultMessageDispatcher:participant=sandbox/domainId=local::1220e43d5d01 tid:e15960896f794ef96266166e74a04e7f - Processing event at sc=38, ts=2026-01-13T11:08:06.600392Z, with contents=SignedProtocolMessage(
  TransactionResultMessage(requestId = 2026-01-13T11:08:06.549724Z, verdict = Approve, rootHash = SHA-256:88f0a54ae7b4..., domainId = local::1220e43d5d01...),
  signatures = Signature(signature = 25bb6d51092e, signedBy = 12202894b251...)
)
2026-01-13 16:38:06,617 [input-mapping-pool-12] INFO  c.d.c.p.i.p.ParallelIndexerSubscription:participant=sandbox tid:e15960896f794ef96266166e74a04e7f - Phase 7: Storing at offset=00000000000000000d TransactionAccepted(
  recordTime = 2026-01-13T11:08:06.549724Z,
  transactionId = 122088f0a54ae7b45d420e9cbaf216ac934d8606ad22d00adce7a14405fa83049c5c,
  transactionMeta = TransactionMeta(ledgerEffectiveTime = 2026-01-13T11:08:06.476294Z, submissionTime = 2026-01-13T11:08:06.476294Z, domainId = local::1220e43d5d01..., ...),
  completion = CompletionInfo(
    actAs = Alice::1220a82f9051...,
    commandId = 602c95d6-5e1a-4623-b5c7-ffea033dbfee,
    applicationId = asset-transfer-app,
    deduplication period = (offset=Offset(Bytes(000000000000000001))),
    submissionId = Some(2c5e66ef-73d5-4e7b-81f0-0b2a93bb4266),
    ...
  ),
  nodes = 1,
  roots = 1,
  ...
)
2026-01-13 16:38:06,624 [canton-env-ec-68] INFO  c.d.c.p.a.s.t.TransactionServiceImpl:participant=sandbox - Received request for flat transaction by ID, ledgerId -> 'sandbox', transactionId -> '122088f0a54ae7b45d420e9cbaf216ac934d8606ad22d00adce7a14405fa83049c5c', parties -> ['Alice::1220a82f9051f4828b80d8cf6620fba66562303f110452605ba6bb45381683dc7d49'].
2026-01-13 16:38:06,686 [canton-env-ec-77] INFO  c.d.c.p.a.s.ApiActiveContractsService:participant=sandbox tid:8980a4a33aa2bc71195f21ec69680460 - Received request for active contracts: GetActiveContractsRequest(sandbox,Some(TransactionFilter(Map(Alice::1220a82f9051f4828b80d8cf6620fba66562303f110452605ba6bb45381683dc7d49 -> Filters(Some(InclusiveFilters(Vector(Identifier(3871bbf7cc5081b11362b3f94db3563d34f3e61465fc4032798a77c406a862b2,Main,Asset)),Vector(),Vector())))))),true,), filters -> {Alice::1220a82f9051f4828b80d8cf6620fba66562303f110452605ba6bb45381683dc7d49: ['3871bbf7cc5081b11362b3f94db3563d34f3e61465fc4032798a77c406a862b2:Main:Asset']}.
2026-01-13 16:38:06,698 [canton-env-ec-71] INFO  c.d.c.p.a.s.t.TransactionServiceImpl:participant=sandbox tid:7befa383f2030ec512da94667fc9f4d6 - Received request for transactions, startExclusive -> '00000000000000000d', endInclusive -> '%end%', filters -> {Alice::1220a82f9051f4828b80d8cf6620fba66562303f110452605ba6bb45381683dc7d49: ['3871bbf7cc5081b11362b3f94db3563d34f3e61465fc4032798a77c406a862b2:Main:Asset']}, verbose -> true, ledgerId -> 'sandbox'.
2026-01-13 16:38:06,750 [canton-env-ec-71] INFO  c.d.c.p.a.s.c.CommandSubmissionServiceImpl:participant=sandbox tid:4075175c50af87c2711902cdc76c8a4a - Phase 1 started: Submitting commands for interpretation: Commands(
  commandId = 97315e26-5ca7-48b6-8cb3-451a99c68a7e,
  submissionId = 3b78c2ed-1d40-42e6-ace8-55e3fe67f23d,
  applicationId = asset-transfer-app,
  actAs = Alice::1220a82f9051...,
  submittedAt = 2026-01-13T11:08:06.749970Z,
  ledgerEffectiveTime = 2026-01-13T11:08:06.749969Z,
  deduplicationPeriod = (duration=PT168H),
  ...
).
2026-01-13 16:38:06,772 [canton-env-ec-68] INFO  c.d.c.p.p.TransactionProcessor:participant=sandbox/domainId=local::1220e43d5d01 tid:4075175c50af87c2711902cdc76c8a4a - Phase 1 completed: Submitting 3 envelopes for Transaction request, submitters Alice::1220a82f9051..., command-id 97315e26-5ca7-48b6-8cb3-451a99c68a7e
2026-01-13 16:38:06,775 [canton-env-ec-28] INFO  c.d.c.d.s.s.GrpcSequencerService:domain=local tid:4075175c50af87c2711902cdc76c8a4a - 'PAR::sandbox::1220a82f9051...' sends request with id '2ab31213-a33b-4f2d-992b-b87fee466f1e' of size 2644 bytes with 3 envelopes.
2026-01-13 16:38:06,835 [canton-env-ec-27] INFO  c.d.c.p.p.DefaultMessageDispatcher:participant=sandbox/domainId=local::1220e43d5d01 tid:4075175c50af87c2711902cdc76c8a4a - Processing event at sc=39, ts=2026-01-13T11:08:06.825388Z, messageId=2ab31213-a33b-4f2d-992b-b87fee466f1e, with contents=Seq(RootHashMessage(root hash = SHA-256:70304a710778..., payload size = 0), EncryptedViewMessageV2(view hash = ViewHash(SHA-256:da7fd18a621d...), view type = TransactionViewType, size = 1248))
2026-01-13 16:38:06,836 [canton-env-ec-27] INFO  c.d.c.p.p.TransactionProcessor:participant=sandbox/domainId=local::1220e43d5d01 tid:4075175c50af87c2711902cdc76c8a4a - Phase 3: Validating Transaction request=2026-01-13T11:08:06.825388Z with 1 envelope(s)
2026-01-13 16:38:06,838 [canton-env-ec-71] INFO  c.d.c.d.m.ConfirmationResponseProcessor:domain=local/node=mediator tid:4075175c50af87c2711902cdc76c8a4a - Phase 2: Registered request=2026-01-13T11:08:06.825388Z with 1 view(s). Initial state: ViewPosition("") -> ViewState(
  quorumsState = Seq(Quorum(confirmers = Alice::1220a82f9051... -> 1, threshold = 1), Quorum(confirmers = sandbox::1220a82f9051... -> 1, threshold = 1)),
  consortiumVoting = Map(Alice::1220a82f9051... -> ConsortiumVotingState(), sandbox::1220a82f9051... -> ConsortiumVotingState()),
  rejections = Seq()
)
2026-01-13 16:38:06,856 [canton-env-ec-78] INFO  c.d.c.p.p.TransactionProcessor:participant=sandbox/domainId=local::1220e43d5d01 tid:4075175c50af87c2711902cdc76c8a4a - Phase 4: Sending for request=2026-01-13T11:08:06.825388Z with msgId=84c665b8-8e6c-491d-a2df-80de1c186457 approved=1, rejected=0
2026-01-13 16:38:06,864 [canton-env-ec-80] INFO  c.d.c.d.s.s.GrpcSequencerService:domain=local tid:4075175c50af87c2711902cdc76c8a4a - 'PAR::sandbox::1220a82f9051...' sends request with id '84c665b8-8e6c-491d-a2df-80de1c186457' of size 729 bytes with 1 envelopes.
2026-01-13 16:38:06,869 [canton-env-ec-27] INFO  c.d.c.p.p.DefaultMessageDispatcher:participant=sandbox/domainId=local::1220e43d5d01 tid:4075175c50af87c2711902cdc76c8a4a - Processing event at sc=40, ts=2026-01-13T11:08:06.865884Z, messageId=84c665b8-8e6c-491d-a2df-80de1c186457, with contents=Seq()
2026-01-13 16:38:06,870 [canton-env-ec-28] INFO  c.d.c.d.m.ConfirmationResponseProcessor:domain=local/node=mediator tid:4075175c50af87c2711902cdc76c8a4a - Phase 5: Received responses for request=RequestId(2026-01-13T11:08:06.825388Z): ParticipantResponse(sender = PAR::sandbox::1220a82f9051..., ts = 2026-01-13T11:08:06.865884Z, approved = 1)
2026-01-13 16:38:06,871 [canton-env-ec-28] INFO  c.d.c.d.m.ConfirmationResponseProcessor:domain=local/node=mediator tid:4075175c50af87c2711902cdc76c8a4a - Phase 6: Finalized request=RequestId(2026-01-13T11:08:06.825388Z) with verdict Approve
2026-01-13 16:38:06,874 [canton-env-ec-77] INFO  c.d.c.d.s.s.GrpcSequencerService:domain=local tid:4075175c50af87c2711902cdc76c8a4a - 'MED::local::1220e43d5d01...' sends request with id 'mmid:verdict:1768302486825388' of size 700 bytes with 1 envelopes.
2026-01-13 16:38:06,879 [canton-env-ec-78] INFO  c.d.c.p.p.DefaultMessageDispatcher:participant=sandbox/domainId=local::1220e43d5d01 tid:4075175c50af87c2711902cdc76c8a4a - Processing event at sc=41, ts=2026-01-13T11:08:06.875435Z, with contents=SignedProtocolMessage(
  TransactionResultMessage(requestId = 2026-01-13T11:08:06.825388Z, verdict = Approve, rootHash = SHA-256:70304a710778..., domainId = local::1220e43d5d01...),
  signatures = Signature(signature = 8a3d5d04c7b2, signedBy = 12202894b251...)
)
2026-01-13 16:38:06,883 [input-mapping-pool-13] INFO  c.d.c.p.i.p.ParallelIndexerSubscription:participant=sandbox tid:4075175c50af87c2711902cdc76c8a4a - Phase 7: Storing at offset=00000000000000000e TransactionAccepted(
  recordTime = 2026-01-13T11:08:06.825388Z,
  transactionId = 122070304a710778337b3548802736aa36d714bf6992dfe7309bcf8b77ce2986e584,
  transactionMeta = TransactionMeta(ledgerEffectiveTime = 2026-01-13T11:08:06.749969Z, submissionTime = 2026-01-13T11:08:06.749969Z, domainId = local::1220e43d5d01..., ...),
  completion = CompletionInfo(
    actAs = Alice::1220a82f9051...,
    commandId = 97315e26-5ca7-48b6-8cb3-451a99c68a7e,
    applicationId = asset-transfer-app,
    deduplication period = (offset=Offset(Bytes(000000000000000001))),
    submissionId = Some(3b78c2ed-1d40-42e6-ace8-55e3fe67f23d),
    ...
  ),
  nodes = 2,
  roots = 1,
  ...
)
2026-01-13 16:38:06,886 [canton-env-ec-79] INFO  c.d.c.p.a.s.t.TransactionServiceImpl:participant=sandbox - Received request for transaction by ID, ledgerId -> 'sandbox', transactionId -> '122070304a710778337b3548802736aa36d714bf6992dfe7309bcf8b77ce2986e584', parties -> ['Alice::1220a82f9051f4828b80d8cf6620fba66562303f110452605ba6bb45381683dc7d49'].
2026-01-13 16:38:23,716 [canton-env-ec-78] INFO  c.d.c.d.s.s.GrpcSequencerService:domain=local tid:51a8baaca2f5466c1105761892cfb58a - 'PAR::sandbox::1220a82f9051...' sends request with id 'tick-1e98edb7-1963-4617-8ffe-128b38ea04a4' of size 338 bytes with 0 envelopes.
2026-01-13 16:38:29,042 [canton-env-ec-74] INFO  c.d.c.d.s.s.GrpcSequencerService:domain=local tid:51a8baaca2f5466c1105761892cfb58a - 'PAR::sandbox::1220a82f9051...' sends request with id 'tick-52e8bd75-f564-468a-87d1-a49873b89508' of size 338 bytes with 0 envelopes.
2026-01-13 16:38:29,596 [canton-env-ec-79] INFO  c.d.c.d.s.s.GrpcSequencerService:domain=local tid:51a8baaca2f5466c1105761892cfb58a - 'PAR::sandbox::1220a82f9051...' sends request with id 'tick-32244397-4b06-47f6-be8e-9670160d4809' of size 337 bytes with 0 envelopes.
2026-01-13 16:38:31,741 [canton-env-ec-74] INFO  c.d.c.p.a.s.c.CommandSubmissionServiceImpl:participant=sandbox tid:f6925e048225693d040c8c5fc6fabef4 - Phase 1 started: Submitting commands for interpretation: Commands(
  commandId = 790e884c-452c-4c89-896c-c634d8f38328,
  submissionId = e46752cb-48d8-491d-ae86-17c88214ce8b,
  applicationId = asset-transfer-app,
  actAs = Alice::1220a82f9051...,
  submittedAt = 2026-01-13T11:08:31.740055Z,
  ledgerEffectiveTime = 2026-01-13T11:08:31.740055Z,
  deduplicationPeriod = (duration=PT168H),
  ...
).
2026-01-13 16:38:31,748 [canton-env-ec-69] INFO  c.d.c.p.a.s.c.CommandSubmissionServiceImpl:participant=sandbox tid:f6925e048225693d040c8c5fc6fabef4 - CONTRACT_NOT_FOUND(11,e46752cb): Contract could not be found with id 00b82df672e4d521c15962f4933f1194211d7ea2e04ead5c613ad5bfe16e833e04ca0312207a9326d79ceb7e2d15835e1a3ca572e8f6c1f11c6c1f971fa5b11958a9bbecac err-context:{location=RejectionGenerators.scala:77} 
2026-01-13 16:38:31,751 [canton-env-ec-80] INFO  c.d.c.n.g.ApiRequestLogger:participant=sandbox tid:f6925e048225693d040c8c5fc6fabef4 - Request c.d.l.a.v.CommandService/SubmitAndWaitForTransactionTree by /127.0.0.1:57706: failed with NOT_FOUND/CONTRACT_NOT_FOUND(11,e46752cb): Contract could not be found with id 00b82df672e4d521c15962f4933f1194211d7ea2e04ead5c613ad5bfe16e833e04ca0312207a9326d79ceb7e2d15835e1a3ca572e8f6c1f11c6c1f971fa5b11958a9bbecac
2026-01-13 16:38:36,810 [canton-env-ec-28] INFO  c.d.c.d.s.s.GrpcSequencerService:domain=local tid:e15960896f794ef96266166e74a04e7f - 'MED::local::1220e43d5d01...' sends request with id 'tick-a72e6f3d-e75a-466a-a03a-decf3229623f' of size 336 bytes with 0 envelopes.
2026-01-13 16:38:37,345 [canton-env-ec-78] INFO  c.d.c.d.s.s.GrpcSequencerService:domain=local tid:e15960896f794ef96266166e74a04e7f - 'MED::local::1220e43d5d01...' sends request with id 'tick-71719c64-9305-4b27-b31a-d9bc13d16c12' of size 336 bytes with 0 envelopes.
2026-01-13 16:38:37,916 [canton-env-ec-74] INFO  c.d.c.p.a.s.c.CommandSubmissionServiceImpl:participant=sandbox tid:26b4b8118b01036e221b6247816db70a - Phase 1 started: Submitting commands for interpretation: Commands(
  commandId = 83593cd0-f670-4cb2-b88e-105b59f238e2,
  submissionId = 6327839f-308f-4730-9fda-76e424902490,
  applicationId = asset-transfer-app,
  actAs = Alice::1220a82f9051...,
  submittedAt = 2026-01-13T11:08:37.916236Z,
  ledgerEffectiveTime = 2026-01-13T11:08:37.916236Z,
  deduplicationPeriod = (duration=PT168H),
  ...
).
2026-01-13 16:38:37,944 [canton-env-ec-77] INFO  c.d.c.p.p.TransactionProcessor:participant=sandbox/domainId=local::1220e43d5d01 tid:26b4b8118b01036e221b6247816db70a - Phase 1 completed: Submitting 3 envelopes for Transaction request, submitters Alice::1220a82f9051..., command-id 83593cd0-f670-4cb2-b88e-105b59f238e2
2026-01-13 16:38:37,948 [canton-env-ec-74] INFO  c.d.c.d.s.s.GrpcSequencerService:domain=local tid:26b4b8118b01036e221b6247816db70a - 'PAR::sandbox::1220a82f9051...' sends request with id 'f9a0febf-8c95-4602-8ce1-356bca89270e' of size 2383 bytes with 3 envelopes.
2026-01-13 16:38:37,958 [canton-env-ec-71] INFO  c.d.c.p.p.DefaultMessageDispatcher:participant=sandbox/domainId=local::1220e43d5d01 tid:26b4b8118b01036e221b6247816db70a - Processing event at sc=45, ts=2026-01-13T11:08:37.950383Z, messageId=f9a0febf-8c95-4602-8ce1-356bca89270e, with contents=Seq(RootHashMessage(root hash = SHA-256:e1686cfe9032..., payload size = 0), EncryptedViewMessageV2(view hash = ViewHash(SHA-256:f105d08b4495...), view type = TransactionViewType, size = 1000))
2026-01-13 16:38:37,963 [canton-env-ec-76] INFO  c.d.c.p.p.TransactionProcessor:participant=sandbox/domainId=local::1220e43d5d01 tid:26b4b8118b01036e221b6247816db70a - Phase 3: Validating Transaction request=2026-01-13T11:08:37.950383Z with 1 envelope(s)
2026-01-13 16:38:37,965 [canton-env-ec-69] INFO  c.d.c.d.m.ConfirmationResponseProcessor:domain=local/node=mediator tid:26b4b8118b01036e221b6247816db70a - Phase 2: Registered request=2026-01-13T11:08:37.950383Z with 1 view(s). Initial state: ViewPosition("") -> ViewState(
  quorumsState = Seq(Quorum(confirmers = Alice::1220a82f9051... -> 1, threshold = 1), Quorum(confirmers = sandbox::1220a82f9051... -> 1, threshold = 1)),
  consortiumVoting = Map(Alice::1220a82f9051... -> ConsortiumVotingState(), sandbox::1220a82f9051... -> ConsortiumVotingState()),
  rejections = Seq()
)
2026-01-13 16:38:37,982 [canton-env-ec-76] INFO  c.d.c.p.p.TransactionProcessor:participant=sandbox/domainId=local::1220e43d5d01 tid:26b4b8118b01036e221b6247816db70a - Phase 4: Sending for request=2026-01-13T11:08:37.950383Z with msgId=2867fa76-a84c-476e-b381-c54e1f87a5c2 approved=1, rejected=0
2026-01-13 16:38:37,985 [canton-env-ec-74] INFO  c.d.c.d.s.s.GrpcSequencerService:domain=local tid:26b4b8118b01036e221b6247816db70a - 'PAR::sandbox::1220a82f9051...' sends request with id '2867fa76-a84c-476e-b381-c54e1f87a5c2' of size 733 bytes with 1 envelopes.
2026-01-13 16:38:37,990 [canton-env-ec-28] INFO  c.d.c.p.p.DefaultMessageDispatcher:participant=sandbox/domainId=local::1220e43d5d01 tid:26b4b8118b01036e221b6247816db70a - Processing event at sc=46, ts=2026-01-13T11:08:37.987094Z, messageId=2867fa76-a84c-476e-b381-c54e1f87a5c2, with contents=Seq()
2026-01-13 16:38:37,992 [canton-env-ec-69] INFO  c.d.c.d.m.ConfirmationResponseProcessor:domain=local/node=mediator tid:26b4b8118b01036e221b6247816db70a - Phase 5: Received responses for request=RequestId(2026-01-13T11:08:37.950383Z): ParticipantResponse(sender = PAR::sandbox::1220a82f9051..., ts = 2026-01-13T11:08:37.987094Z, approved = 1)
2026-01-13 16:38:37,995 [canton-env-ec-80] INFO  c.d.c.d.m.ConfirmationResponseProcessor:domain=local/node=mediator tid:26b4b8118b01036e221b6247816db70a - Phase 6: Finalized request=RequestId(2026-01-13T11:08:37.950383Z) with verdict Approve
2026-01-13 16:38:38,001 [canton-env-ec-68] INFO  c.d.c.d.s.s.GrpcSequencerService:domain=local tid:26b4b8118b01036e221b6247816db70a - 'MED::local::1220e43d5d01...' sends request with id 'mmid:verdict:1768302517950383' of size 708 bytes with 1 envelopes.
2026-01-13 16:38:38,010 [canton-env-ec-77] INFO  c.d.c.p.p.DefaultMessageDispatcher:participant=sandbox/domainId=local::1220e43d5d01 tid:26b4b8118b01036e221b6247816db70a - Processing event at sc=47, ts=2026-01-13T11:08:38.003310Z, with contents=SignedProtocolMessage(
  TransactionResultMessage(requestId = 2026-01-13T11:08:37.950383Z, verdict = Approve, rootHash = SHA-256:e1686cfe9032..., domainId = local::1220e43d5d01...),
  signatures = Signature(signature = 95de607bcd76, signedBy = 12202894b251...)
)
2026-01-13 16:38:38,017 [input-mapping-pool-14] INFO  c.d.c.p.i.p.ParallelIndexerSubscription:participant=sandbox tid:26b4b8118b01036e221b6247816db70a - Phase 7: Storing at offset=00000000000000000f TransactionAccepted(
  recordTime = 2026-01-13T11:08:37.950383Z,
  transactionId = 1220e1686cfe90322077d7b76c2da3d4b7c25f916ef3a195a69c77c297ebdec23f0c,
  transactionMeta = TransactionMeta(ledgerEffectiveTime = 2026-01-13T11:08:37.916236Z, submissionTime = 2026-01-13T11:08:37.916236Z, domainId = local::1220e43d5d01..., ...),
  completion = CompletionInfo(
    actAs = Alice::1220a82f9051...,
    commandId = 83593cd0-f670-4cb2-b88e-105b59f238e2,
    applicationId = asset-transfer-app,
    deduplication period = (offset=Offset(Bytes(000000000000000001))),
    submissionId = Some(6327839f-308f-4730-9fda-76e424902490),
    ...
  ),
  nodes = 1,
  roots = 1,
  ...
)
2026-01-13 16:38:38,022 [canton-env-ec-28] INFO  c.d.c.p.a.s.t.TransactionServiceImpl:participant=sandbox - Received request for flat transaction by ID, ledgerId -> 'sandbox', transactionId -> '1220e1686cfe90322077d7b76c2da3d4b7c25f916ef3a195a69c77c297ebdec23f0c', parties -> ['Alice::1220a82f9051f4828b80d8cf6620fba66562303f110452605ba6bb45381683dc7d49'].
2026-01-13 16:38:38,081 [canton-env-ec-78] INFO  c.d.c.p.a.s.ApiActiveContractsService:participant=sandbox tid:14debf8bb53057373d595722672cbeb1 - Received request for active contracts: GetActiveContractsRequest(sandbox,Some(TransactionFilter(Map(Alice::1220a82f9051f4828b80d8cf6620fba66562303f110452605ba6bb45381683dc7d49 -> Filters(Some(InclusiveFilters(Vector(Identifier(3871bbf7cc5081b11362b3f94db3563d34f3e61465fc4032798a77c406a862b2,Main,Asset)),Vector(),Vector())))))),true,), filters -> {Alice::1220a82f9051f4828b80d8cf6620fba66562303f110452605ba6bb45381683dc7d49: ['3871bbf7cc5081b11362b3f94db3563d34f3e61465fc4032798a77c406a862b2:Main:Asset']}.
2026-01-13 16:38:38,094 [canton-env-ec-27] INFO  c.d.c.p.a.s.t.TransactionServiceImpl:participant=sandbox tid:b5749b48ac3713927d178c25e23bc493 - Received request for transactions, startExclusive -> '00000000000000000f', endInclusive -> '%end%', filters -> {Alice::1220a82f9051f4828b80d8cf6620fba66562303f110452605ba6bb45381683dc7d49: ['3871bbf7cc5081b11362b3f94db3563d34f3e61465fc4032798a77c406a862b2:Main:Asset']}, verbose -> true, ledgerId -> 'sandbox'.
2026-01-13 16:38:38,139 [canton-env-ec-78] INFO  c.d.c.p.a.s.c.CommandSubmissionServiceImpl:participant=sandbox tid:5a732c21f9eb9c1c86f86130fd295a8a - Phase 1 started: Submitting commands for interpretation: Commands(
  commandId = 79f37deb-d1fe-4b1c-bfd7-121cf78c42bd,
  submissionId = 5639d7b5-cb91-48e9-a4cb-f855930f5d22,
  applicationId = asset-transfer-app,
  actAs = Alice::1220a82f9051...,
  submittedAt = 2026-01-13T11:08:38.139493Z,
  ledgerEffectiveTime = 2026-01-13T11:08:38.139493Z,
  deduplicationPeriod = (duration=PT168H),
  ...
).
2026-01-13 16:38:38,150 [canton-env-ec-78] INFO  c.d.c.p.p.TransactionProcessor:participant=sandbox/domainId=local::1220e43d5d01 tid:5a732c21f9eb9c1c86f86130fd295a8a - Phase 1 completed: Submitting 3 envelopes for Transaction request, submitters Alice::1220a82f9051..., command-id 79f37deb-d1fe-4b1c-bfd7-121cf78c42bd
2026-01-13 16:38:38,153 [canton-env-ec-27] INFO  c.d.c.d.s.s.GrpcSequencerService:domain=local tid:5a732c21f9eb9c1c86f86130fd295a8a - 'PAR::sandbox::1220a82f9051...' sends request with id '2f8cf444-d0af-4ac8-be9c-69adcf850b2e' of size 2632 bytes with 3 envelopes.
2026-01-13 16:38:38,159 [canton-env-ec-68] INFO  c.d.c.p.p.DefaultMessageDispatcher:participant=sandbox/domainId=local::1220e43d5d01 tid:5a732c21f9eb9c1c86f86130fd295a8a - Processing event at sc=48, ts=2026-01-13T11:08:38.155084Z, messageId=2f8cf444-d0af-4ac8-be9c-69adcf850b2e, with contents=Seq(RootHashMessage(root hash = SHA-256:bf9b7df7aae3..., payload size = 0), EncryptedViewMessageV2(view hash = ViewHash(SHA-256:ef9c89d8110e...), view type = TransactionViewType, size = 1247))
2026-01-13 16:38:38,160 [canton-env-ec-77] INFO  c.d.c.p.p.TransactionProcessor:participant=sandbox/domainId=local::1220e43d5d01 tid:5a732c21f9eb9c1c86f86130fd295a8a - Phase 3: Validating Transaction request=2026-01-13T11:08:38.155084Z with 1 envelope(s)
2026-01-13 16:38:38,161 [canton-env-ec-74] INFO  c.d.c.d.m.ConfirmationResponseProcessor:domain=local/node=mediator tid:5a732c21f9eb9c1c86f86130fd295a8a - Phase 2: Registered request=2026-01-13T11:08:38.155084Z with 1 view(s). Initial state: ViewPosition("") -> ViewState(
  quorumsState = Seq(Quorum(confirmers = Alice::1220a82f9051... -> 1, threshold = 1), Quorum(confirmers = sandbox::1220a82f9051... -> 1, threshold = 1)),
  consortiumVoting = Map(Alice::1220a82f9051... -> ConsortiumVotingState(), sandbox::1220a82f9051... -> ConsortiumVotingState()),
  rejections = Seq()
)
2026-01-13 16:38:38,171 [canton-env-ec-68] INFO  c.d.c.p.p.TransactionProcessor:participant=sandbox/domainId=local::1220e43d5d01 tid:5a732c21f9eb9c1c86f86130fd295a8a - Phase 4: Sending for request=2026-01-13T11:08:38.155084Z with msgId=70d25442-407a-4bea-9387-cc93a7fe76f0 approved=1, rejected=0
2026-01-13 16:38:38,174 [canton-env-ec-78] INFO  c.d.c.d.s.s.GrpcSequencerService:domain=local tid:5a732c21f9eb9c1c86f86130fd295a8a - 'PAR::sandbox::1220a82f9051...' sends request with id '70d25442-407a-4bea-9387-cc93a7fe76f0' of size 729 bytes with 1 envelopes.
2026-01-13 16:38:38,180 [canton-env-ec-22] INFO  c.d.c.p.p.DefaultMessageDispatcher:participant=sandbox/domainId=local::1220e43d5d01 tid:5a732c21f9eb9c1c86f86130fd295a8a - Processing event at sc=49, ts=2026-01-13T11:08:38.177121Z, messageId=70d25442-407a-4bea-9387-cc93a7fe76f0, with contents=Seq()
2026-01-13 16:38:38,180 [canton-env-ec-74] INFO  c.d.c.d.m.ConfirmationResponseProcessor:domain=local/node=mediator tid:5a732c21f9eb9c1c86f86130fd295a8a - Phase 5: Received responses for request=RequestId(2026-01-13T11:08:38.155084Z): ParticipantResponse(sender = PAR::sandbox::1220a82f9051..., ts = 2026-01-13T11:08:38.177121Z, approved = 1)
2026-01-13 16:38:38,182 [canton-env-ec-22] INFO  c.d.c.d.m.ConfirmationResponseProcessor:domain=local/node=mediator tid:5a732c21f9eb9c1c86f86130fd295a8a - Phase 6: Finalized request=RequestId(2026-01-13T11:08:38.155084Z) with verdict Approve
2026-01-13 16:38:38,188 [canton-env-ec-22] INFO  c.d.c.d.s.s.GrpcSequencerService:domain=local tid:5a732c21f9eb9c1c86f86130fd295a8a - 'MED::local::1220e43d5d01...' sends request with id 'mmid:verdict:1768302518155084' of size 705 bytes with 1 envelopes.
2026-01-13 16:38:38,196 [canton-env-ec-76] INFO  c.d.c.p.p.DefaultMessageDispatcher:participant=sandbox/domainId=local::1220e43d5d01 tid:5a732c21f9eb9c1c86f86130fd295a8a - Processing event at sc=50, ts=2026-01-13T11:08:38.190256Z, with contents=SignedProtocolMessage(
  TransactionResultMessage(requestId = 2026-01-13T11:08:38.155084Z, verdict = Approve, rootHash = SHA-256:bf9b7df7aae3..., domainId = local::1220e43d5d01...),
  signatures = Signature(signature = 57d01e471bfe, signedBy = 12202894b251...)
)
2026-01-13 16:38:38,201 [input-mapping-pool-15] INFO  c.d.c.p.i.p.ParallelIndexerSubscription:participant=sandbox tid:5a732c21f9eb9c1c86f86130fd295a8a - Phase 7: Storing at offset=000000000000000010 TransactionAccepted(
  recordTime = 2026-01-13T11:08:38.155084Z,
  transactionId = 1220bf9b7df7aae3bca7bedecda21bf39f71fcc5ab56ef6120f51e6b5ab038da0469,
  transactionMeta = TransactionMeta(ledgerEffectiveTime = 2026-01-13T11:08:38.139493Z, submissionTime = 2026-01-13T11:08:38.139493Z, domainId = local::1220e43d5d01..., ...),
  completion = CompletionInfo(
    actAs = Alice::1220a82f9051...,
    commandId = 79f37deb-d1fe-4b1c-bfd7-121cf78c42bd,
    applicationId = asset-transfer-app,
    deduplication period = (offset=Offset(Bytes(000000000000000001))),
    submissionId = Some(5639d7b5-cb91-48e9-a4cb-f855930f5d22),
    ...
  ),
  nodes = 2,
  roots = 1,
  ...
)
2026-01-13 16:38:38,206 [canton-env-ec-27] INFO  c.d.c.p.a.s.t.TransactionServiceImpl:participant=sandbox - Received request for transaction by ID, ledgerId -> 'sandbox', transactionId -> '1220bf9b7df7aae3bca7bedecda21bf39f71fcc5ab56ef6120f51e6b5ab038da0469', parties -> ['Alice::1220a82f9051f4828b80d8cf6620fba66562303f110452605ba6bb45381683dc7d49'].
2026-01-13 16:38:38,256 [canton-env-ec-69] INFO  c.d.c.p.a.s.ApiActiveContractsService:participant=sandbox tid:41552da80ee600208e7ad3b42b3758a1 - Received request for active contracts: GetActiveContractsRequest(sandbox,Some(TransactionFilter(Map(Alice::1220a82f9051f4828b80d8cf6620fba66562303f110452605ba6bb45381683dc7d49 -> Filters(Some(InclusiveFilters(Vector(Identifier(3871bbf7cc5081b11362b3f94db3563d34f3e61465fc4032798a77c406a862b2,Main,Asset)),Vector(),Vector())))))),true,), filters -> {Alice::1220a82f9051f4828b80d8cf6620fba66562303f110452605ba6bb45381683dc7d49: ['3871bbf7cc5081b11362b3f94db3563d34f3e61465fc4032798a77c406a862b2:Main:Asset']}.
2026-01-13 16:38:38,265 [canton-env-ec-78] INFO  c.d.c.p.a.s.t.TransactionServiceImpl:participant=sandbox tid:4b6e3bb37c22c5eb4b432e97af30a922 - Received request for transactions, startExclusive -> '000000000000000010', endInclusive -> '%end%', filters -> {Alice::1220a82f9051f4828b80d8cf6620fba66562303f110452605ba6bb45381683dc7d49: ['3871bbf7cc5081b11362b3f94db3563d34f3e61465fc4032798a77c406a862b2:Main:Asset']}, verbose -> true, ledgerId -> 'sandbox'.
2026-01-13 16:38:38,311 [canton-env-ec-78] INFO  c.d.c.p.a.s.ApiActiveContractsService:participant=sandbox tid:1f53f078b03a1f0d8f914e952c72a205 - Received request for active contracts: GetActiveContractsRequest(sandbox,Some(TransactionFilter(Map(Bob::1220a82f9051f4828b80d8cf6620fba66562303f110452605ba6bb45381683dc7d49 -> Filters(Some(InclusiveFilters(Vector(Identifier(3871bbf7cc5081b11362b3f94db3563d34f3e61465fc4032798a77c406a862b2,Main,TransferProposal)),Vector(),Vector())))))),true,), filters -> {Bob::1220a82f9051f4828b80d8cf6620fba66562303f110452605ba6bb45381683dc7d49: ['3871bbf7cc5081b11362b3f94db3563d34f3e61465fc4032798a77c406a862b2:Main:TransferProposal']}.
2026-01-13 16:38:38,322 [canton-env-ec-69] INFO  c.d.c.p.a.s.t.TransactionServiceImpl:participant=sandbox tid:86ddcf85a49ca7df54eca161bc2e5a48 - Received request for transactions, startExclusive -> '000000000000000010', endInclusive -> '%end%', filters -> {Bob::1220a82f9051f4828b80d8cf6620fba66562303f110452605ba6bb45381683dc7d49: ['3871bbf7cc5081b11362b3f94db3563d34f3e61465fc4032798a77c406a862b2:Main:TransferProposal']}, verbose -> true, ledgerId -> 'sandbox'.
2026-01-13 16:38:38,370 [canton-env-ec-80] INFO  c.d.c.p.a.s.c.CommandSubmissionServiceImpl:participant=sandbox tid:ac5e3ffc6a734365ecce8f7cc65cea94 - Phase 1 started: Submitting commands for interpretation: Commands(
  commandId = 78411b54-8941-420f-8b98-8c6bb877c43b,
  submissionId = 04bdcc66-7eaf-468b-af12-8393314efaa3,
  applicationId = asset-transfer-app,
  actAs = Bob::1220a82f9051...,
  submittedAt = 2026-01-13T11:08:38.369560Z,
  ledgerEffectiveTime = 2026-01-13T11:08:38.369559Z,
  deduplicationPeriod = (duration=PT168H),
  ...
).
2026-01-13 16:38:38,381 [canton-env-ec-80] INFO  c.d.c.p.p.TransactionProcessor:participant=sandbox/domainId=local::1220e43d5d01 tid:ac5e3ffc6a734365ecce8f7cc65cea94 - Phase 1 completed: Submitting 3 envelopes for Transaction request, submitters Bob::1220a82f9051..., command-id 78411b54-8941-420f-8b98-8c6bb877c43b
2026-01-13 16:38:38,384 [canton-env-ec-27] INFO  c.d.c.d.s.s.GrpcSequencerService:domain=local tid:ac5e3ffc6a734365ecce8f7cc65cea94 - 'PAR::sandbox::1220a82f9051...' sends request with id 'a616c3df-cc15-4eee-8283-6a80e74d5d69' of size 2665 bytes with 3 envelopes.
2026-01-13 16:38:38,390 [canton-env-ec-74] INFO  c.d.c.p.p.DefaultMessageDispatcher:participant=sandbox/domainId=local::1220e43d5d01 tid:ac5e3ffc6a734365ecce8f7cc65cea94 - Processing event at sc=51, ts=2026-01-13T11:08:38.385915Z, messageId=a616c3df-cc15-4eee-8283-6a80e74d5d69, with contents=Seq(RootHashMessage(root hash = SHA-256:aa7e187cb436..., payload size = 0), EncryptedViewMessageV2(view hash = ViewHash(SHA-256:632b211e934e...), view type = TransactionViewType, size = 1265))
2026-01-13 16:38:38,391 [canton-env-ec-76] INFO  c.d.c.p.p.TransactionProcessor:participant=sandbox/domainId=local::1220e43d5d01 tid:ac5e3ffc6a734365ecce8f7cc65cea94 - Phase 3: Validating Transaction request=2026-01-13T11:08:38.385915Z with 1 envelope(s)
2026-01-13 16:38:38,392 [canton-env-ec-28] INFO  c.d.c.d.m.ConfirmationResponseProcessor:domain=local/node=mediator tid:ac5e3ffc6a734365ecce8f7cc65cea94 - Phase 2: Registered request=2026-01-13T11:08:38.385915Z with 1 view(s). Initial state: ViewPosition("") -> ViewState(
  quorumsState = Seq(
    Quorum(confirmers = Map(Alice::1220a82f9051... -> 1, Bob::1220a82f9051... -> 1), threshold = 2),
    Quorum(confirmers = Bob::1220a82f9051... -> 1, threshold = 1),
    Quorum(confirmers = sandbox::1220a82f9051... -> 1, threshold = 1)
  ),
  consortiumVoting = Map(Alice::1220a82f9051... -> ConsortiumVotingState(), Bob::1220a82f9051... -> ConsortiumVotingState(), sandbox::1220a82f9051... -> ConsortiumVotingState()),
  rejections = Seq()
)
2026-01-13 16:38:38,401 [canton-env-ec-71] INFO  c.d.c.p.p.TransactionProcessor:participant=sandbox/domainId=local::1220e43d5d01 tid:ac5e3ffc6a734365ecce8f7cc65cea94 - Phase 4: Sending for request=2026-01-13T11:08:38.385915Z with msgId=18d33dc8-0a71-4286-8451-9f1d05e019d7 approved=1, rejected=0
2026-01-13 16:38:38,404 [canton-env-ec-78] INFO  c.d.c.d.s.s.GrpcSequencerService:domain=local tid:ac5e3ffc6a734365ecce8f7cc65cea94 - 'PAR::sandbox::1220a82f9051...' sends request with id '18d33dc8-0a71-4286-8451-9f1d05e019d7' of size 731 bytes with 1 envelopes.
2026-01-13 16:38:38,408 [canton-env-ec-69] INFO  c.d.c.p.p.DefaultMessageDispatcher:participant=sandbox/domainId=local::1220e43d5d01 tid:ac5e3ffc6a734365ecce8f7cc65cea94 - Processing event at sc=52, ts=2026-01-13T11:08:38.405406Z, messageId=18d33dc8-0a71-4286-8451-9f1d05e019d7, with contents=Seq()
2026-01-13 16:38:38,409 [canton-env-ec-27] INFO  c.d.c.d.m.ConfirmationResponseProcessor:domain=local/node=mediator tid:ac5e3ffc6a734365ecce8f7cc65cea94 - Phase 5: Received responses for request=RequestId(2026-01-13T11:08:38.385915Z): ParticipantResponse(sender = PAR::sandbox::1220a82f9051..., ts = 2026-01-13T11:08:38.405406Z, approved = 1)
2026-01-13 16:38:38,410 [canton-env-ec-80] INFO  c.d.c.d.m.ConfirmationResponseProcessor:domain=local/node=mediator tid:ac5e3ffc6a734365ecce8f7cc65cea94 - Phase 6: Finalized request=RequestId(2026-01-13T11:08:38.385915Z) with verdict Approve
2026-01-13 16:38:38,413 [canton-env-ec-27] INFO  c.d.c.d.s.s.GrpcSequencerService:domain=local tid:ac5e3ffc6a734365ecce8f7cc65cea94 - 'MED::local::1220e43d5d01...' sends request with id 'mmid:verdict:1768302518385915' of size 703 bytes with 1 envelopes.
2026-01-13 16:38:38,418 [canton-env-ec-28] INFO  c.d.c.p.p.DefaultMessageDispatcher:participant=sandbox/domainId=local::1220e43d5d01 tid:ac5e3ffc6a734365ecce8f7cc65cea94 - Processing event at sc=53, ts=2026-01-13T11:08:38.414638Z, with contents=SignedProtocolMessage(
  TransactionResultMessage(requestId = 2026-01-13T11:08:38.385915Z, verdict = Approve, rootHash = SHA-256:aa7e187cb436..., domainId = local::1220e43d5d01...),
  signatures = Signature(signature = 7bba5992388e, signedBy = 12202894b251...)
)
2026-01-13 16:38:38,422 [input-mapping-pool-0] INFO  c.d.c.p.i.p.ParallelIndexerSubscription:participant=sandbox tid:ac5e3ffc6a734365ecce8f7cc65cea94 - Phase 7: Storing at offset=000000000000000011 TransactionAccepted(
  recordTime = 2026-01-13T11:08:38.385915Z,
  transactionId = 1220aa7e187cb436f3bb4f7ffaf2977521d8bfeeed308c10b7d2af6693568dabc464,
  transactionMeta = TransactionMeta(ledgerEffectiveTime = 2026-01-13T11:08:38.369559Z, submissionTime = 2026-01-13T11:08:38.369559Z, domainId = local::1220e43d5d01..., ...),
  completion = CompletionInfo(
    actAs = Bob::1220a82f9051...,
    commandId = 78411b54-8941-420f-8b98-8c6bb877c43b,
    applicationId = asset-transfer-app,
    deduplication period = (offset=Offset(Bytes(000000000000000001))),
    submissionId = Some(04bdcc66-7eaf-468b-af12-8393314efaa3),
    ...
  ),
  nodes = 2,
  roots = 1,
  ...
)
2026-01-13 16:38:38,426 [canton-env-ec-74] INFO  c.d.c.p.a.s.t.TransactionServiceImpl:participant=sandbox - Received request for transaction by ID, ledgerId -> 'sandbox', transactionId -> '1220aa7e187cb436f3bb4f7ffaf2977521d8bfeeed308c10b7d2af6693568dabc464', parties -> ['Bob::1220a82f9051f4828b80d8cf6620fba66562303f110452605ba6bb45381683dc7d49'].
2026-01-13 16:38:38,469 [canton-env-ec-27] INFO  c.d.c.p.a.s.ApiActiveContractsService:participant=sandbox tid:071ea30bd39d9c6d5975f40cc3e79d14 - Received request for active contracts: GetActiveContractsRequest(sandbox,Some(TransactionFilter(Map(Bob::1220a82f9051f4828b80d8cf6620fba66562303f110452605ba6bb45381683dc7d49 -> Filters(Some(InclusiveFilters(Vector(Identifier(3871bbf7cc5081b11362b3f94db3563d34f3e61465fc4032798a77c406a862b2,Main,Asset)),Vector(),Vector())))))),true,), filters -> {Bob::1220a82f9051f4828b80d8cf6620fba66562303f110452605ba6bb45381683dc7d49: ['3871bbf7cc5081b11362b3f94db3563d34f3e61465fc4032798a77c406a862b2:Main:Asset']}.
2026-01-13 16:38:38,477 [canton-env-ec-71] INFO  c.d.c.p.a.s.t.TransactionServiceImpl:participant=sandbox tid:14e2aecc14b35aff2a1b17ecb8f95987 - Received request for transactions, startExclusive -> '000000000000000011', endInclusive -> '%end%', filters -> {Bob::1220a82f9051f4828b80d8cf6620fba66562303f110452605ba6bb45381683dc7d49: ['3871bbf7cc5081b11362b3f94db3563d34f3e61465fc4032798a77c406a862b2:Main:Asset']}, verbose -> true, ledgerId -> 'sandbox'.
2026-01-13 16:38:38,526 [canton-env-ec-74] INFO  c.d.c.p.a.s.ApiActiveContractsService:participant=sandbox tid:daba19290d66b3fd3507c9d177b7bab9 - Received request for active contracts: GetActiveContractsRequest(sandbox,Some(TransactionFilter(Map(Bob::1220a82f9051f4828b80d8cf6620fba66562303f110452605ba6bb45381683dc7d49 -> Filters(Some(InclusiveFilters(Vector(Identifier(3871bbf7cc5081b11362b3f94db3563d34f3e61465fc4032798a77c406a862b2,Main,TransferProposal)),Vector(),Vector())))))),true,), filters -> {Bob::1220a82f9051f4828b80d8cf6620fba66562303f110452605ba6bb45381683dc7d49: ['3871bbf7cc5081b11362b3f94db3563d34f3e61465fc4032798a77c406a862b2:Main:TransferProposal']}.
2026-01-13 16:38:38,549 [canton-env-ec-79] INFO  c.d.c.p.a.s.t.TransactionServiceImpl:participant=sandbox tid:5573b3ad736e9e1a775fec49f2f60a01 - Received request for transactions, startExclusive -> '000000000000000011', endInclusive -> '%end%', filters -> {Bob::1220a82f9051f4828b80d8cf6620fba66562303f110452605ba6bb45381683dc7d49: ['3871bbf7cc5081b11362b3f94db3563d34f3e61465fc4032798a77c406a862b2:Main:TransferProposal']}, verbose -> true, ledgerId -> 'sandbox'.
2026-01-13 16:38:57,803 [canton-env-ec-68] INFO  c.d.c.p.a.s.c.CommandSubmissionServiceImpl:participant=sandbox tid:1ebee43f947a112bf1488caac43f8a4f - Phase 1 started: Submitting commands for interpretation: Commands(
  commandId = 34e0404f-ebcf-48a7-be65-6546ec6c0c15,
  submissionId = a9943639-f678-4123-85d6-fadbbef81106,
  applicationId = asset-transfer-app,
  actAs = Alice::1220a82f9051...,
  submittedAt = 2026-01-13T11:08:57.801375Z,
  ledgerEffectiveTime = 2026-01-13T11:08:57.801374Z,
  deduplicationPeriod = (duration=PT168H),
  ...
).
2026-01-13 16:38:57,872 [canton-env-ec-71] INFO  c.d.c.p.p.TransactionProcessor:participant=sandbox/domainId=local::1220e43d5d01 tid:1ebee43f947a112bf1488caac43f8a4f - Phase 1 completed: Submitting 3 envelopes for Transaction request, submitters Alice::1220a82f9051..., command-id 34e0404f-ebcf-48a7-be65-6546ec6c0c15
2026-01-13 16:38:57,891 [canton-env-ec-68] INFO  c.d.c.d.s.s.GrpcSequencerService:domain=local tid:1ebee43f947a112bf1488caac43f8a4f - 'PAR::sandbox::1220a82f9051...' sends request with id '696d367d-cd73-4c62-9e66-61630aecc18b' of size 2363 bytes with 3 envelopes.
2026-01-13 16:38:57,909 [canton-env-ec-80] INFO  c.d.c.p.p.DefaultMessageDispatcher:participant=sandbox/domainId=local::1220e43d5d01 tid:1ebee43f947a112bf1488caac43f8a4f - Processing event at sc=54, ts=2026-01-13T11:08:57.896117Z, messageId=696d367d-cd73-4c62-9e66-61630aecc18b, with contents=Seq(RootHashMessage(root hash = SHA-256:d91b4798a0df..., payload size = 0), EncryptedViewMessageV2(view hash = ViewHash(SHA-256:06295f2bc8d4...), view type = TransactionViewType, size = 980))
2026-01-13 16:38:57,911 [canton-env-ec-68] INFO  c.d.c.p.p.TransactionProcessor:participant=sandbox/domainId=local::1220e43d5d01 tid:1ebee43f947a112bf1488caac43f8a4f - Phase 3: Validating Transaction request=2026-01-13T11:08:57.896117Z with 1 envelope(s)
2026-01-13 16:38:57,914 [canton-env-ec-79] INFO  c.d.c.d.m.ConfirmationResponseProcessor:domain=local/node=mediator tid:1ebee43f947a112bf1488caac43f8a4f - Phase 2: Registered request=2026-01-13T11:08:57.896117Z with 1 view(s). Initial state: ViewPosition("") -> ViewState(
  quorumsState = Seq(Quorum(confirmers = Alice::1220a82f9051... -> 1, threshold = 1), Quorum(confirmers = sandbox::1220a82f9051... -> 1, threshold = 1)),
  consortiumVoting = Map(Alice::1220a82f9051... -> ConsortiumVotingState(), sandbox::1220a82f9051... -> ConsortiumVotingState()),
  rejections = Seq()
)
2026-01-13 16:38:57,949 [canton-env-ec-78] INFO  c.d.c.p.p.TransactionProcessor:participant=sandbox/domainId=local::1220e43d5d01 tid:1ebee43f947a112bf1488caac43f8a4f - Phase 4: Sending for request=2026-01-13T11:08:57.896117Z with msgId=a5aa466f-8853-4668-a19a-168fb10a50ec approved=1, rejected=0
2026-01-13 16:38:57,954 [canton-env-ec-68] INFO  c.d.c.d.s.s.GrpcSequencerService:domain=local tid:1ebee43f947a112bf1488caac43f8a4f - 'PAR::sandbox::1220a82f9051...' sends request with id 'a5aa466f-8853-4668-a19a-168fb10a50ec' of size 733 bytes with 1 envelopes.
2026-01-13 16:38:57,965 [canton-env-ec-78] INFO  c.d.c.p.p.DefaultMessageDispatcher:participant=sandbox/domainId=local::1220e43d5d01 tid:1ebee43f947a112bf1488caac43f8a4f - Processing event at sc=55, ts=2026-01-13T11:08:57.958493Z, messageId=a5aa466f-8853-4668-a19a-168fb10a50ec, with contents=Seq()
2026-01-13 16:38:57,966 [canton-env-ec-30] INFO  c.d.c.d.m.ConfirmationResponseProcessor:domain=local/node=mediator tid:1ebee43f947a112bf1488caac43f8a4f - Phase 5: Received responses for request=RequestId(2026-01-13T11:08:57.896117Z): ParticipantResponse(sender = PAR::sandbox::1220a82f9051..., ts = 2026-01-13T11:08:57.958493Z, approved = 1)
2026-01-13 16:38:57,969 [canton-env-ec-71] INFO  c.d.c.d.m.ConfirmationResponseProcessor:domain=local/node=mediator tid:1ebee43f947a112bf1488caac43f8a4f - Phase 6: Finalized request=RequestId(2026-01-13T11:08:57.896117Z) with verdict Approve
2026-01-13 16:38:57,974 [canton-env-ec-68] INFO  c.d.c.d.s.s.GrpcSequencerService:domain=local tid:1ebee43f947a112bf1488caac43f8a4f - 'MED::local::1220e43d5d01...' sends request with id 'mmid:verdict:1768302537896117' of size 706 bytes with 1 envelopes.
2026-01-13 16:38:57,982 [canton-env-ec-71] INFO  c.d.c.p.p.DefaultMessageDispatcher:participant=sandbox/domainId=local::1220e43d5d01 tid:1ebee43f947a112bf1488caac43f8a4f - Processing event at sc=56, ts=2026-01-13T11:08:57.977215Z, with contents=SignedProtocolMessage(
  TransactionResultMessage(requestId = 2026-01-13T11:08:57.896117Z, verdict = Approve, rootHash = SHA-256:d91b4798a0df..., domainId = local::1220e43d5d01...),
  signatures = Signature(signature = 441dc1a2db1d, signedBy = 12202894b251...)
)
2026-01-13 16:38:57,996 [input-mapping-pool-1] INFO  c.d.c.p.i.p.ParallelIndexerSubscription:participant=sandbox tid:1ebee43f947a112bf1488caac43f8a4f - Phase 7: Storing at offset=000000000000000012 TransactionAccepted(
  recordTime = 2026-01-13T11:08:57.896117Z,
  transactionId = 1220d91b4798a0dfa77e3ee5f3ac5ff3dde9cfdc516189b2ed6d0b4ba4373bb79d0c,
  transactionMeta = TransactionMeta(ledgerEffectiveTime = 2026-01-13T11:08:57.801374Z, submissionTime = 2026-01-13T11:08:57.801374Z, domainId = local::1220e43d5d01..., ...),
  completion = CompletionInfo(
    actAs = Alice::1220a82f9051...,
    commandId = 34e0404f-ebcf-48a7-be65-6546ec6c0c15,
    applicationId = asset-transfer-app,
    deduplication period = (offset=Offset(Bytes(000000000000000001))),
    submissionId = Some(a9943639-f678-4123-85d6-fadbbef81106),
    ...
  ),
  nodes = 1,
  roots = 1,
  ...
)
2026-01-13 16:38:58,002 [canton-env-ec-71] INFO  c.d.c.p.a.s.t.TransactionServiceImpl:participant=sandbox - Received request for flat transaction by ID, ledgerId -> 'sandbox', transactionId -> '1220d91b4798a0dfa77e3ee5f3ac5ff3dde9cfdc516189b2ed6d0b4ba4373bb79d0c', parties -> ['Alice::1220a82f9051f4828b80d8cf6620fba66562303f110452605ba6bb45381683dc7d49'].
2026-01-13 16:38:58,105 [canton-env-ec-71] INFO  c.d.c.p.a.s.ApiActiveContractsService:participant=sandbox tid:4f5eff658926f4c6e1da3ffb2691541a - Received request for active contracts: GetActiveContractsRequest(sandbox,Some(TransactionFilter(Map(Alice::1220a82f9051f4828b80d8cf6620fba66562303f110452605ba6bb45381683dc7d49 -> Filters(Some(InclusiveFilters(Vector(Identifier(3871bbf7cc5081b11362b3f94db3563d34f3e61465fc4032798a77c406a862b2,Main,Asset)),Vector(),Vector())))))),true,), filters -> {Alice::1220a82f9051f4828b80d8cf6620fba66562303f110452605ba6bb45381683dc7d49: ['3871bbf7cc5081b11362b3f94db3563d34f3e61465fc4032798a77c406a862b2:Main:Asset']}.
2026-01-13 16:38:58,128 [canton-env-ec-71] INFO  c.d.c.p.a.s.t.TransactionServiceImpl:participant=sandbox tid:753dc187339cceb71558be9ce19b622c - Received request for transactions, startExclusive -> '000000000000000012', endInclusive -> '%end%', filters -> {Alice::1220a82f9051f4828b80d8cf6620fba66562303f110452605ba6bb45381683dc7d49: ['3871bbf7cc5081b11362b3f94db3563d34f3e61465fc4032798a77c406a862b2:Main:Asset']}, verbose -> true, ledgerId -> 'sandbox'.
2026-01-13 16:38:58,293 [canton-env-ec-69] INFO  c.d.c.p.a.s.ApiActiveContractsService:participant=sandbox tid:f1360f3285c72eab48174262025bbb4f - Received request for active contracts: GetActiveContractsRequest(sandbox,Some(TransactionFilter(Map(Alice::1220a82f9051f4828b80d8cf6620fba66562303f110452605ba6bb45381683dc7d49 -> Filters(Some(InclusiveFilters(Vector(Identifier(3871bbf7cc5081b11362b3f94db3563d34f3e61465fc4032798a77c406a862b2,Main,TransferProposal)),Vector(),Vector())))))),true,), filters -> {Alice::1220a82f9051f4828b80d8cf6620fba66562303f110452605ba6bb45381683dc7d49: ['3871bbf7cc5081b11362b3f94db3563d34f3e61465fc4032798a77c406a862b2:Main:TransferProposal']}.
2026-01-13 16:38:58,317 [canton-env-ec-27] INFO  c.d.c.p.a.s.t.TransactionServiceImpl:participant=sandbox tid:d2e12ccabf93743660c3de75050fcb73 - Received request for transactions, startExclusive -> '000000000000000012', endInclusive -> '%end%', filters -> {Alice::1220a82f9051f4828b80d8cf6620fba66562303f110452605ba6bb45381683dc7d49: ['3871bbf7cc5081b11362b3f94db3563d34f3e61465fc4032798a77c406a862b2:Main:TransferProposal']}, verbose -> true, ledgerId -> 'sandbox'.
2026-01-13 16:39:05,799 [canton-env-ec-28] INFO  c.d.c.p.a.s.c.CommandSubmissionServiceImpl:participant=sandbox tid:ae92345a78697ed37ff977903765649a - Phase 1 started: Submitting commands for interpretation: Commands(
  commandId = 515660e3-c358-4824-ad36-04d64cfe3813,
  submissionId = 928d8215-a615-481d-9e66-af63c566560c,
  applicationId = asset-transfer-app,
  actAs = Alice::1220a82f9051...,
  submittedAt = 2026-01-13T11:09:05.797575Z,
  ledgerEffectiveTime = 2026-01-13T11:09:05.797572Z,
  deduplicationPeriod = (duration=PT168H),
  ...
).
2026-01-13 16:39:05,842 [canton-env-ec-69] INFO  c.d.c.p.p.TransactionProcessor:participant=sandbox/domainId=local::1220e43d5d01 tid:ae92345a78697ed37ff977903765649a - Phase 1 completed: Submitting 3 envelopes for Transaction request, submitters Alice::1220a82f9051..., command-id 515660e3-c358-4824-ad36-04d64cfe3813
2026-01-13 16:39:05,849 [canton-env-ec-29] INFO  c.d.c.d.s.s.GrpcSequencerService:domain=local tid:ae92345a78697ed37ff977903765649a - 'PAR::sandbox::1220a82f9051...' sends request with id 'b143c995-baec-4044-be5a-69713715e7f1' of size 2638 bytes with 3 envelopes.
2026-01-13 16:39:05,865 [canton-env-ec-71] INFO  c.d.c.p.p.DefaultMessageDispatcher:participant=sandbox/domainId=local::1220e43d5d01 tid:ae92345a78697ed37ff977903765649a - Processing event at sc=57, ts=2026-01-13T11:09:05.853026Z, messageId=b143c995-baec-4044-be5a-69713715e7f1, with contents=Seq(RootHashMessage(root hash = SHA-256:13f45faec84c..., payload size = 0), EncryptedViewMessageV2(view hash = ViewHash(SHA-256:1996bc5521c5...), view type = TransactionViewType, size = 1248))
2026-01-13 16:39:05,867 [canton-env-ec-71] INFO  c.d.c.p.p.TransactionProcessor:participant=sandbox/domainId=local::1220e43d5d01 tid:ae92345a78697ed37ff977903765649a - Phase 3: Validating Transaction request=2026-01-13T11:09:05.853026Z with 1 envelope(s)
2026-01-13 16:39:05,869 [canton-env-ec-29] INFO  c.d.c.d.m.ConfirmationResponseProcessor:domain=local/node=mediator tid:ae92345a78697ed37ff977903765649a - Phase 2: Registered request=2026-01-13T11:09:05.853026Z with 1 view(s). Initial state: ViewPosition("") -> ViewState(
  quorumsState = Seq(Quorum(confirmers = Alice::1220a82f9051... -> 1, threshold = 1), Quorum(confirmers = sandbox::1220a82f9051... -> 1, threshold = 1)),
  consortiumVoting = Map(Alice::1220a82f9051... -> ConsortiumVotingState(), sandbox::1220a82f9051... -> ConsortiumVotingState()),
  rejections = Seq()
)
2026-01-13 16:39:05,884 [canton-env-ec-80] INFO  c.d.c.p.p.TransactionProcessor:participant=sandbox/domainId=local::1220e43d5d01 tid:ae92345a78697ed37ff977903765649a - Phase 4: Sending for request=2026-01-13T11:09:05.853026Z with msgId=0f89b89d-1e2d-4a40-9251-9043f97e8cce approved=1, rejected=0
2026-01-13 16:39:05,887 [canton-env-ec-80] INFO  c.d.c.d.s.s.GrpcSequencerService:domain=local tid:ae92345a78697ed37ff977903765649a - 'PAR::sandbox::1220a82f9051...' sends request with id '0f89b89d-1e2d-4a40-9251-9043f97e8cce' of size 729 bytes with 1 envelopes.
2026-01-13 16:39:05,893 [canton-env-ec-69] INFO  c.d.c.p.p.DefaultMessageDispatcher:participant=sandbox/domainId=local::1220e43d5d01 tid:ae92345a78697ed37ff977903765649a - Processing event at sc=58, ts=2026-01-13T11:09:05.888835Z, messageId=0f89b89d-1e2d-4a40-9251-9043f97e8cce, with contents=Seq()
2026-01-13 16:39:05,898 [canton-env-ec-69] INFO  c.d.c.d.m.ConfirmationResponseProcessor:domain=local/node=mediator tid:ae92345a78697ed37ff977903765649a - Phase 5: Received responses for request=RequestId(2026-01-13T11:09:05.853026Z): ParticipantResponse(sender = PAR::sandbox::1220a82f9051..., ts = 2026-01-13T11:09:05.888835Z, approved = 1)
2026-01-13 16:39:05,900 [canton-env-ec-71] INFO  c.d.c.d.m.ConfirmationResponseProcessor:domain=local/node=mediator tid:ae92345a78697ed37ff977903765649a - Phase 6: Finalized request=RequestId(2026-01-13T11:09:05.853026Z) with verdict Approve
2026-01-13 16:39:05,904 [canton-env-ec-69] INFO  c.d.c.d.s.s.GrpcSequencerService:domain=local tid:ae92345a78697ed37ff977903765649a - 'MED::local::1220e43d5d01...' sends request with id 'mmid:verdict:1768302545853026' of size 705 bytes with 1 envelopes.
2026-01-13 16:39:05,910 [canton-env-ec-74] INFO  c.d.c.p.p.DefaultMessageDispatcher:participant=sandbox/domainId=local::1220e43d5d01 tid:ae92345a78697ed37ff977903765649a - Processing event at sc=59, ts=2026-01-13T11:09:05.905660Z, with contents=SignedProtocolMessage(
  TransactionResultMessage(requestId = 2026-01-13T11:09:05.853026Z, verdict = Approve, rootHash = SHA-256:13f45faec84c..., domainId = local::1220e43d5d01...),
  signatures = Signature(signature = d5e225931808, signedBy = 12202894b251...)
)
2026-01-13 16:39:05,914 [input-mapping-pool-2] INFO  c.d.c.p.i.p.ParallelIndexerSubscription:participant=sandbox tid:ae92345a78697ed37ff977903765649a - Phase 7: Storing at offset=000000000000000013 TransactionAccepted(
  recordTime = 2026-01-13T11:09:05.853026Z,
  transactionId = 122013f45faec84c7d69368b6514b5df356793be7632923a68ac509d55ecbb815c6c,
  transactionMeta = TransactionMeta(ledgerEffectiveTime = 2026-01-13T11:09:05.797572Z, submissionTime = 2026-01-13T11:09:05.797572Z, domainId = local::1220e43d5d01..., ...),
  completion = CompletionInfo(
    actAs = Alice::1220a82f9051...,
    commandId = 515660e3-c358-4824-ad36-04d64cfe3813,
    applicationId = asset-transfer-app,
    deduplication period = (offset=Offset(Bytes(000000000000000001))),
    submissionId = Some(928d8215-a615-481d-9e66-af63c566560c),
    ...
  ),
  nodes = 2,
  roots = 1,
  ...
)
2026-01-13 16:39:05,925 [canton-env-ec-69] INFO  c.d.c.p.a.s.t.TransactionServiceImpl:participant=sandbox - Received request for transaction by ID, ledgerId -> 'sandbox', transactionId -> '122013f45faec84c7d69368b6514b5df356793be7632923a68ac509d55ecbb815c6c', parties -> ['Alice::1220a82f9051f4828b80d8cf6620fba66562303f110452605ba6bb45381683dc7d49'].
2026-01-13 16:39:05,989 [canton-env-ec-29] INFO  c.d.c.p.a.s.ApiActiveContractsService:participant=sandbox tid:8704889a86a3c01dfd6bd280ac54c96f - Received request for active contracts: GetActiveContractsRequest(sandbox,Some(TransactionFilter(Map(Alice::1220a82f9051f4828b80d8cf6620fba66562303f110452605ba6bb45381683dc7d49 -> Filters(Some(InclusiveFilters(Vector(Identifier(3871bbf7cc5081b11362b3f94db3563d34f3e61465fc4032798a77c406a862b2,Main,Asset)),Vector(),Vector())))))),true,), filters -> {Alice::1220a82f9051f4828b80d8cf6620fba66562303f110452605ba6bb45381683dc7d49: ['3871bbf7cc5081b11362b3f94db3563d34f3e61465fc4032798a77c406a862b2:Main:Asset']}.
2026-01-13 16:39:05,999 [canton-env-ec-71] INFO  c.d.c.p.a.s.t.TransactionServiceImpl:participant=sandbox tid:57f3b8e02f8f53a9e1695e9c05a93911 - Received request for transactions, startExclusive -> '000000000000000013', endInclusive -> '%end%', filters -> {Alice::1220a82f9051f4828b80d8cf6620fba66562303f110452605ba6bb45381683dc7d49: ['3871bbf7cc5081b11362b3f94db3563d34f3e61465fc4032798a77c406a862b2:Main:Asset']}, verbose -> true, ledgerId -> 'sandbox'.
2026-01-13 16:39:06,042 [canton-env-ec-71] INFO  c.d.c.p.a.s.ApiActiveContractsService:participant=sandbox tid:010ac4e9f2e13d2f0b4c11854bc00030 - Received request for active contracts: GetActiveContractsRequest(sandbox,Some(TransactionFilter(Map(Alice::1220a82f9051f4828b80d8cf6620fba66562303f110452605ba6bb45381683dc7d49 -> Filters(Some(InclusiveFilters(Vector(Identifier(3871bbf7cc5081b11362b3f94db3563d34f3e61465fc4032798a77c406a862b2,Main,TransferProposal)),Vector(),Vector())))))),true,), filters -> {Alice::1220a82f9051f4828b80d8cf6620fba66562303f110452605ba6bb45381683dc7d49: ['3871bbf7cc5081b11362b3f94db3563d34f3e61465fc4032798a77c406a862b2:Main:TransferProposal']}.
2026-01-13 16:39:06,050 [canton-env-ec-27] INFO  c.d.c.p.a.s.t.TransactionServiceImpl:participant=sandbox tid:3cc5dae819f4f8758f87bbaecde11e77 - Received request for transactions, startExclusive -> '000000000000000013', endInclusive -> '%end%', filters -> {Alice::1220a82f9051f4828b80d8cf6620fba66562303f110452605ba6bb45381683dc7d49: ['3871bbf7cc5081b11362b3f94db3563d34f3e61465fc4032798a77c406a862b2:Main:TransferProposal']}, verbose -> true, ledgerId -> 'sandbox'.
2026-01-13 16:39:06,742 [canton-env-ec-30] INFO  c.d.c.d.s.s.GrpcSequencerService:domain=local tid:51a8baaca2f5466c1105761892cfb58a - 'PAR::sandbox::1220a82f9051...' sends request with id 'tick-becc1304-92e9-4945-83cb-8d59573e0dc6' of size 338 bytes with 0 envelopes.
2026-01-13 16:39:07,275 [canton-env-ec-76] INFO  c.d.c.d.s.s.GrpcSequencerService:domain=local tid:51a8baaca2f5466c1105761892cfb58a - 'PAR::sandbox::1220a82f9051...' sends request with id 'tick-f9202d8b-e2d4-4e60-bcf7-d1be5db49d73' of size 338 bytes with 0 envelopes.
2026-01-13 16:39:08,226 [canton-env-ec-29] INFO  c.d.c.d.s.s.GrpcSequencerService:domain=local tid:26b4b8118b01036e221b6247816db70a - 'MED::local::1220e43d5d01...' sends request with id 'tick-f5c09549-33da-42ad-84a4-98ae3551b554' of size 336 bytes with 0 envelopes.
2026-01-13 16:39:08,739 [canton-env-ec-78] INFO  c.d.c.d.s.s.GrpcSequencerService:domain=local tid:26b4b8118b01036e221b6247816db70a - 'MED::local::1220e43d5d01...' sends request with id 'tick-682194c5-18bd-417e-8eee-1ca281041121' of size 335 bytes with 0 envelopes.
2026-01-13 16:39:12,114 [canton-env-ec-71] INFO  c.d.c.p.a.s.ApiActiveContractsService:participant=sandbox tid:eb990b7b643abb634f31e1746ab0ad14 - Received request for active contracts: GetActiveContractsRequest(sandbox,Some(TransactionFilter(Map(Bob::1220a82f9051f4828b80d8cf6620fba66562303f110452605ba6bb45381683dc7d49 -> Filters(Some(InclusiveFilters(Vector(Identifier(3871bbf7cc5081b11362b3f94db3563d34f3e61465fc4032798a77c406a862b2,Main,Asset)),Vector(),Vector())))))),true,), filters -> {Bob::1220a82f9051f4828b80d8cf6620fba66562303f110452605ba6bb45381683dc7d49: ['3871bbf7cc5081b11362b3f94db3563d34f3e61465fc4032798a77c406a862b2:Main:Asset']}.
2026-01-13 16:39:12,123 [canton-env-ec-71] INFO  c.d.c.p.a.s.t.TransactionServiceImpl:participant=sandbox tid:6efe38ddceef3c4b52dd5928dc6de81c - Received request for transactions, startExclusive -> '000000000000000013', endInclusive -> '%end%', filters -> {Bob::1220a82f9051f4828b80d8cf6620fba66562303f110452605ba6bb45381683dc7d49: ['3871bbf7cc5081b11362b3f94db3563d34f3e61465fc4032798a77c406a862b2:Main:Asset']}, verbose -> true, ledgerId -> 'sandbox'.
2026-01-13 16:39:12,175 [canton-env-ec-71] INFO  c.d.c.p.a.s.ApiActiveContractsService:participant=sandbox tid:ba7727adac77eb1367ffd23fb4accfbd - Received request for active contracts: GetActiveContractsRequest(sandbox,Some(TransactionFilter(Map(Bob::1220a82f9051f4828b80d8cf6620fba66562303f110452605ba6bb45381683dc7d49 -> Filters(Some(InclusiveFilters(Vector(Identifier(3871bbf7cc5081b11362b3f94db3563d34f3e61465fc4032798a77c406a862b2,Main,Asset)),Vector(),Vector())))))),true,), filters -> {Bob::1220a82f9051f4828b80d8cf6620fba66562303f110452605ba6bb45381683dc7d49: ['3871bbf7cc5081b11362b3f94db3563d34f3e61465fc4032798a77c406a862b2:Main:Asset']}.
2026-01-13 16:39:12,188 [canton-env-ec-28] INFO  c.d.c.p.a.s.t.TransactionServiceImpl:participant=sandbox tid:6a628deb128238d593ab2653118b15cc - Received request for transactions, startExclusive -> '000000000000000013', endInclusive -> '%end%', filters -> {Bob::1220a82f9051f4828b80d8cf6620fba66562303f110452605ba6bb45381683dc7d49: ['3871bbf7cc5081b11362b3f94db3563d34f3e61465fc4032798a77c406a862b2:Main:Asset']}, verbose -> true, ledgerId -> 'sandbox'.
2026-01-13 16:39:12,229 [canton-env-ec-30] INFO  c.d.c.p.a.s.ApiActiveContractsService:participant=sandbox tid:57dcd250ac164409cd5de8a51fdb32e7 - Received request for active contracts: GetActiveContractsRequest(sandbox,Some(TransactionFilter(Map(Bob::1220a82f9051f4828b80d8cf6620fba66562303f110452605ba6bb45381683dc7d49 -> Filters(Some(InclusiveFilters(Vector(Identifier(3871bbf7cc5081b11362b3f94db3563d34f3e61465fc4032798a77c406a862b2,Main,TransferProposal)),Vector(),Vector())))))),true,), filters -> {Bob::1220a82f9051f4828b80d8cf6620fba66562303f110452605ba6bb45381683dc7d49: ['3871bbf7cc5081b11362b3f94db3563d34f3e61465fc4032798a77c406a862b2:Main:TransferProposal']}.
2026-01-13 16:39:12,239 [canton-env-ec-29] INFO  c.d.c.p.a.s.t.TransactionServiceImpl:participant=sandbox tid:eda4d0320126db202d3b329650d17ee1 - Received request for transactions, startExclusive -> '000000000000000013', endInclusive -> '%end%', filters -> {Bob::1220a82f9051f4828b80d8cf6620fba66562303f110452605ba6bb45381683dc7d49: ['3871bbf7cc5081b11362b3f94db3563d34f3e61465fc4032798a77c406a862b2:Main:TransferProposal']}, verbose -> true, ledgerId -> 'sandbox'.
2026-01-13 16:39:28,205 [canton-env-ec-71] INFO  c.d.c.d.s.s.GrpcSequencerService:domain=local tid:26b4b8118b01036e221b6247816db70a - 'MED::local::1220e43d5d01...' sends request with id 'tick-2379d1b4-3cee-4ea6-b5d7-da6edb24ef97' of size 336 bytes with 0 envelopes.
2026-01-13 16:39:36,117 [canton-env-ec-76] INFO  c.d.c.d.s.s.GrpcSequencerService:domain=local tid:26b4b8118b01036e221b6247816db70a - 'MED::local::1220e43d5d01...' sends request with id 'tick-e5561b44-8599-4365-a793-691c0ff9bdf8' of size 335 bytes with 0 envelopes.
2026-01-13 16:39:38,181 [canton-env-ec-71] INFO  c.d.c.d.s.s.GrpcSequencerService:domain=local tid:51a8baaca2f5466c1105761892cfb58a - 'PAR::sandbox::1220a82f9051...' sends request with id 'tick-21489694-f601-4765-b244-6cb72a0b9a96' of size 338 bytes with 0 envelopes.
2026-01-13 16:39:38,725 [canton-env-ec-78] INFO  c.d.c.d.s.s.GrpcSequencerService:domain=local tid:51a8baaca2f5466c1105761892cfb58a - 'PAR::sandbox::1220a82f9051...' sends request with id 'tick-ab26fb71-ab31-4eda-82cf-87305283783e' of size 337 bytes with 0 envelopes.
2026-01-13 16:39:58,086 [canton-env-ec-68] INFO  c.d.c.d.s.s.GrpcSequencerService:domain=local tid:51a8baaca2f5466c1105761892cfb58a - 'PAR::sandbox::1220a82f9051...' sends request with id 'tick-7450209d-90cb-4b6e-b5fe-753cea62bbdb' of size 338 bytes with 0 envelopes.
2026-01-13 16:40:06,088 [canton-env-ec-30] INFO  c.d.c.d.s.s.GrpcSequencerService:domain=local tid:51a8baaca2f5466c1105761892cfb58a - 'PAR::sandbox::1220a82f9051...' sends request with id 'tick-9e817230-2691-4d59-907e-0a7427f65cfd' of size 337 bytes with 0 envelopes.
2026-01-13 16:40:20,061 [canton-env-ec-78] INFO  c.d.c.p.a.s.ApiActiveContractsService:participant=sandbox tid:136a68c46ea52a30bc6f531d38dc0d4d - Received request for active contracts: GetActiveContractsRequest(sandbox,Some(TransactionFilter(Map(Alice::1220a82f9051f4828b80d8cf6620fba66562303f110452605ba6bb45381683dc7d49 -> Filters(Some(InclusiveFilters(Vector(Identifier(3871bbf7cc5081b11362b3f94db3563d34f3e61465fc4032798a77c406a862b2,Main,Asset)),Vector(),Vector())))))),true,), filters -> {Alice::1220a82f9051f4828b80d8cf6620fba66562303f110452605ba6bb45381683dc7d49: ['3871bbf7cc5081b11362b3f94db3563d34f3e61465fc4032798a77c406a862b2:Main:Asset']}.
2026-01-13 16:40:20,108 [canton-env-ec-22] INFO  c.d.c.p.a.s.t.TransactionServiceImpl:participant=sandbox tid:7d541a0b2f402b86c55d90be5d1df692 - Received request for transactions, startExclusive -> '000000000000000013', endInclusive -> '%end%', filters -> {Alice::1220a82f9051f4828b80d8cf6620fba66562303f110452605ba6bb45381683dc7d49: ['3871bbf7cc5081b11362b3f94db3563d34f3e61465fc4032798a77c406a862b2:Main:Asset']}, verbose -> true, ledgerId -> 'sandbox'.
2026-01-13 16:40:20,170 [canton-env-ec-76] INFO  c.d.c.p.a.s.ApiActiveContractsService:participant=sandbox tid:376783359b74233d0b13ad8f4d0cb32c - Received request for active contracts: GetActiveContractsRequest(sandbox,Some(TransactionFilter(Map(Alice::1220a82f9051f4828b80d8cf6620fba66562303f110452605ba6bb45381683dc7d49 -> Filters(Some(InclusiveFilters(Vector(Identifier(3871bbf7cc5081b11362b3f94db3563d34f3e61465fc4032798a77c406a862b2,Main,Asset)),Vector(),Vector())))))),true,), filters -> {Alice::1220a82f9051f4828b80d8cf6620fba66562303f110452605ba6bb45381683dc7d49: ['3871bbf7cc5081b11362b3f94db3563d34f3e61465fc4032798a77c406a862b2:Main:Asset']}.
2026-01-13 16:40:20,179 [canton-env-ec-22] INFO  c.d.c.p.a.s.t.TransactionServiceImpl:participant=sandbox tid:1769e9006aa07979675e85f88f61a93c - Received request for transactions, startExclusive -> '000000000000000013', endInclusive -> '%end%', filters -> {Alice::1220a82f9051f4828b80d8cf6620fba66562303f110452605ba6bb45381683dc7d49: ['3871bbf7cc5081b11362b3f94db3563d34f3e61465fc4032798a77c406a862b2:Main:Asset']}, verbose -> true, ledgerId -> 'sandbox'.
2026-01-13 16:40:20,225 [canton-env-ec-30] INFO  c.d.c.p.a.s.ApiActiveContractsService:participant=sandbox tid:4968385deb0801b760c5e0953549bd5c - Received request for active contracts: GetActiveContractsRequest(sandbox,Some(TransactionFilter(Map(Alice::1220a82f9051f4828b80d8cf6620fba66562303f110452605ba6bb45381683dc7d49 -> Filters(Some(InclusiveFilters(Vector(Identifier(3871bbf7cc5081b11362b3f94db3563d34f3e61465fc4032798a77c406a862b2,Main,TransferProposal)),Vector(),Vector())))))),true,), filters -> {Alice::1220a82f9051f4828b80d8cf6620fba66562303f110452605ba6bb45381683dc7d49: ['3871bbf7cc5081b11362b3f94db3563d34f3e61465fc4032798a77c406a862b2:Main:TransferProposal']}.
2026-01-13 16:40:20,234 [canton-env-ec-28] INFO  c.d.c.p.a.s.t.TransactionServiceImpl:participant=sandbox tid:bcf80b4066e2b47e7294418003270583 - Received request for transactions, startExclusive -> '000000000000000013', endInclusive -> '%end%', filters -> {Alice::1220a82f9051f4828b80d8cf6620fba66562303f110452605ba6bb45381683dc7d49: ['3871bbf7cc5081b11362b3f94db3563d34f3e61465fc4032798a77c406a862b2:Main:TransferProposal']}, verbose -> true, ledgerId -> 'sandbox'.
2026-01-13 16:40:28,329 [canton-env-ec-29] INFO  c.d.c.p.a.s.c.CommandSubmissionServiceImpl:participant=sandbox tid:f39ce7eeca5a5b87f9f64cbfe605278e - Phase 1 started: Submitting commands for interpretation: Commands(
  commandId = db99498e-f6e0-4d29-8c22-5f230e66d160,
  submissionId = a15b2337-61c2-4915-844c-9f34e3d2e94e,
  applicationId = asset-transfer-app,
  actAs = Alice::1220a82f9051...,
  submittedAt = 2026-01-13T11:10:28.327906Z,
  ledgerEffectiveTime = 2026-01-13T11:10:28.327906Z,
  deduplicationPeriod = (duration=PT168H),
  ...
).
2026-01-13 16:40:28,379 [canton-env-ec-78] INFO  c.d.c.p.p.TransactionProcessor:participant=sandbox/domainId=local::1220e43d5d01 tid:f39ce7eeca5a5b87f9f64cbfe605278e - Phase 1 completed: Submitting 3 envelopes for Transaction request, submitters Alice::1220a82f9051..., command-id db99498e-f6e0-4d29-8c22-5f230e66d160
2026-01-13 16:40:28,384 [canton-env-ec-78] INFO  c.d.c.d.s.s.GrpcSequencerService:domain=local tid:f39ce7eeca5a5b87f9f64cbfe605278e - 'PAR::sandbox::1220a82f9051...' sends request with id '2433f810-b42b-4e27-934c-2a87d3129fd9' of size 2373 bytes with 3 envelopes.
2026-01-13 16:40:28,401 [canton-env-ec-27] INFO  c.d.c.p.p.DefaultMessageDispatcher:participant=sandbox/domainId=local::1220e43d5d01 tid:f39ce7eeca5a5b87f9f64cbfe605278e - Processing event at sc=66, ts=2026-01-13T11:10:28.387056Z, messageId=2433f810-b42b-4e27-934c-2a87d3129fd9, with contents=Seq(RootHashMessage(root hash = SHA-256:ef3691f9a2a1..., payload size = 0), EncryptedViewMessageV2(view hash = ViewHash(SHA-256:fa6bc285fa51...), view type = TransactionViewType, size = 988))
2026-01-13 16:40:28,403 [canton-env-ec-76] INFO  c.d.c.p.p.TransactionProcessor:participant=sandbox/domainId=local::1220e43d5d01 tid:f39ce7eeca5a5b87f9f64cbfe605278e - Phase 3: Validating Transaction request=2026-01-13T11:10:28.387056Z with 1 envelope(s)
2026-01-13 16:40:28,409 [canton-env-ec-68] INFO  c.d.c.d.m.ConfirmationResponseProcessor:domain=local/node=mediator tid:f39ce7eeca5a5b87f9f64cbfe605278e - Phase 2: Registered request=2026-01-13T11:10:28.387056Z with 1 view(s). Initial state: ViewPosition("") -> ViewState(
  quorumsState = Seq(Quorum(confirmers = Alice::1220a82f9051... -> 1, threshold = 1), Quorum(confirmers = sandbox::1220a82f9051... -> 1, threshold = 1)),
  consortiumVoting = Map(Alice::1220a82f9051... -> ConsortiumVotingState(), sandbox::1220a82f9051... -> ConsortiumVotingState()),
  rejections = Seq()
)
2026-01-13 16:40:28,421 [canton-env-ec-75] INFO  c.d.c.p.p.TransactionProcessor:participant=sandbox/domainId=local::1220e43d5d01 tid:f39ce7eeca5a5b87f9f64cbfe605278e - Phase 4: Sending for request=2026-01-13T11:10:28.387056Z with msgId=37ab53db-9fda-4732-a04e-aca53a778527 approved=1, rejected=0
2026-01-13 16:40:28,424 [canton-env-ec-30] INFO  c.d.c.d.s.s.GrpcSequencerService:domain=local tid:f39ce7eeca5a5b87f9f64cbfe605278e - 'PAR::sandbox::1220a82f9051...' sends request with id '37ab53db-9fda-4732-a04e-aca53a778527' of size 728 bytes with 1 envelopes.
2026-01-13 16:40:28,433 [canton-env-ec-69] INFO  c.d.c.p.p.DefaultMessageDispatcher:participant=sandbox/domainId=local::1220e43d5d01 tid:f39ce7eeca5a5b87f9f64cbfe605278e - Processing event at sc=67, ts=2026-01-13T11:10:28.425462Z, messageId=37ab53db-9fda-4732-a04e-aca53a778527, with contents=Seq()
2026-01-13 16:40:28,434 [canton-env-ec-30] INFO  c.d.c.d.m.ConfirmationResponseProcessor:domain=local/node=mediator tid:f39ce7eeca5a5b87f9f64cbfe605278e - Phase 5: Received responses for request=RequestId(2026-01-13T11:10:28.387056Z): ParticipantResponse(sender = PAR::sandbox::1220a82f9051..., ts = 2026-01-13T11:10:28.425462Z, approved = 1)
2026-01-13 16:40:28,436 [canton-env-ec-22] INFO  c.d.c.d.m.ConfirmationResponseProcessor:domain=local/node=mediator tid:f39ce7eeca5a5b87f9f64cbfe605278e - Phase 6: Finalized request=RequestId(2026-01-13T11:10:28.387056Z) with verdict Approve
2026-01-13 16:40:28,439 [canton-env-ec-78] INFO  c.d.c.d.s.s.GrpcSequencerService:domain=local tid:f39ce7eeca5a5b87f9f64cbfe605278e - 'MED::local::1220e43d5d01...' sends request with id 'mmid:verdict:1768302628387056' of size 702 bytes with 1 envelopes.
2026-01-13 16:40:28,444 [canton-env-ec-28] INFO  c.d.c.p.p.DefaultMessageDispatcher:participant=sandbox/domainId=local::1220e43d5d01 tid:f39ce7eeca5a5b87f9f64cbfe605278e - Processing event at sc=68, ts=2026-01-13T11:10:28.440248Z, with contents=SignedProtocolMessage(
  TransactionResultMessage(requestId = 2026-01-13T11:10:28.387056Z, verdict = Approve, rootHash = SHA-256:ef3691f9a2a1..., domainId = local::1220e43d5d01...),
  signatures = Signature(signature = 924b2a3dc6b2, signedBy = 12202894b251...)
)
2026-01-13 16:40:28,451 [input-mapping-pool-3] INFO  c.d.c.p.i.p.ParallelIndexerSubscription:participant=sandbox tid:f39ce7eeca5a5b87f9f64cbfe605278e - Phase 7: Storing at offset=000000000000000014 TransactionAccepted(
  recordTime = 2026-01-13T11:10:28.387056Z,
  transactionId = 1220ef3691f9a2a12541299868ff15ca3391fafa32d69098742f334481117c34ee76,
  transactionMeta = TransactionMeta(ledgerEffectiveTime = 2026-01-13T11:10:28.327906Z, submissionTime = 2026-01-13T11:10:28.327906Z, domainId = local::1220e43d5d01..., ...),
  completion = CompletionInfo(
    actAs = Alice::1220a82f9051...,
    commandId = db99498e-f6e0-4d29-8c22-5f230e66d160,
    applicationId = asset-transfer-app,
    deduplication period = (offset=Offset(Bytes(000000000000000001))),
    submissionId = Some(a15b2337-61c2-4915-844c-9f34e3d2e94e),
    ...
  ),
  nodes = 1,
  roots = 1,
  ...
)
2026-01-13 16:40:28,459 [canton-env-ec-69] INFO  c.d.c.p.a.s.t.TransactionServiceImpl:participant=sandbox - Received request for flat transaction by ID, ledgerId -> 'sandbox', transactionId -> '1220ef3691f9a2a12541299868ff15ca3391fafa32d69098742f334481117c34ee76', parties -> ['Alice::1220a82f9051f4828b80d8cf6620fba66562303f110452605ba6bb45381683dc7d49'].
2026-01-13 16:40:29,110 [canton-env-ec-30] INFO  c.d.c.p.a.s.ApiActiveContractsService:participant=sandbox tid:b4e66670ea2c5ddc5d79180a5d312115 - Received request for active contracts: GetActiveContractsRequest(sandbox,Some(TransactionFilter(Map(Alice::1220a82f9051f4828b80d8cf6620fba66562303f110452605ba6bb45381683dc7d49 -> Filters(Some(InclusiveFilters(Vector(Identifier(3871bbf7cc5081b11362b3f94db3563d34f3e61465fc4032798a77c406a862b2,Main,Asset)),Vector(),Vector())))))),true,), filters -> {Alice::1220a82f9051f4828b80d8cf6620fba66562303f110452605ba6bb45381683dc7d49: ['3871bbf7cc5081b11362b3f94db3563d34f3e61465fc4032798a77c406a862b2:Main:Asset']}.
2026-01-13 16:40:29,145 [canton-env-ec-28] INFO  c.d.c.p.a.s.t.TransactionServiceImpl:participant=sandbox tid:f4a79672c29fecf100cff2572a11b50f - Received request for transactions, startExclusive -> '000000000000000014', endInclusive -> '%end%', filters -> {Alice::1220a82f9051f4828b80d8cf6620fba66562303f110452605ba6bb45381683dc7d49: ['3871bbf7cc5081b11362b3f94db3563d34f3e61465fc4032798a77c406a862b2:Main:Asset']}, verbose -> true, ledgerId -> 'sandbox'.
2026-01-13 16:40:29,328 [canton-env-ec-75] INFO  c.d.c.p.a.s.ApiActiveContractsService:participant=sandbox tid:65ddea76f02fb3bc7d1e473bcaf60f0f - Received request for active contracts: GetActiveContractsRequest(sandbox,Some(TransactionFilter(Map(Alice::1220a82f9051f4828b80d8cf6620fba66562303f110452605ba6bb45381683dc7d49 -> Filters(Some(InclusiveFilters(Vector(Identifier(3871bbf7cc5081b11362b3f94db3563d34f3e61465fc4032798a77c406a862b2,Main,TransferProposal)),Vector(),Vector())))))),true,), filters -> {Alice::1220a82f9051f4828b80d8cf6620fba66562303f110452605ba6bb45381683dc7d49: ['3871bbf7cc5081b11362b3f94db3563d34f3e61465fc4032798a77c406a862b2:Main:TransferProposal']}.
2026-01-13 16:40:29,357 [canton-env-ec-74] INFO  c.d.c.p.a.s.t.TransactionServiceImpl:participant=sandbox tid:892d96d134019a66fde603326f4f1c93 - Received request for transactions, startExclusive -> '000000000000000014', endInclusive -> '%end%', filters -> {Alice::1220a82f9051f4828b80d8cf6620fba66562303f110452605ba6bb45381683dc7d49: ['3871bbf7cc5081b11362b3f94db3563d34f3e61465fc4032798a77c406a862b2:Main:TransferProposal']}, verbose -> true, ledgerId -> 'sandbox'.
2026-01-13 16:40:58,694 [canton-env-ec-69] INFO  c.d.c.d.s.s.GrpcSequencerService:domain=local tid:f39ce7eeca5a5b87f9f64cbfe605278e - 'MED::local::1220e43d5d01...' sends request with id 'tick-fafd12b0-1f14-4dea-be82-a8c8345525c7' of size 336 bytes with 0 envelopes.
2026-01-13 16:41:28,631 [canton-env-ec-69] INFO  c.d.c.d.s.s.GrpcSequencerService:domain=local tid:f39ce7eeca5a5b87f9f64cbfe605278e - 'PAR::sandbox::1220a82f9051...' sends request with id 'tick-532680c2-3269-4efb-8ecb-78af7261e51d' of size 338 bytes with 0 envelopes.
2026-01-13 16:41:44,687 [canton-env-ec-79] INFO  c.d.c.p.a.s.ApiActiveContractsService:participant=sandbox tid:7d82fe0065977f7297719f2a2ca69e43 - Received request for active contracts: GetActiveContractsRequest(sandbox,Some(TransactionFilter(Map(Alice::1220a82f9051f4828b80d8cf6620fba66562303f110452605ba6bb45381683dc7d49 -> Filters(Some(InclusiveFilters(Vector(Identifier(3871bbf7cc5081b11362b3f94db3563d34f3e61465fc4032798a77c406a862b2,Main,Asset)),Vector(),Vector())))))),true,), filters -> {Alice::1220a82f9051f4828b80d8cf6620fba66562303f110452605ba6bb45381683dc7d49: ['3871bbf7cc5081b11362b3f94db3563d34f3e61465fc4032798a77c406a862b2:Main:Asset']}.
2026-01-13 16:41:44,824 [canton-env-ec-68] INFO  c.d.c.p.a.s.t.TransactionServiceImpl:participant=sandbox tid:7e79105d511261cfab0a5f83e87ee984 - Received request for transactions, startExclusive -> '000000000000000014', endInclusive -> '%end%', filters -> {Alice::1220a82f9051f4828b80d8cf6620fba66562303f110452605ba6bb45381683dc7d49: ['3871bbf7cc5081b11362b3f94db3563d34f3e61465fc4032798a77c406a862b2:Main:Asset']}, verbose -> true, ledgerId -> 'sandbox'.
2026-01-13 16:41:45,019 [canton-env-ec-69] INFO  c.d.c.p.a.s.ApiActiveContractsService:participant=sandbox tid:662c68ccd5f72b0d8aa239bdcb59b7ee - Received request for active contracts: GetActiveContractsRequest(sandbox,Some(TransactionFilter(Map(Alice::1220a82f9051f4828b80d8cf6620fba66562303f110452605ba6bb45381683dc7d49 -> Filters(Some(InclusiveFilters(Vector(Identifier(3871bbf7cc5081b11362b3f94db3563d34f3e61465fc4032798a77c406a862b2,Main,Asset)),Vector(),Vector())))))),true,), filters -> {Alice::1220a82f9051f4828b80d8cf6620fba66562303f110452605ba6bb45381683dc7d49: ['3871bbf7cc5081b11362b3f94db3563d34f3e61465fc4032798a77c406a862b2:Main:Asset']}.
2026-01-13 16:41:45,040 [canton-env-ec-74] INFO  c.d.c.p.a.s.t.TransactionServiceImpl:participant=sandbox tid:2b590db5274ba03c24f7bec226340b6e - Received request for transactions, startExclusive -> '000000000000000014', endInclusive -> '%end%', filters -> {Alice::1220a82f9051f4828b80d8cf6620fba66562303f110452605ba6bb45381683dc7d49: ['3871bbf7cc5081b11362b3f94db3563d34f3e61465fc4032798a77c406a862b2:Main:Asset']}, verbose -> true, ledgerId -> 'sandbox'.
2026-01-13 16:41:45,173 [canton-env-ec-30] INFO  c.d.c.p.a.s.ApiActiveContractsService:participant=sandbox tid:14540086966c99b2bc695d9cd1cc1acc - Received request for active contracts: GetActiveContractsRequest(sandbox,Some(TransactionFilter(Map(Alice::1220a82f9051f4828b80d8cf6620fba66562303f110452605ba6bb45381683dc7d49 -> Filters(Some(InclusiveFilters(Vector(Identifier(3871bbf7cc5081b11362b3f94db3563d34f3e61465fc4032798a77c406a862b2,Main,TransferProposal)),Vector(),Vector())))))),true,), filters -> {Alice::1220a82f9051f4828b80d8cf6620fba66562303f110452605ba6bb45381683dc7d49: ['3871bbf7cc5081b11362b3f94db3563d34f3e61465fc4032798a77c406a862b2:Main:TransferProposal']}.
2026-01-13 16:41:45,184 [canton-env-ec-71] INFO  c.d.c.p.a.s.t.TransactionServiceImpl:participant=sandbox tid:efd40b858b643d46ed9eeb77682cb172 - Received request for transactions, startExclusive -> '000000000000000014', endInclusive -> '%end%', filters -> {Alice::1220a82f9051f4828b80d8cf6620fba66562303f110452605ba6bb45381683dc7d49: ['3871bbf7cc5081b11362b3f94db3563d34f3e61465fc4032798a77c406a862b2:Main:TransferProposal']}, verbose -> true, ledgerId -> 'sandbox'.
2026-01-13 16:41:50,582 [canton-env-ec-74] INFO  c.d.c.p.a.s.c.CommandSubmissionServiceImpl:participant=sandbox tid:d5973e53f432a31e0e838636d5866a68 - Phase 1 started: Submitting commands for interpretation: Commands(
  commandId = 838db28d-6cb3-4944-ba58-4f459c0348ec,
  submissionId = 417ef7ab-bc7b-4950-b14a-6924a0686b80,
  applicationId = asset-transfer-app,
  actAs = Alice::1220a82f9051...,
  submittedAt = 2026-01-13T11:11:50.579330Z,
  ledgerEffectiveTime = 2026-01-13T11:11:50.579329Z,
  deduplicationPeriod = (duration=PT168H),
  ...
).
2026-01-13 16:41:50,632 [canton-env-ec-73] INFO  c.d.c.p.p.TransactionProcessor:participant=sandbox/domainId=local::1220e43d5d01 tid:d5973e53f432a31e0e838636d5866a68 - Phase 1 completed: Submitting 3 envelopes for Transaction request, submitters Alice::1220a82f9051..., command-id 838db28d-6cb3-4944-ba58-4f459c0348ec
2026-01-13 16:41:50,639 [canton-env-ec-30] INFO  c.d.c.d.s.s.GrpcSequencerService:domain=local tid:d5973e53f432a31e0e838636d5866a68 - 'PAR::sandbox::1220a82f9051...' sends request with id 'f58b988d-1d7b-40d0-9663-83298dd96485' of size 2359 bytes with 3 envelopes.
2026-01-13 16:41:50,655 [canton-env-ec-74] INFO  c.d.c.p.p.DefaultMessageDispatcher:participant=sandbox/domainId=local::1220e43d5d01 tid:d5973e53f432a31e0e838636d5866a68 - Processing event at sc=70, ts=2026-01-13T11:11:50.641546Z, messageId=f58b988d-1d7b-40d0-9663-83298dd96485, with contents=Seq(RootHashMessage(root hash = SHA-256:59fda39b811b..., payload size = 0), EncryptedViewMessageV2(view hash = ViewHash(SHA-256:0146f7309d54...), view type = TransactionViewType, size = 976))
2026-01-13 16:41:50,657 [canton-env-ec-73] INFO  c.d.c.p.p.TransactionProcessor:participant=sandbox/domainId=local::1220e43d5d01 tid:d5973e53f432a31e0e838636d5866a68 - Phase 3: Validating Transaction request=2026-01-13T11:11:50.641546Z with 1 envelope(s)
2026-01-13 16:41:50,659 [canton-env-ec-76] INFO  c.d.c.d.m.ConfirmationResponseProcessor:domain=local/node=mediator tid:d5973e53f432a31e0e838636d5866a68 - Phase 2: Registered request=2026-01-13T11:11:50.641546Z with 1 view(s). Initial state: ViewPosition("") -> ViewState(
  quorumsState = Seq(Quorum(confirmers = Alice::1220a82f9051... -> 1, threshold = 1), Quorum(confirmers = sandbox::1220a82f9051... -> 1, threshold = 1)),
  consortiumVoting = Map(Alice::1220a82f9051... -> ConsortiumVotingState(), sandbox::1220a82f9051... -> ConsortiumVotingState()),
  rejections = Seq()
)
2026-01-13 16:41:50,673 [canton-env-ec-69] INFO  c.d.c.p.p.TransactionProcessor:participant=sandbox/domainId=local::1220e43d5d01 tid:d5973e53f432a31e0e838636d5866a68 - Phase 4: Sending for request=2026-01-13T11:11:50.641546Z with msgId=524419d8-fb55-40db-a083-7f4ca138ed4a approved=1, rejected=0
2026-01-13 16:41:50,676 [canton-env-ec-69] INFO  c.d.c.d.s.s.GrpcSequencerService:domain=local tid:d5973e53f432a31e0e838636d5866a68 - 'PAR::sandbox::1220a82f9051...' sends request with id '524419d8-fb55-40db-a083-7f4ca138ed4a' of size 733 bytes with 1 envelopes.
2026-01-13 16:41:50,684 [canton-env-ec-77] INFO  c.d.c.p.p.DefaultMessageDispatcher:participant=sandbox/domainId=local::1220e43d5d01 tid:d5973e53f432a31e0e838636d5866a68 - Processing event at sc=71, ts=2026-01-13T11:11:50.678294Z, messageId=524419d8-fb55-40db-a083-7f4ca138ed4a, with contents=Seq()
2026-01-13 16:41:50,685 [canton-env-ec-71] INFO  c.d.c.d.m.ConfirmationResponseProcessor:domain=local/node=mediator tid:d5973e53f432a31e0e838636d5866a68 - Phase 5: Received responses for request=RequestId(2026-01-13T11:11:50.641546Z): ParticipantResponse(sender = PAR::sandbox::1220a82f9051..., ts = 2026-01-13T11:11:50.678294Z, approved = 1)
2026-01-13 16:41:50,686 [canton-env-ec-77] INFO  c.d.c.d.m.ConfirmationResponseProcessor:domain=local/node=mediator tid:d5973e53f432a31e0e838636d5866a68 - Phase 6: Finalized request=RequestId(2026-01-13T11:11:50.641546Z) with verdict Approve
2026-01-13 16:41:50,689 [canton-env-ec-79] INFO  c.d.c.d.s.s.GrpcSequencerService:domain=local tid:d5973e53f432a31e0e838636d5866a68 - 'MED::local::1220e43d5d01...' sends request with id 'mmid:verdict:1768302710641546' of size 704 bytes with 1 envelopes.
2026-01-13 16:41:50,697 [canton-env-ec-75] INFO  c.d.c.p.p.DefaultMessageDispatcher:participant=sandbox/domainId=local::1220e43d5d01 tid:d5973e53f432a31e0e838636d5866a68 - Processing event at sc=72, ts=2026-01-13T11:11:50.690665Z, with contents=SignedProtocolMessage(
  TransactionResultMessage(requestId = 2026-01-13T11:11:50.641546Z, verdict = Approve, rootHash = SHA-256:59fda39b811b..., domainId = local::1220e43d5d01...),
  signatures = Signature(signature = 5fc6321559ef, signedBy = 12202894b251...)
)
2026-01-13 16:41:50,705 [input-mapping-pool-4] INFO  c.d.c.p.i.p.ParallelIndexerSubscription:participant=sandbox tid:d5973e53f432a31e0e838636d5866a68 - Phase 7: Storing at offset=000000000000000015 TransactionAccepted(
  recordTime = 2026-01-13T11:11:50.641546Z,
  transactionId = 122059fda39b811bc4472f7abe37980bba2eb8cceda7a816f1d1ffd2c8dea60052be,
  transactionMeta = TransactionMeta(ledgerEffectiveTime = 2026-01-13T11:11:50.579329Z, submissionTime = 2026-01-13T11:11:50.579329Z, domainId = local::1220e43d5d01..., ...),
  completion = CompletionInfo(
    actAs = Alice::1220a82f9051...,
    commandId = 838db28d-6cb3-4944-ba58-4f459c0348ec,
    applicationId = asset-transfer-app,
    deduplication period = (offset=Offset(Bytes(000000000000000001))),
    submissionId = Some(417ef7ab-bc7b-4950-b14a-6924a0686b80),
    ...
  ),
  nodes = 1,
  roots = 1,
  ...
)
2026-01-13 16:41:50,713 [canton-env-ec-75] INFO  c.d.c.p.a.s.t.TransactionServiceImpl:participant=sandbox - Received request for flat transaction by ID, ledgerId -> 'sandbox', transactionId -> '122059fda39b811bc4472f7abe37980bba2eb8cceda7a816f1d1ffd2c8dea60052be', parties -> ['Alice::1220a82f9051f4828b80d8cf6620fba66562303f110452605ba6bb45381683dc7d49'].
2026-01-13 16:41:51,299 [canton-env-ec-75] INFO  c.d.c.p.a.s.ApiActiveContractsService:participant=sandbox tid:400a2cd36d6ed719a1ed86aea0bbce8e - Received request for active contracts: GetActiveContractsRequest(sandbox,Some(TransactionFilter(Map(Alice::1220a82f9051f4828b80d8cf6620fba66562303f110452605ba6bb45381683dc7d49 -> Filters(Some(InclusiveFilters(Vector(Identifier(3871bbf7cc5081b11362b3f94db3563d34f3e61465fc4032798a77c406a862b2,Main,Asset)),Vector(),Vector())))))),true,), filters -> {Alice::1220a82f9051f4828b80d8cf6620fba66562303f110452605ba6bb45381683dc7d49: ['3871bbf7cc5081b11362b3f94db3563d34f3e61465fc4032798a77c406a862b2:Main:Asset']}.
2026-01-13 16:41:51,309 [canton-env-ec-74] INFO  c.d.c.p.a.s.t.TransactionServiceImpl:participant=sandbox tid:1c10ae7edb38512556ea718bb9b9ae26 - Received request for transactions, startExclusive -> '000000000000000015', endInclusive -> '%end%', filters -> {Alice::1220a82f9051f4828b80d8cf6620fba66562303f110452605ba6bb45381683dc7d49: ['3871bbf7cc5081b11362b3f94db3563d34f3e61465fc4032798a77c406a862b2:Main:Asset']}, verbose -> true, ledgerId -> 'sandbox'.
2026-01-13 16:41:51,412 [canton-env-ec-68] INFO  c.d.c.p.a.s.ApiActiveContractsService:participant=sandbox tid:acc65315fd534fea28e74f04e0392818 - Received request for active contracts: GetActiveContractsRequest(sandbox,Some(TransactionFilter(Map(Alice::1220a82f9051f4828b80d8cf6620fba66562303f110452605ba6bb45381683dc7d49 -> Filters(Some(InclusiveFilters(Vector(Identifier(3871bbf7cc5081b11362b3f94db3563d34f3e61465fc4032798a77c406a862b2,Main,TransferProposal)),Vector(),Vector())))))),true,), filters -> {Alice::1220a82f9051f4828b80d8cf6620fba66562303f110452605ba6bb45381683dc7d49: ['3871bbf7cc5081b11362b3f94db3563d34f3e61465fc4032798a77c406a862b2:Main:TransferProposal']}.
2026-01-13 16:41:51,433 [canton-env-ec-77] INFO  c.d.c.p.a.s.t.TransactionServiceImpl:participant=sandbox tid:ceca97c78917274b6ed25894ad1bdc42 - Received request for transactions, startExclusive -> '000000000000000015', endInclusive -> '%end%', filters -> {Alice::1220a82f9051f4828b80d8cf6620fba66562303f110452605ba6bb45381683dc7d49: ['3871bbf7cc5081b11362b3f94db3563d34f3e61465fc4032798a77c406a862b2:Main:TransferProposal']}, verbose -> true, ledgerId -> 'sandbox'.
2026-01-13 16:42:16,073 [canton-env-ec-74] INFO  c.d.c.p.a.s.c.CommandSubmissionServiceImpl:participant=sandbox tid:4dc9ba9a5352579408fa61a195bc624b - Phase 1 started: Submitting commands for interpretation: Commands(
  commandId = 02e68466-b372-4900-8fe2-3f4b320345a6,
  submissionId = 0099a6b8-7a3d-4828-9e29-9d140a10d3ba,
  applicationId = asset-transfer-app,
  actAs = Alice::1220a82f9051...,
  submittedAt = 2026-01-13T11:12:16.072314Z,
  ledgerEffectiveTime = 2026-01-13T11:12:16.072314Z,
  deduplicationPeriod = (duration=PT168H),
  ...
).
2026-01-13 16:42:16,118 [canton-env-ec-28] INFO  c.d.c.p.p.TransactionProcessor:participant=sandbox/domainId=local::1220e43d5d01 tid:4dc9ba9a5352579408fa61a195bc624b - Phase 1 completed: Submitting 3 envelopes for Transaction request, submitters Alice::1220a82f9051..., command-id 02e68466-b372-4900-8fe2-3f4b320345a6
2026-01-13 16:42:16,125 [canton-env-ec-74] INFO  c.d.c.d.s.s.GrpcSequencerService:domain=local tid:4dc9ba9a5352579408fa61a195bc624b - 'PAR::sandbox::1220a82f9051...' sends request with id '839d7d86-0b31-4769-a1fd-4d449081a491' of size 2626 bytes with 3 envelopes.
2026-01-13 16:42:16,146 [canton-env-ec-77] INFO  c.d.c.p.p.DefaultMessageDispatcher:participant=sandbox/domainId=local::1220e43d5d01 tid:4dc9ba9a5352579408fa61a195bc624b - Processing event at sc=73, ts=2026-01-13T11:12:16.128926Z, messageId=839d7d86-0b31-4769-a1fd-4d449081a491, with contents=Seq(RootHashMessage(root hash = SHA-256:5c9b0ba8f3a9..., payload size = 0), EncryptedViewMessageV2(view hash = ViewHash(SHA-256:5bebf359204d...), view type = TransactionViewType, size = 1232))
2026-01-13 16:42:16,149 [canton-env-ec-77] INFO  c.d.c.p.p.TransactionProcessor:participant=sandbox/domainId=local::1220e43d5d01 tid:4dc9ba9a5352579408fa61a195bc624b - Phase 3: Validating Transaction request=2026-01-13T11:12:16.128926Z with 1 envelope(s)
2026-01-13 16:42:16,152 [canton-env-ec-75] INFO  c.d.c.d.m.ConfirmationResponseProcessor:domain=local/node=mediator tid:4dc9ba9a5352579408fa61a195bc624b - Phase 2: Registered request=2026-01-13T11:12:16.128926Z with 1 view(s). Initial state: ViewPosition("") -> ViewState(
  quorumsState = Seq(Quorum(confirmers = Alice::1220a82f9051... -> 1, threshold = 1), Quorum(confirmers = sandbox::1220a82f9051... -> 1, threshold = 1)),
  consortiumVoting = Map(Alice::1220a82f9051... -> ConsortiumVotingState(), sandbox::1220a82f9051... -> ConsortiumVotingState()),
  rejections = Seq()
)
2026-01-13 16:42:16,168 [canton-env-ec-73] INFO  c.d.c.p.p.TransactionProcessor:participant=sandbox/domainId=local::1220e43d5d01 tid:4dc9ba9a5352579408fa61a195bc624b - Phase 4: Sending for request=2026-01-13T11:12:16.128926Z with msgId=60000ed9-c184-4d0c-894c-0146398d8a82 approved=1, rejected=0
2026-01-13 16:42:16,172 [canton-env-ec-77] INFO  c.d.c.d.s.s.GrpcSequencerService:domain=local tid:4dc9ba9a5352579408fa61a195bc624b - 'PAR::sandbox::1220a82f9051...' sends request with id '60000ed9-c184-4d0c-894c-0146398d8a82' of size 729 bytes with 1 envelopes.
2026-01-13 16:42:16,179 [canton-env-ec-28] INFO  c.d.c.p.p.DefaultMessageDispatcher:participant=sandbox/domainId=local::1220e43d5d01 tid:4dc9ba9a5352579408fa61a195bc624b - Processing event at sc=74, ts=2026-01-13T11:12:16.174032Z, messageId=60000ed9-c184-4d0c-894c-0146398d8a82, with contents=Seq()
2026-01-13 16:42:16,180 [canton-env-ec-76] INFO  c.d.c.d.m.ConfirmationResponseProcessor:domain=local/node=mediator tid:4dc9ba9a5352579408fa61a195bc624b - Phase 5: Received responses for request=RequestId(2026-01-13T11:12:16.128926Z): ParticipantResponse(sender = PAR::sandbox::1220a82f9051..., ts = 2026-01-13T11:12:16.174032Z, approved = 1)
2026-01-13 16:42:16,182 [canton-env-ec-76] INFO  c.d.c.d.m.ConfirmationResponseProcessor:domain=local/node=mediator tid:4dc9ba9a5352579408fa61a195bc624b - Phase 6: Finalized request=RequestId(2026-01-13T11:12:16.128926Z) with verdict Approve
2026-01-13 16:42:16,185 [canton-env-ec-68] INFO  c.d.c.d.s.s.GrpcSequencerService:domain=local tid:4dc9ba9a5352579408fa61a195bc624b - 'MED::local::1220e43d5d01...' sends request with id 'mmid:verdict:1768302736128926' of size 701 bytes with 1 envelopes.
2026-01-13 16:42:16,191 [canton-env-ec-76] INFO  c.d.c.p.p.DefaultMessageDispatcher:participant=sandbox/domainId=local::1220e43d5d01 tid:4dc9ba9a5352579408fa61a195bc624b - Processing event at sc=75, ts=2026-01-13T11:12:16.186616Z, with contents=SignedProtocolMessage(
  TransactionResultMessage(requestId = 2026-01-13T11:12:16.128926Z, verdict = Approve, rootHash = SHA-256:5c9b0ba8f3a9..., domainId = local::1220e43d5d01...),
  signatures = Signature(signature = 3684df4630e7, signedBy = 12202894b251...)
)
2026-01-13 16:42:16,200 [input-mapping-pool-5] INFO  c.d.c.p.i.p.ParallelIndexerSubscription:participant=sandbox tid:4dc9ba9a5352579408fa61a195bc624b - Phase 7: Storing at offset=000000000000000016 TransactionAccepted(
  recordTime = 2026-01-13T11:12:16.128926Z,
  transactionId = 12205c9b0ba8f3a93e53c62ce1c2df5e6398a288e96699c6ca41721976d47481d3aa,
  transactionMeta = TransactionMeta(ledgerEffectiveTime = 2026-01-13T11:12:16.072314Z, submissionTime = 2026-01-13T11:12:16.072314Z, domainId = local::1220e43d5d01..., ...),
  completion = CompletionInfo(
    actAs = Alice::1220a82f9051...,
    commandId = 02e68466-b372-4900-8fe2-3f4b320345a6,
    applicationId = asset-transfer-app,
    deduplication period = (offset=Offset(Bytes(000000000000000001))),
    submissionId = Some(0099a6b8-7a3d-4828-9e29-9d140a10d3ba),
    ...
  ),
  nodes = 2,
  roots = 1,
  ...
)
2026-01-13 16:42:16,206 [canton-env-ec-69] INFO  c.d.c.p.a.s.t.TransactionServiceImpl:participant=sandbox - Received request for transaction by ID, ledgerId -> 'sandbox', transactionId -> '12205c9b0ba8f3a93e53c62ce1c2df5e6398a288e96699c6ca41721976d47481d3aa', parties -> ['Alice::1220a82f9051f4828b80d8cf6620fba66562303f110452605ba6bb45381683dc7d49'].
2026-01-13 16:42:16,800 [canton-env-ec-76] INFO  c.d.c.p.a.s.ApiActiveContractsService:participant=sandbox tid:2ba1f02a76be9963411fe83cd1ab7f90 - Received request for active contracts: GetActiveContractsRequest(sandbox,Some(TransactionFilter(Map(Alice::1220a82f9051f4828b80d8cf6620fba66562303f110452605ba6bb45381683dc7d49 -> Filters(Some(InclusiveFilters(Vector(Identifier(3871bbf7cc5081b11362b3f94db3563d34f3e61465fc4032798a77c406a862b2,Main,Asset)),Vector(),Vector())))))),true,), filters -> {Alice::1220a82f9051f4828b80d8cf6620fba66562303f110452605ba6bb45381683dc7d49: ['3871bbf7cc5081b11362b3f94db3563d34f3e61465fc4032798a77c406a862b2:Main:Asset']}.
2026-01-13 16:42:16,811 [canton-env-ec-69] INFO  c.d.c.p.a.s.t.TransactionServiceImpl:participant=sandbox tid:c89b0138b8c3912372add9821bbf2440 - Received request for transactions, startExclusive -> '000000000000000016', endInclusive -> '%end%', filters -> {Alice::1220a82f9051f4828b80d8cf6620fba66562303f110452605ba6bb45381683dc7d49: ['3871bbf7cc5081b11362b3f94db3563d34f3e61465fc4032798a77c406a862b2:Main:Asset']}, verbose -> true, ledgerId -> 'sandbox'.
2026-01-13 16:42:16,859 [canton-env-ec-69] INFO  c.d.c.p.a.s.ApiActiveContractsService:participant=sandbox tid:c48c73d63f246481cd45209667888666 - Received request for active contracts: GetActiveContractsRequest(sandbox,Some(TransactionFilter(Map(Alice::1220a82f9051f4828b80d8cf6620fba66562303f110452605ba6bb45381683dc7d49 -> Filters(Some(InclusiveFilters(Vector(Identifier(3871bbf7cc5081b11362b3f94db3563d34f3e61465fc4032798a77c406a862b2,Main,TransferProposal)),Vector(),Vector())))))),true,), filters -> {Alice::1220a82f9051f4828b80d8cf6620fba66562303f110452605ba6bb45381683dc7d49: ['3871bbf7cc5081b11362b3f94db3563d34f3e61465fc4032798a77c406a862b2:Main:TransferProposal']}.
2026-01-13 16:42:16,868 [canton-env-ec-28] INFO  c.d.c.p.a.s.t.TransactionServiceImpl:participant=sandbox tid:2ad385b72b90e06a1f4b8035363912ee - Received request for transactions, startExclusive -> '000000000000000016', endInclusive -> '%end%', filters -> {Alice::1220a82f9051f4828b80d8cf6620fba66562303f110452605ba6bb45381683dc7d49: ['3871bbf7cc5081b11362b3f94db3563d34f3e61465fc4032798a77c406a862b2:Main:TransferProposal']}, verbose -> true, ledgerId -> 'sandbox'.
2026-01-13 16:42:20,639 [canton-env-ec-28] INFO  c.d.c.p.a.s.ApiActiveContractsService:participant=sandbox tid:5c394ef50f78fe8528833fedf1e77486 - Received request for active contracts: GetActiveContractsRequest(sandbox,Some(TransactionFilter(Map(Charlie::1220a82f9051f4828b80d8cf6620fba66562303f110452605ba6bb45381683dc7d49 -> Filters(Some(InclusiveFilters(Vector(Identifier(3871bbf7cc5081b11362b3f94db3563d34f3e61465fc4032798a77c406a862b2,Main,Asset)),Vector(),Vector())))))),true,), filters -> {Charlie::1220a82f9051f4828b80d8cf6620fba66562303f110452605ba6bb45381683dc7d49: ['3871bbf7cc5081b11362b3f94db3563d34f3e61465fc4032798a77c406a862b2:Main:Asset']}.
2026-01-13 16:42:20,644 [canton-env-ec-28] INFO  c.d.c.p.a.s.t.TransactionServiceImpl:participant=sandbox tid:f1ddc6c5e23322eead375701ff74d04a - Received request for transactions, startExclusive -> '000000000000000016', endInclusive -> '%end%', filters -> {Charlie::1220a82f9051f4828b80d8cf6620fba66562303f110452605ba6bb45381683dc7d49: ['3871bbf7cc5081b11362b3f94db3563d34f3e61465fc4032798a77c406a862b2:Main:Asset']}, verbose -> true, ledgerId -> 'sandbox'.
2026-01-13 16:42:20,698 [canton-env-ec-80] INFO  c.d.c.p.a.s.ApiActiveContractsService:participant=sandbox tid:2d58428b7faa6f30521f49ccb4c7ebbd - Received request for active contracts: GetActiveContractsRequest(sandbox,Some(TransactionFilter(Map(Charlie::1220a82f9051f4828b80d8cf6620fba66562303f110452605ba6bb45381683dc7d49 -> Filters(Some(InclusiveFilters(Vector(Identifier(3871bbf7cc5081b11362b3f94db3563d34f3e61465fc4032798a77c406a862b2,Main,Asset)),Vector(),Vector())))))),true,), filters -> {Charlie::1220a82f9051f4828b80d8cf6620fba66562303f110452605ba6bb45381683dc7d49: ['3871bbf7cc5081b11362b3f94db3563d34f3e61465fc4032798a77c406a862b2:Main:Asset']}.
2026-01-13 16:42:20,710 [canton-env-ec-28] INFO  c.d.c.p.a.s.t.TransactionServiceImpl:participant=sandbox tid:a3a72bc3e507097054b1a9dfa239f4f1 - Received request for transactions, startExclusive -> '000000000000000016', endInclusive -> '%end%', filters -> {Charlie::1220a82f9051f4828b80d8cf6620fba66562303f110452605ba6bb45381683dc7d49: ['3871bbf7cc5081b11362b3f94db3563d34f3e61465fc4032798a77c406a862b2:Main:Asset']}, verbose -> true, ledgerId -> 'sandbox'.
2026-01-13 16:42:20,783 [canton-env-ec-28] INFO  c.d.c.p.a.s.ApiActiveContractsService:participant=sandbox tid:266b2f10e9cbca74166d889d2954ae4c - Received request for active contracts: GetActiveContractsRequest(sandbox,Some(TransactionFilter(Map(Charlie::1220a82f9051f4828b80d8cf6620fba66562303f110452605ba6bb45381683dc7d49 -> Filters(Some(InclusiveFilters(Vector(Identifier(3871bbf7cc5081b11362b3f94db3563d34f3e61465fc4032798a77c406a862b2,Main,TransferProposal)),Vector(),Vector())))))),true,), filters -> {Charlie::1220a82f9051f4828b80d8cf6620fba66562303f110452605ba6bb45381683dc7d49: ['3871bbf7cc5081b11362b3f94db3563d34f3e61465fc4032798a77c406a862b2:Main:TransferProposal']}.
2026-01-13 16:42:20,790 [canton-env-ec-76] INFO  c.d.c.p.a.s.t.TransactionServiceImpl:participant=sandbox tid:e6cb118de1a599d49c10dae937bf0c72 - Received request for transactions, startExclusive -> '000000000000000016', endInclusive -> '%end%', filters -> {Charlie::1220a82f9051f4828b80d8cf6620fba66562303f110452605ba6bb45381683dc7d49: ['3871bbf7cc5081b11362b3f94db3563d34f3e61465fc4032798a77c406a862b2:Main:TransferProposal']}, verbose -> true, ledgerId -> 'sandbox'.
2026-01-13 16:42:20,902 [canton-env-ec-76] INFO  c.d.c.d.s.s.GrpcSequencerService:domain=local tid:d5973e53f432a31e0e838636d5866a68 - 'MED::local::1220e43d5d01...' sends request with id 'tick-00f8d2d6-160c-40e9-a881-c7fa845c1fdc' of size 335 bytes with 0 envelopes.
2026-01-13 16:42:22,418 [canton-env-ec-28] INFO  c.d.c.p.a.s.c.CommandSubmissionServiceImpl:participant=sandbox tid:9db5a421a8f547dda719c953716c6404 - Phase 1 started: Submitting commands for interpretation: Commands(
  commandId = 8fc92503-912d-45be-af66-4f9cf7e10f2d,
  submissionId = bfe64d6c-c3b4-4041-8460-112fa6aec6bd,
  applicationId = asset-transfer-app,
  actAs = Charlie::1220a82f9051...,
  submittedAt = 2026-01-13T11:12:22.418428Z,
  ledgerEffectiveTime = 2026-01-13T11:12:22.418428Z,
  deduplicationPeriod = (duration=PT168H),
  ...
).
2026-01-13 16:42:22,443 [canton-env-ec-76] INFO  c.d.c.p.p.TransactionProcessor:participant=sandbox/domainId=local::1220e43d5d01 tid:9db5a421a8f547dda719c953716c6404 - Phase 1 completed: Submitting 3 envelopes for Transaction request, submitters Charlie::1220a82f9051..., command-id 8fc92503-912d-45be-af66-4f9cf7e10f2d
2026-01-13 16:42:22,447 [canton-env-ec-79] INFO  c.d.c.d.s.s.GrpcSequencerService:domain=local tid:9db5a421a8f547dda719c953716c6404 - 'PAR::sandbox::1220a82f9051...' sends request with id 'ac917fc5-03f0-4bb8-be99-e5d7ed90d76e' of size 2645 bytes with 3 envelopes.
2026-01-13 16:42:22,457 [canton-env-ec-22] INFO  c.d.c.p.p.DefaultMessageDispatcher:participant=sandbox/domainId=local::1220e43d5d01 tid:9db5a421a8f547dda719c953716c6404 - Processing event at sc=76, ts=2026-01-13T11:12:22.449898Z, messageId=ac917fc5-03f0-4bb8-be99-e5d7ed90d76e, with contents=Seq(RootHashMessage(root hash = SHA-256:ccd97cd74fb1..., payload size = 0), EncryptedViewMessageV2(view hash = ViewHash(SHA-256:34437f6b201f...), view type = TransactionViewType, size = 1238))
2026-01-13 16:42:22,458 [canton-env-ec-80] INFO  c.d.c.p.p.TransactionProcessor:participant=sandbox/domainId=local::1220e43d5d01 tid:9db5a421a8f547dda719c953716c6404 - Phase 3: Validating Transaction request=2026-01-13T11:12:22.449898Z with 1 envelope(s)
2026-01-13 16:42:22,461 [canton-env-ec-77] INFO  c.d.c.d.m.ConfirmationResponseProcessor:domain=local/node=mediator tid:9db5a421a8f547dda719c953716c6404 - Phase 2: Registered request=2026-01-13T11:12:22.449898Z with 1 view(s). Initial state: ViewPosition("") -> ViewState(
  quorumsState = Seq(
    Quorum(confirmers = Map(Alice::1220a82f9051... -> 1, Charlie::1220a82f9051... -> 1), threshold = 2),
    Quorum(confirmers = Charlie::1220a82f9051... -> 1, threshold = 1),
    Quorum(confirmers = sandbox::1220a82f9051... -> 1, threshold = 1)
  ),
  consortiumVoting = Map(Alice::1220a82f9051... -> ConsortiumVotingState(), Charlie::1220a82f9051... -> ConsortiumVotingState(), sandbox::1220a82f9051... -> ConsortiumVotingState()),
  rejections = Seq()
)
2026-01-13 16:42:22,475 [canton-env-ec-77] INFO  c.d.c.p.p.TransactionProcessor:participant=sandbox/domainId=local::1220e43d5d01 tid:9db5a421a8f547dda719c953716c6404 - Phase 4: Sending for request=2026-01-13T11:12:22.449898Z with msgId=557dee69-35ab-4dd1-8673-50cbdeac012d approved=1, rejected=0
2026-01-13 16:42:22,480 [canton-env-ec-76] INFO  c.d.c.d.s.s.GrpcSequencerService:domain=local tid:9db5a421a8f547dda719c953716c6404 - 'PAR::sandbox::1220a82f9051...' sends request with id '557dee69-35ab-4dd1-8673-50cbdeac012d' of size 737 bytes with 1 envelopes.
2026-01-13 16:42:22,488 [canton-env-ec-69] INFO  c.d.c.p.p.DefaultMessageDispatcher:participant=sandbox/domainId=local::1220e43d5d01 tid:9db5a421a8f547dda719c953716c6404 - Processing event at sc=77, ts=2026-01-13T11:12:22.482666Z, messageId=557dee69-35ab-4dd1-8673-50cbdeac012d, with contents=Seq()
2026-01-13 16:42:22,489 [canton-env-ec-28] INFO  c.d.c.d.m.ConfirmationResponseProcessor:domain=local/node=mediator tid:9db5a421a8f547dda719c953716c6404 - Phase 5: Received responses for request=RequestId(2026-01-13T11:12:22.449898Z): ParticipantResponse(sender = PAR::sandbox::1220a82f9051..., ts = 2026-01-13T11:12:22.482666Z, approved = 1)
2026-01-13 16:42:22,491 [canton-env-ec-28] INFO  c.d.c.d.m.ConfirmationResponseProcessor:domain=local/node=mediator tid:9db5a421a8f547dda719c953716c6404 - Phase 6: Finalized request=RequestId(2026-01-13T11:12:22.449898Z) with verdict Approve
2026-01-13 16:42:22,495 [canton-env-ec-28] INFO  c.d.c.d.s.s.GrpcSequencerService:domain=local tid:9db5a421a8f547dda719c953716c6404 - 'MED::local::1220e43d5d01...' sends request with id 'mmid:verdict:1768302742449898' of size 707 bytes with 1 envelopes.
2026-01-13 16:42:22,502 [canton-env-ec-28] INFO  c.d.c.p.p.DefaultMessageDispatcher:participant=sandbox/domainId=local::1220e43d5d01 tid:9db5a421a8f547dda719c953716c6404 - Processing event at sc=78, ts=2026-01-13T11:12:22.497131Z, with contents=SignedProtocolMessage(
  TransactionResultMessage(requestId = 2026-01-13T11:12:22.449898Z, verdict = Approve, rootHash = SHA-256:ccd97cd74fb1..., domainId = local::1220e43d5d01...),
  signatures = Signature(signature = 04ff3dd25a0e, signedBy = 12202894b251...)
)
2026-01-13 16:42:22,507 [input-mapping-pool-6] INFO  c.d.c.p.i.p.ParallelIndexerSubscription:participant=sandbox tid:9db5a421a8f547dda719c953716c6404 - Phase 7: Storing at offset=000000000000000017 TransactionAccepted(
  recordTime = 2026-01-13T11:12:22.449898Z,
  transactionId = 1220ccd97cd74fb11331ecca0f5fa1722369ed3092bf431c144ef9f424b36fdb21aa,
  transactionMeta = TransactionMeta(ledgerEffectiveTime = 2026-01-13T11:12:22.418428Z, submissionTime = 2026-01-13T11:12:22.418428Z, domainId = local::1220e43d5d01..., ...),
  completion = CompletionInfo(
    actAs = Charlie::1220a82f9051...,
    commandId = 8fc92503-912d-45be-af66-4f9cf7e10f2d,
    applicationId = asset-transfer-app,
    deduplication period = (offset=Offset(Bytes(000000000000000001))),
    submissionId = Some(bfe64d6c-c3b4-4041-8460-112fa6aec6bd),
    ...
  ),
  nodes = 2,
  roots = 1,
  ...
)
2026-01-13 16:42:22,518 [canton-env-ec-69] INFO  c.d.c.p.a.s.t.TransactionServiceImpl:participant=sandbox - Received request for transaction by ID, ledgerId -> 'sandbox', transactionId -> '1220ccd97cd74fb11331ecca0f5fa1722369ed3092bf431c144ef9f424b36fdb21aa', parties -> ['Charlie::1220a82f9051f4828b80d8cf6620fba66562303f110452605ba6bb45381683dc7d49'].
2026-01-13 16:42:23,102 [canton-env-ec-69] INFO  c.d.c.p.a.s.ApiActiveContractsService:participant=sandbox tid:edb4a29e3165f51101b8b2ce9e95dcd2 - Received request for active contracts: GetActiveContractsRequest(sandbox,Some(TransactionFilter(Map(Charlie::1220a82f9051f4828b80d8cf6620fba66562303f110452605ba6bb45381683dc7d49 -> Filters(Some(InclusiveFilters(Vector(Identifier(3871bbf7cc5081b11362b3f94db3563d34f3e61465fc4032798a77c406a862b2,Main,Asset)),Vector(),Vector())))))),true,), filters -> {Charlie::1220a82f9051f4828b80d8cf6620fba66562303f110452605ba6bb45381683dc7d49: ['3871bbf7cc5081b11362b3f94db3563d34f3e61465fc4032798a77c406a862b2:Main:Asset']}.
2026-01-13 16:42:23,108 [canton-env-ec-74] INFO  c.d.c.p.a.s.t.TransactionServiceImpl:participant=sandbox tid:ecf2afa3f6f66fcae11527da0020ae41 - Received request for transactions, startExclusive -> '000000000000000017', endInclusive -> '%end%', filters -> {Charlie::1220a82f9051f4828b80d8cf6620fba66562303f110452605ba6bb45381683dc7d49: ['3871bbf7cc5081b11362b3f94db3563d34f3e61465fc4032798a77c406a862b2:Main:Asset']}, verbose -> true, ledgerId -> 'sandbox'.
2026-01-13 16:42:23,149 [canton-env-ec-74] INFO  c.d.c.p.a.s.ApiActiveContractsService:participant=sandbox tid:972e14e4982d055b944c2f20cf210060 - Received request for active contracts: GetActiveContractsRequest(sandbox,Some(TransactionFilter(Map(Charlie::1220a82f9051f4828b80d8cf6620fba66562303f110452605ba6bb45381683dc7d49 -> Filters(Some(InclusiveFilters(Vector(Identifier(3871bbf7cc5081b11362b3f94db3563d34f3e61465fc4032798a77c406a862b2,Main,TransferProposal)),Vector(),Vector())))))),true,), filters -> {Charlie::1220a82f9051f4828b80d8cf6620fba66562303f110452605ba6bb45381683dc7d49: ['3871bbf7cc5081b11362b3f94db3563d34f3e61465fc4032798a77c406a862b2:Main:TransferProposal']}.
2026-01-13 16:42:23,155 [canton-env-ec-28] INFO  c.d.c.p.a.s.t.TransactionServiceImpl:participant=sandbox tid:76796954f8f60317b01946eeb67a0bb7 - Received request for transactions, startExclusive -> '000000000000000017', endInclusive -> '%end%', filters -> {Charlie::1220a82f9051f4828b80d8cf6620fba66562303f110452605ba6bb45381683dc7d49: ['3871bbf7cc5081b11362b3f94db3563d34f3e61465fc4032798a77c406a862b2:Main:TransferProposal']}, verbose -> true, ledgerId -> 'sandbox'.
2026-01-13 16:42:41,789 [canton-env-ec-80] INFO  c.d.c.p.a.s.ApiActiveContractsService:participant=sandbox tid:05eb356c4a52c70f3df23f1aa1fec099 - Received request for active contracts: GetActiveContractsRequest(sandbox,Some(TransactionFilter(Map(Alice::1220a82f9051f4828b80d8cf6620fba66562303f110452605ba6bb45381683dc7d49 -> Filters(Some(InclusiveFilters(Vector(Identifier(3871bbf7cc5081b11362b3f94db3563d34f3e61465fc4032798a77c406a862b2,Main,Asset)),Vector(),Vector())))))),true,), filters -> {Alice::1220a82f9051f4828b80d8cf6620fba66562303f110452605ba6bb45381683dc7d49: ['3871bbf7cc5081b11362b3f94db3563d34f3e61465fc4032798a77c406a862b2:Main:Asset']}.
2026-01-13 16:42:41,825 [canton-env-ec-80] INFO  c.d.c.p.a.s.t.TransactionServiceImpl:participant=sandbox tid:59df88f5abcca030c6a36716d14bc499 - Received request for transactions, startExclusive -> '000000000000000017', endInclusive -> '%end%', filters -> {Alice::1220a82f9051f4828b80d8cf6620fba66562303f110452605ba6bb45381683dc7d49: ['3871bbf7cc5081b11362b3f94db3563d34f3e61465fc4032798a77c406a862b2:Main:Asset']}, verbose -> true, ledgerId -> 'sandbox'.
2026-01-13 16:42:41,928 [canton-env-ec-28] INFO  c.d.c.p.a.s.ApiActiveContractsService:participant=sandbox tid:bdd16b3bf36e9eba38471deeecd0643e - Received request for active contracts: GetActiveContractsRequest(sandbox,Some(TransactionFilter(Map(Alice::1220a82f9051f4828b80d8cf6620fba66562303f110452605ba6bb45381683dc7d49 -> Filters(Some(InclusiveFilters(Vector(Identifier(3871bbf7cc5081b11362b3f94db3563d34f3e61465fc4032798a77c406a862b2,Main,Asset)),Vector(),Vector())))))),true,), filters -> {Alice::1220a82f9051f4828b80d8cf6620fba66562303f110452605ba6bb45381683dc7d49: ['3871bbf7cc5081b11362b3f94db3563d34f3e61465fc4032798a77c406a862b2:Main:Asset']}.
2026-01-13 16:42:41,936 [canton-env-ec-79] INFO  c.d.c.p.a.s.t.TransactionServiceImpl:participant=sandbox tid:bb92c8b316c3e009d10f4721efa1ba71 - Received request for transactions, startExclusive -> '000000000000000017', endInclusive -> '%end%', filters -> {Alice::1220a82f9051f4828b80d8cf6620fba66562303f110452605ba6bb45381683dc7d49: ['3871bbf7cc5081b11362b3f94db3563d34f3e61465fc4032798a77c406a862b2:Main:Asset']}, verbose -> true, ledgerId -> 'sandbox'.
2026-01-13 16:42:41,978 [canton-env-ec-79] INFO  c.d.c.p.a.s.ApiActiveContractsService:participant=sandbox tid:efa961270a8dd6d5279dd19a883d01e9 - Received request for active contracts: GetActiveContractsRequest(sandbox,Some(TransactionFilter(Map(Alice::1220a82f9051f4828b80d8cf6620fba66562303f110452605ba6bb45381683dc7d49 -> Filters(Some(InclusiveFilters(Vector(Identifier(3871bbf7cc5081b11362b3f94db3563d34f3e61465fc4032798a77c406a862b2,Main,TransferProposal)),Vector(),Vector())))))),true,), filters -> {Alice::1220a82f9051f4828b80d8cf6620fba66562303f110452605ba6bb45381683dc7d49: ['3871bbf7cc5081b11362b3f94db3563d34f3e61465fc4032798a77c406a862b2:Main:TransferProposal']}.
2026-01-13 16:42:41,987 [canton-env-ec-79] INFO  c.d.c.p.a.s.t.TransactionServiceImpl:participant=sandbox tid:b2885ae872cb99d17eb9e0bf5c9552e5 - Received request for transactions, startExclusive -> '000000000000000017', endInclusive -> '%end%', filters -> {Alice::1220a82f9051f4828b80d8cf6620fba66562303f110452605ba6bb45381683dc7d49: ['3871bbf7cc5081b11362b3f94db3563d34f3e61465fc4032798a77c406a862b2:Main:TransferProposal']}, verbose -> true, ledgerId -> 'sandbox'.
2026-01-13 16:42:46,405 [canton-env-ec-80] INFO  c.d.c.d.s.s.GrpcSequencerService:domain=local tid:d5973e53f432a31e0e838636d5866a68 - 'MED::local::1220e43d5d01...' sends request with id 'tick-2585c951-f144-4465-b487-b1c9f0e57875' of size 336 bytes with 0 envelopes.
2026-01-13 16:42:50,150 [canton-env-ec-79] INFO  c.d.c.p.a.s.c.CommandSubmissionServiceImpl:participant=sandbox tid:267ad9d387025ce459bb45b95769a686 - Phase 1 started: Submitting commands for interpretation: Commands(
  commandId = 9f0919cb-e9d0-4bbf-a134-0fa0b78de3ce,
  submissionId = 72b0e0a1-7d8c-4970-a501-7757655c17ed,
  applicationId = asset-transfer-app,
  actAs = Alice::1220a82f9051...,
  submittedAt = 2026-01-13T11:12:50.149712Z,
  ledgerEffectiveTime = 2026-01-13T11:12:50.149711Z,
  deduplicationPeriod = (duration=PT168H),
  ...
).
2026-01-13 16:42:50,174 [canton-env-ec-71] INFO  c.d.c.p.p.TransactionProcessor:participant=sandbox/domainId=local::1220e43d5d01 tid:267ad9d387025ce459bb45b95769a686 - Phase 1 completed: Submitting 3 envelopes for Transaction request, submitters Alice::1220a82f9051..., command-id 9f0919cb-e9d0-4bbf-a134-0fa0b78de3ce
2026-01-13 16:42:50,178 [canton-env-ec-80] INFO  c.d.c.d.s.s.GrpcSequencerService:domain=local tid:267ad9d387025ce459bb45b95769a686 - 'PAR::sandbox::1220a82f9051...' sends request with id '4e674c21-9fff-4c80-b391-acb1114e4512' of size 2369 bytes with 3 envelopes.
2026-01-13 16:42:50,258 [canton-env-ec-79] INFO  c.d.c.p.p.DefaultMessageDispatcher:participant=sandbox/domainId=local::1220e43d5d01 tid:267ad9d387025ce459bb45b95769a686 - Processing event at sc=79, ts=2026-01-13T11:12:50.179795Z, messageId=4e674c21-9fff-4c80-b391-acb1114e4512, with contents=Seq(RootHashMessage(root hash = SHA-256:9dfa619ffe47..., payload size = 0), EncryptedViewMessageV2(view hash = ViewHash(SHA-256:bf194fe3d2c0...), view type = TransactionViewType, size = 985))
2026-01-13 16:42:50,259 [canton-env-ec-68] INFO  c.d.c.p.p.TransactionProcessor:participant=sandbox/domainId=local::1220e43d5d01 tid:267ad9d387025ce459bb45b95769a686 - Phase 3: Validating Transaction request=2026-01-13T11:12:50.179795Z with 1 envelope(s)
2026-01-13 16:42:50,262 [canton-env-ec-75] INFO  c.d.c.d.m.ConfirmationResponseProcessor:domain=local/node=mediator tid:267ad9d387025ce459bb45b95769a686 - Phase 2: Registered request=2026-01-13T11:12:50.179795Z with 1 view(s). Initial state: ViewPosition("") -> ViewState(
  quorumsState = Seq(Quorum(confirmers = Alice::1220a82f9051... -> 1, threshold = 1), Quorum(confirmers = sandbox::1220a82f9051... -> 1, threshold = 1)),
  consortiumVoting = Map(Alice::1220a82f9051... -> ConsortiumVotingState(), sandbox::1220a82f9051... -> ConsortiumVotingState()),
  rejections = Seq()
)
2026-01-13 16:42:50,273 [canton-env-ec-76] INFO  c.d.c.p.p.TransactionProcessor:participant=sandbox/domainId=local::1220e43d5d01 tid:267ad9d387025ce459bb45b95769a686 - Phase 4: Sending for request=2026-01-13T11:12:50.179795Z with msgId=186bf702-cca4-4f44-8910-9ff5a1509826 approved=1, rejected=0
2026-01-13 16:42:50,276 [canton-env-ec-76] INFO  c.d.c.d.s.s.GrpcSequencerService:domain=local tid:267ad9d387025ce459bb45b95769a686 - 'PAR::sandbox::1220a82f9051...' sends request with id '186bf702-cca4-4f44-8910-9ff5a1509826' of size 727 bytes with 1 envelopes.
2026-01-13 16:42:50,283 [canton-env-ec-73] INFO  c.d.c.p.p.DefaultMessageDispatcher:participant=sandbox/domainId=local::1220e43d5d01 tid:267ad9d387025ce459bb45b95769a686 - Processing event at sc=80, ts=2026-01-13T11:12:50.280020Z, messageId=186bf702-cca4-4f44-8910-9ff5a1509826, with contents=Seq()
2026-01-13 16:42:50,284 [canton-env-ec-80] INFO  c.d.c.d.m.ConfirmationResponseProcessor:domain=local/node=mediator tid:267ad9d387025ce459bb45b95769a686 - Phase 5: Received responses for request=RequestId(2026-01-13T11:12:50.179795Z): ParticipantResponse(sender = PAR::sandbox::1220a82f9051..., ts = 2026-01-13T11:12:50.280020Z, approved = 1)
2026-01-13 16:42:50,285 [canton-env-ec-28] INFO  c.d.c.d.m.ConfirmationResponseProcessor:domain=local/node=mediator tid:267ad9d387025ce459bb45b95769a686 - Phase 6: Finalized request=RequestId(2026-01-13T11:12:50.179795Z) with verdict Approve
2026-01-13 16:42:50,287 [canton-env-ec-75] INFO  c.d.c.d.s.s.GrpcSequencerService:domain=local tid:267ad9d387025ce459bb45b95769a686 - 'MED::local::1220e43d5d01...' sends request with id 'mmid:verdict:1768302770179795' of size 704 bytes with 1 envelopes.
2026-01-13 16:42:50,292 [canton-env-ec-74] INFO  c.d.c.p.p.DefaultMessageDispatcher:participant=sandbox/domainId=local::1220e43d5d01 tid:267ad9d387025ce459bb45b95769a686 - Processing event at sc=81, ts=2026-01-13T11:12:50.288710Z, with contents=SignedProtocolMessage(
  TransactionResultMessage(requestId = 2026-01-13T11:12:50.179795Z, verdict = Approve, rootHash = SHA-256:9dfa619ffe47..., domainId = local::1220e43d5d01...),
  signatures = Signature(signature = 7945f4fd483d, signedBy = 12202894b251...)
)
2026-01-13 16:42:50,296 [input-mapping-pool-7] INFO  c.d.c.p.i.p.ParallelIndexerSubscription:participant=sandbox tid:267ad9d387025ce459bb45b95769a686 - Phase 7: Storing at offset=000000000000000018 TransactionAccepted(
  recordTime = 2026-01-13T11:12:50.179795Z,
  transactionId = 12209dfa619ffe475c0f936abea8f0790f966982ef17e1c66359464eeb5824b660a8,
  transactionMeta = TransactionMeta(ledgerEffectiveTime = 2026-01-13T11:12:50.149711Z, submissionTime = 2026-01-13T11:12:50.149711Z, domainId = local::1220e43d5d01..., ...),
  completion = CompletionInfo(
    actAs = Alice::1220a82f9051...,
    commandId = 9f0919cb-e9d0-4bbf-a134-0fa0b78de3ce,
    applicationId = asset-transfer-app,
    deduplication period = (offset=Offset(Bytes(000000000000000001))),
    submissionId = Some(72b0e0a1-7d8c-4970-a501-7757655c17ed),
    ...
  ),
  nodes = 1,
  roots = 1,
  ...
)
2026-01-13 16:42:50,303 [canton-env-ec-71] INFO  c.d.c.p.a.s.t.TransactionServiceImpl:participant=sandbox - Received request for flat transaction by ID, ledgerId -> 'sandbox', transactionId -> '12209dfa619ffe475c0f936abea8f0790f966982ef17e1c66359464eeb5824b660a8', parties -> ['Alice::1220a82f9051f4828b80d8cf6620fba66562303f110452605ba6bb45381683dc7d49'].
2026-01-13 16:42:50,838 [canton-env-ec-69] INFO  c.d.c.d.s.s.GrpcSequencerService:domain=local tid:d5973e53f432a31e0e838636d5866a68 - 'PAR::sandbox::1220a82f9051...' sends request with id 'tick-1fcd6ca3-16a4-484f-b103-5f8279708640' of size 338 bytes with 0 envelopes.
2026-01-13 16:42:50,892 [canton-env-ec-28] INFO  c.d.c.p.a.s.ApiActiveContractsService:participant=sandbox tid:842ed7f22f42398e77c9fa91a553985a - Received request for active contracts: GetActiveContractsRequest(sandbox,Some(TransactionFilter(Map(Alice::1220a82f9051f4828b80d8cf6620fba66562303f110452605ba6bb45381683dc7d49 -> Filters(Some(InclusiveFilters(Vector(Identifier(3871bbf7cc5081b11362b3f94db3563d34f3e61465fc4032798a77c406a862b2,Main,Asset)),Vector(),Vector())))))),true,), filters -> {Alice::1220a82f9051f4828b80d8cf6620fba66562303f110452605ba6bb45381683dc7d49: ['3871bbf7cc5081b11362b3f94db3563d34f3e61465fc4032798a77c406a862b2:Main:Asset']}.
2026-01-13 16:42:50,916 [canton-env-ec-71] INFO  c.d.c.p.a.s.t.TransactionServiceImpl:participant=sandbox tid:709510c5aa179202c1c9c83d72594aea - Received request for transactions, startExclusive -> '000000000000000018', endInclusive -> '%end%', filters -> {Alice::1220a82f9051f4828b80d8cf6620fba66562303f110452605ba6bb45381683dc7d49: ['3871bbf7cc5081b11362b3f94db3563d34f3e61465fc4032798a77c406a862b2:Main:Asset']}, verbose -> true, ledgerId -> 'sandbox'.
2026-01-13 16:42:51,004 [canton-env-ec-27] INFO  c.d.c.p.a.s.ApiActiveContractsService:participant=sandbox tid:2af5dc557610b4de74b648eb8b548046 - Received request for active contracts: GetActiveContractsRequest(sandbox,Some(TransactionFilter(Map(Alice::1220a82f9051f4828b80d8cf6620fba66562303f110452605ba6bb45381683dc7d49 -> Filters(Some(InclusiveFilters(Vector(Identifier(3871bbf7cc5081b11362b3f94db3563d34f3e61465fc4032798a77c406a862b2,Main,TransferProposal)),Vector(),Vector())))))),true,), filters -> {Alice::1220a82f9051f4828b80d8cf6620fba66562303f110452605ba6bb45381683dc7d49: ['3871bbf7cc5081b11362b3f94db3563d34f3e61465fc4032798a77c406a862b2:Main:TransferProposal']}.
2026-01-13 16:42:51,016 [canton-env-ec-73] INFO  c.d.c.p.a.s.t.TransactionServiceImpl:participant=sandbox tid:fb1c84b833b763515f3f91cc5211abf5 - Received request for transactions, startExclusive -> '000000000000000018', endInclusive -> '%end%', filters -> {Alice::1220a82f9051f4828b80d8cf6620fba66562303f110452605ba6bb45381683dc7d49: ['3871bbf7cc5081b11362b3f94db3563d34f3e61465fc4032798a77c406a862b2:Main:TransferProposal']}, verbose -> true, ledgerId -> 'sandbox'.
2026-01-13 16:42:52,720 [canton-env-ec-79] INFO  c.d.c.d.s.s.GrpcSequencerService:domain=local tid:d5973e53f432a31e0e838636d5866a68 - 'MED::local::1220e43d5d01...' sends request with id 'tick-038752ad-f484-4075-bf30-ecea04882b6b' of size 336 bytes with 0 envelopes.
2026-01-13 16:43:01,907 [canton-env-ec-30] INFO  c.d.c.p.a.s.c.CommandSubmissionServiceImpl:participant=sandbox tid:56dff5365ddb10c841016e475b93a3a3 - Phase 1 started: Submitting commands for interpretation: Commands(
  commandId = 41e1e2bd-081a-4a6c-9aaa-df8d389791f0,
  submissionId = 9c2dd675-56af-4050-a620-869559dc00d8,
  applicationId = asset-transfer-app,
  actAs = Alice::1220a82f9051...,
  submittedAt = 2026-01-13T11:13:01.904388Z,
  ledgerEffectiveTime = 2026-01-13T11:13:01.904387Z,
  deduplicationPeriod = (duration=PT168H),
  ...
).
2026-01-13 16:43:01,946 [canton-env-ec-73] INFO  c.d.c.p.p.TransactionProcessor:participant=sandbox/domainId=local::1220e43d5d01 tid:56dff5365ddb10c841016e475b93a3a3 - Phase 1 completed: Submitting 3 envelopes for Transaction request, submitters Alice::1220a82f9051..., command-id 41e1e2bd-081a-4a6c-9aaa-df8d389791f0
2026-01-13 16:43:01,958 [canton-env-ec-73] INFO  c.d.c.d.s.s.GrpcSequencerService:domain=local tid:56dff5365ddb10c841016e475b93a3a3 - 'PAR::sandbox::1220a82f9051...' sends request with id 'ff0ccded-e812-4353-af32-ace5966ef5d5' of size 2627 bytes with 3 envelopes.
2026-01-13 16:43:01,968 [canton-env-ec-75] INFO  c.d.c.p.p.DefaultMessageDispatcher:participant=sandbox/domainId=local::1220e43d5d01 tid:56dff5365ddb10c841016e475b93a3a3 - Processing event at sc=83, ts=2026-01-13T11:13:01.960368Z, messageId=ff0ccded-e812-4353-af32-ace5966ef5d5, with contents=Seq(RootHashMessage(root hash = SHA-256:9b77d39000b8..., payload size = 0), EncryptedViewMessageV2(view hash = ViewHash(SHA-256:7a96c2ff962a...), view type = TransactionViewType, size = 1231))
2026-01-13 16:43:01,970 [canton-env-ec-68] INFO  c.d.c.p.p.TransactionProcessor:participant=sandbox/domainId=local::1220e43d5d01 tid:56dff5365ddb10c841016e475b93a3a3 - Phase 3: Validating Transaction request=2026-01-13T11:13:01.960368Z with 1 envelope(s)
2026-01-13 16:43:01,973 [canton-env-ec-68] INFO  c.d.c.d.m.ConfirmationResponseProcessor:domain=local/node=mediator tid:56dff5365ddb10c841016e475b93a3a3 - Phase 2: Registered request=2026-01-13T11:13:01.960368Z with 1 view(s). Initial state: ViewPosition("") -> ViewState(
  quorumsState = Seq(Quorum(confirmers = Alice::1220a82f9051... -> 1, threshold = 1), Quorum(confirmers = sandbox::1220a82f9051... -> 1, threshold = 1)),
  consortiumVoting = Map(Alice::1220a82f9051... -> ConsortiumVotingState(), sandbox::1220a82f9051... -> ConsortiumVotingState()),
  rejections = Seq()
)
2026-01-13 16:43:01,987 [canton-env-ec-30] INFO  c.d.c.p.p.TransactionProcessor:participant=sandbox/domainId=local::1220e43d5d01 tid:56dff5365ddb10c841016e475b93a3a3 - Phase 4: Sending for request=2026-01-13T11:13:01.960368Z with msgId=aa1c6451-9b74-4dec-a866-09f9123f5a70 approved=1, rejected=0
2026-01-13 16:43:01,989 [canton-env-ec-30] INFO  c.d.c.d.s.s.GrpcSequencerService:domain=local tid:56dff5365ddb10c841016e475b93a3a3 - 'PAR::sandbox::1220a82f9051...' sends request with id 'aa1c6451-9b74-4dec-a866-09f9123f5a70' of size 733 bytes with 1 envelopes.
2026-01-13 16:43:01,994 [canton-env-ec-71] INFO  c.d.c.p.p.DefaultMessageDispatcher:participant=sandbox/domainId=local::1220e43d5d01 tid:56dff5365ddb10c841016e475b93a3a3 - Processing event at sc=84, ts=2026-01-13T11:13:01.990711Z, messageId=aa1c6451-9b74-4dec-a866-09f9123f5a70, with contents=Seq()
2026-01-13 16:43:01,996 [canton-env-ec-79] INFO  c.d.c.d.m.ConfirmationResponseProcessor:domain=local/node=mediator tid:56dff5365ddb10c841016e475b93a3a3 - Phase 5: Received responses for request=RequestId(2026-01-13T11:13:01.960368Z): ParticipantResponse(sender = PAR::sandbox::1220a82f9051..., ts = 2026-01-13T11:13:01.990711Z, approved = 1)
2026-01-13 16:43:02,000 [canton-env-ec-27] INFO  c.d.c.d.m.ConfirmationResponseProcessor:domain=local/node=mediator tid:56dff5365ddb10c841016e475b93a3a3 - Phase 6: Finalized request=RequestId(2026-01-13T11:13:01.960368Z) with verdict Approve
2026-01-13 16:43:02,004 [canton-env-ec-28] INFO  c.d.c.d.s.s.GrpcSequencerService:domain=local tid:56dff5365ddb10c841016e475b93a3a3 - 'MED::local::1220e43d5d01...' sends request with id 'mmid:verdict:1768302781960368' of size 706 bytes with 1 envelopes.
2026-01-13 16:43:02,009 [canton-env-ec-22] INFO  c.d.c.p.p.DefaultMessageDispatcher:participant=sandbox/domainId=local::1220e43d5d01 tid:56dff5365ddb10c841016e475b93a3a3 - Processing event at sc=85, ts=2026-01-13T11:13:02.005081Z, with contents=SignedProtocolMessage(
  TransactionResultMessage(requestId = 2026-01-13T11:13:01.960368Z, verdict = Approve, rootHash = SHA-256:9b77d39000b8..., domainId = local::1220e43d5d01...),
  signatures = Signature(signature = f3b461ee0131, signedBy = 12202894b251...)
)
2026-01-13 16:43:02,015 [input-mapping-pool-8] INFO  c.d.c.p.i.p.ParallelIndexerSubscription:participant=sandbox tid:56dff5365ddb10c841016e475b93a3a3 - Phase 7: Storing at offset=000000000000000019 TransactionAccepted(
  recordTime = 2026-01-13T11:13:01.960368Z,
  transactionId = 12209b77d39000b89f3de37ed6b8aedd4f8c3f0bbe786cfdb8105bd879b283f3fc70,
  transactionMeta = TransactionMeta(ledgerEffectiveTime = 2026-01-13T11:13:01.904387Z, submissionTime = 2026-01-13T11:13:01.904387Z, domainId = local::1220e43d5d01..., ...),
  completion = CompletionInfo(
    actAs = Alice::1220a82f9051...,
    commandId = 41e1e2bd-081a-4a6c-9aaa-df8d389791f0,
    applicationId = asset-transfer-app,
    deduplication period = (offset=Offset(Bytes(000000000000000001))),
    submissionId = Some(9c2dd675-56af-4050-a620-869559dc00d8),
    ...
  ),
  nodes = 2,
  roots = 1,
  ...
)
2026-01-13 16:43:02,021 [canton-env-ec-73] INFO  c.d.c.p.a.s.t.TransactionServiceImpl:participant=sandbox - Received request for transaction by ID, ledgerId -> 'sandbox', transactionId -> '12209b77d39000b89f3de37ed6b8aedd4f8c3f0bbe786cfdb8105bd879b283f3fc70', parties -> ['Alice::1220a82f9051f4828b80d8cf6620fba66562303f110452605ba6bb45381683dc7d49'].
2026-01-13 16:43:02,610 [canton-env-ec-73] INFO  c.d.c.p.a.s.ApiActiveContractsService:participant=sandbox tid:73fe89da90b7c79de7d52c383c224b8c - Received request for active contracts: GetActiveContractsRequest(sandbox,Some(TransactionFilter(Map(Alice::1220a82f9051f4828b80d8cf6620fba66562303f110452605ba6bb45381683dc7d49 -> Filters(Some(InclusiveFilters(Vector(Identifier(3871bbf7cc5081b11362b3f94db3563d34f3e61465fc4032798a77c406a862b2,Main,Asset)),Vector(),Vector())))))),true,), filters -> {Alice::1220a82f9051f4828b80d8cf6620fba66562303f110452605ba6bb45381683dc7d49: ['3871bbf7cc5081b11362b3f94db3563d34f3e61465fc4032798a77c406a862b2:Main:Asset']}.
2026-01-13 16:43:02,618 [canton-env-ec-79] INFO  c.d.c.p.a.s.t.TransactionServiceImpl:participant=sandbox tid:ab8d32ce451629321e75f1da417059f9 - Received request for transactions, startExclusive -> '000000000000000019', endInclusive -> '%end%', filters -> {Alice::1220a82f9051f4828b80d8cf6620fba66562303f110452605ba6bb45381683dc7d49: ['3871bbf7cc5081b11362b3f94db3563d34f3e61465fc4032798a77c406a862b2:Main:Asset']}, verbose -> true, ledgerId -> 'sandbox'.
2026-01-13 16:43:02,661 [canton-env-ec-27] INFO  c.d.c.p.a.s.ApiActiveContractsService:participant=sandbox tid:324c3f0492cbcfec4e8ba886c32f23d3 - Received request for active contracts: GetActiveContractsRequest(sandbox,Some(TransactionFilter(Map(Alice::1220a82f9051f4828b80d8cf6620fba66562303f110452605ba6bb45381683dc7d49 -> Filters(Some(InclusiveFilters(Vector(Identifier(3871bbf7cc5081b11362b3f94db3563d34f3e61465fc4032798a77c406a862b2,Main,TransferProposal)),Vector(),Vector())))))),true,), filters -> {Alice::1220a82f9051f4828b80d8cf6620fba66562303f110452605ba6bb45381683dc7d49: ['3871bbf7cc5081b11362b3f94db3563d34f3e61465fc4032798a77c406a862b2:Main:TransferProposal']}.
2026-01-13 16:43:02,673 [canton-env-ec-27] INFO  c.d.c.p.a.s.t.TransactionServiceImpl:participant=sandbox tid:51b460796628a5e9178d97d57beeaa2d - Received request for transactions, startExclusive -> '000000000000000019', endInclusive -> '%end%', filters -> {Alice::1220a82f9051f4828b80d8cf6620fba66562303f110452605ba6bb45381683dc7d49: ['3871bbf7cc5081b11362b3f94db3563d34f3e61465fc4032798a77c406a862b2:Main:TransferProposal']}, verbose -> true, ledgerId -> 'sandbox'.
2026-01-13 16:43:04,894 [canton-env-ec-27] INFO  c.d.c.p.a.s.ApiActiveContractsService:participant=sandbox tid:6351327380a12ecde4009367fe9501fa - Received request for active contracts: GetActiveContractsRequest(sandbox,Some(TransactionFilter(Map(Bob::1220a82f9051f4828b80d8cf6620fba66562303f110452605ba6bb45381683dc7d49 -> Filters(Some(InclusiveFilters(Vector(Identifier(3871bbf7cc5081b11362b3f94db3563d34f3e61465fc4032798a77c406a862b2,Main,Asset)),Vector(),Vector())))))),true,), filters -> {Bob::1220a82f9051f4828b80d8cf6620fba66562303f110452605ba6bb45381683dc7d49: ['3871bbf7cc5081b11362b3f94db3563d34f3e61465fc4032798a77c406a862b2:Main:Asset']}.
2026-01-13 16:43:04,904 [canton-env-ec-27] INFO  c.d.c.p.a.s.t.TransactionServiceImpl:participant=sandbox tid:024067b4227fb4be4d78a92177fd3d2e - Received request for transactions, startExclusive -> '000000000000000019', endInclusive -> '%end%', filters -> {Bob::1220a82f9051f4828b80d8cf6620fba66562303f110452605ba6bb45381683dc7d49: ['3871bbf7cc5081b11362b3f94db3563d34f3e61465fc4032798a77c406a862b2:Main:Asset']}, verbose -> true, ledgerId -> 'sandbox'.
2026-01-13 16:43:04,970 [canton-env-ec-27] INFO  c.d.c.p.a.s.ApiActiveContractsService:participant=sandbox tid:bce7506c355537ee822158ae1adc8345 - Received request for active contracts: GetActiveContractsRequest(sandbox,Some(TransactionFilter(Map(Bob::1220a82f9051f4828b80d8cf6620fba66562303f110452605ba6bb45381683dc7d49 -> Filters(Some(InclusiveFilters(Vector(Identifier(3871bbf7cc5081b11362b3f94db3563d34f3e61465fc4032798a77c406a862b2,Main,Asset)),Vector(),Vector())))))),true,), filters -> {Bob::1220a82f9051f4828b80d8cf6620fba66562303f110452605ba6bb45381683dc7d49: ['3871bbf7cc5081b11362b3f94db3563d34f3e61465fc4032798a77c406a862b2:Main:Asset']}.
2026-01-13 16:43:04,977 [canton-env-ec-71] INFO  c.d.c.p.a.s.t.TransactionServiceImpl:participant=sandbox tid:402fd92fff79de55577b06ee4545bd37 - Received request for transactions, startExclusive -> '000000000000000019', endInclusive -> '%end%', filters -> {Bob::1220a82f9051f4828b80d8cf6620fba66562303f110452605ba6bb45381683dc7d49: ['3871bbf7cc5081b11362b3f94db3563d34f3e61465fc4032798a77c406a862b2:Main:Asset']}, verbose -> true, ledgerId -> 'sandbox'.
2026-01-13 16:43:05,027 [canton-env-ec-71] INFO  c.d.c.p.a.s.ApiActiveContractsService:participant=sandbox tid:2bc4574f9a60bf3425315159437b415d - Received request for active contracts: GetActiveContractsRequest(sandbox,Some(TransactionFilter(Map(Bob::1220a82f9051f4828b80d8cf6620fba66562303f110452605ba6bb45381683dc7d49 -> Filters(Some(InclusiveFilters(Vector(Identifier(3871bbf7cc5081b11362b3f94db3563d34f3e61465fc4032798a77c406a862b2,Main,TransferProposal)),Vector(),Vector())))))),true,), filters -> {Bob::1220a82f9051f4828b80d8cf6620fba66562303f110452605ba6bb45381683dc7d49: ['3871bbf7cc5081b11362b3f94db3563d34f3e61465fc4032798a77c406a862b2:Main:TransferProposal']}.
2026-01-13 16:43:05,036 [canton-env-ec-74] INFO  c.d.c.p.a.s.t.TransactionServiceImpl:participant=sandbox tid:480e201f0c4baeb976b52bae81cb515a - Received request for transactions, startExclusive -> '000000000000000019', endInclusive -> '%end%', filters -> {Bob::1220a82f9051f4828b80d8cf6620fba66562303f110452605ba6bb45381683dc7d49: ['3871bbf7cc5081b11362b3f94db3563d34f3e61465fc4032798a77c406a862b2:Main:TransferProposal']}, verbose -> true, ledgerId -> 'sandbox'.
2026-01-13 16:43:10,096 [canton-env-ec-79] INFO  c.d.c.p.a.s.c.CommandSubmissionServiceImpl:participant=sandbox tid:61d08b686b7797c35b1d6809b91032ee - Phase 1 started: Submitting commands for interpretation: Commands(
  commandId = 3e10f7c3-7490-48b7-b807-c2c29c65598a,
  submissionId = 239e3d91-7ffd-4350-894d-88b0df73b579,
  applicationId = asset-transfer-app,
  actAs = Bob::1220a82f9051...,
  submittedAt = 2026-01-13T11:13:10.090968Z,
  ledgerEffectiveTime = 2026-01-13T11:13:10.090967Z,
  deduplicationPeriod = (duration=PT168H),
  ...
).
2026-01-13 16:43:10,138 [canton-env-ec-28] INFO  c.d.c.p.p.TransactionProcessor:participant=sandbox/domainId=local::1220e43d5d01 tid:61d08b686b7797c35b1d6809b91032ee - Phase 1 completed: Submitting 3 envelopes for Transaction request, submitters Bob::1220a82f9051..., command-id 3e10f7c3-7490-48b7-b807-c2c29c65598a
2026-01-13 16:43:10,144 [canton-env-ec-75] INFO  c.d.c.d.s.s.GrpcSequencerService:domain=local tid:61d08b686b7797c35b1d6809b91032ee - 'PAR::sandbox::1220a82f9051...' sends request with id 'c0d4fe13-3ec1-4791-9ed9-55599f264ae2' of size 2643 bytes with 3 envelopes.
2026-01-13 16:43:10,161 [canton-env-ec-27] INFO  c.d.c.p.p.DefaultMessageDispatcher:participant=sandbox/domainId=local::1220e43d5d01 tid:61d08b686b7797c35b1d6809b91032ee - Processing event at sc=86, ts=2026-01-13T11:13:10.145900Z, messageId=c0d4fe13-3ec1-4791-9ed9-55599f264ae2, with contents=Seq(RootHashMessage(root hash = SHA-256:3149cc4618d5..., payload size = 0), EncryptedViewMessageV2(view hash = ViewHash(SHA-256:3f72ed824551...), view type = TransactionViewType, size = 1240))
2026-01-13 16:43:10,162 [canton-env-ec-74] INFO  c.d.c.p.p.TransactionProcessor:participant=sandbox/domainId=local::1220e43d5d01 tid:61d08b686b7797c35b1d6809b91032ee - Phase 3: Validating Transaction request=2026-01-13T11:13:10.145900Z with 1 envelope(s)
2026-01-13 16:43:10,164 [canton-env-ec-27] INFO  c.d.c.d.m.ConfirmationResponseProcessor:domain=local/node=mediator tid:61d08b686b7797c35b1d6809b91032ee - Phase 2: Registered request=2026-01-13T11:13:10.145900Z with 1 view(s). Initial state: ViewPosition("") -> ViewState(
  quorumsState = Seq(
    Quorum(confirmers = Map(Alice::1220a82f9051... -> 1, Bob::1220a82f9051... -> 1), threshold = 2),
    Quorum(confirmers = Alice::1220a82f9051... -> 1, threshold = 1),
    Quorum(confirmers = sandbox::1220a82f9051... -> 1, threshold = 1)
  ),
  consortiumVoting = Map(Alice::1220a82f9051... -> ConsortiumVotingState(), Bob::1220a82f9051... -> ConsortiumVotingState(), sandbox::1220a82f9051... -> ConsortiumVotingState()),
  rejections = Seq()
)
2026-01-13 16:43:10,179 [canton-env-ec-80] INFO  c.d.c.p.p.TransactionProcessor:participant=sandbox/domainId=local::1220e43d5d01 tid:61d08b686b7797c35b1d6809b91032ee - Phase 4: Sending for request=2026-01-13T11:13:10.145900Z with msgId=41589803-df33-4026-a962-5b263f8979b6 approved=1, rejected=0
2026-01-13 16:43:10,182 [canton-env-ec-80] INFO  c.d.c.d.s.s.GrpcSequencerService:domain=local tid:61d08b686b7797c35b1d6809b91032ee - 'PAR::sandbox::1220a82f9051...' sends request with id '41589803-df33-4026-a962-5b263f8979b6' of size 735 bytes with 1 envelopes.
2026-01-13 16:43:10,185 [canton-env-ec-28] INFO  c.d.c.p.p.DefaultMessageDispatcher:participant=sandbox/domainId=local::1220e43d5d01 tid:61d08b686b7797c35b1d6809b91032ee - Processing event at sc=87, ts=2026-01-13T11:13:10.182940Z, messageId=41589803-df33-4026-a962-5b263f8979b6, with contents=Seq()
2026-01-13 16:43:10,186 [canton-env-ec-75] INFO  c.d.c.d.m.ConfirmationResponseProcessor:domain=local/node=mediator tid:61d08b686b7797c35b1d6809b91032ee - Phase 5: Received responses for request=RequestId(2026-01-13T11:13:10.145900Z): ParticipantResponse(sender = PAR::sandbox::1220a82f9051..., ts = 2026-01-13T11:13:10.182940Z, approved = 1)
2026-01-13 16:43:10,187 [canton-env-ec-69] INFO  c.d.c.d.m.ConfirmationResponseProcessor:domain=local/node=mediator tid:61d08b686b7797c35b1d6809b91032ee - Phase 6: Finalized request=RequestId(2026-01-13T11:13:10.145900Z) with verdict Approve
2026-01-13 16:43:10,189 [canton-env-ec-71] INFO  c.d.c.d.s.s.GrpcSequencerService:domain=local tid:61d08b686b7797c35b1d6809b91032ee - 'MED::local::1220e43d5d01...' sends request with id 'mmid:verdict:1768302790145900' of size 703 bytes with 1 envelopes.
2026-01-13 16:43:10,198 [canton-env-ec-22] INFO  c.d.c.p.p.DefaultMessageDispatcher:participant=sandbox/domainId=local::1220e43d5d01 tid:61d08b686b7797c35b1d6809b91032ee - Processing event at sc=88, ts=2026-01-13T11:13:10.190663Z, with contents=SignedProtocolMessage(
  TransactionResultMessage(requestId = 2026-01-13T11:13:10.145900Z, verdict = Approve, rootHash = SHA-256:3149cc4618d5..., domainId = local::1220e43d5d01...),
  signatures = Signature(signature = 8ae35a1eec19, signedBy = 12202894b251...)
)
2026-01-13 16:43:10,203 [input-mapping-pool-9] INFO  c.d.c.p.i.p.ParallelIndexerSubscription:participant=sandbox tid:61d08b686b7797c35b1d6809b91032ee - Phase 7: Storing at offset=00000000000000001a TransactionAccepted(
  recordTime = 2026-01-13T11:13:10.145900Z,
  transactionId = 12203149cc4618d510f6280ded0233502f754c6b7aef78287915d4032c95ab06c38c,
  transactionMeta = TransactionMeta(ledgerEffectiveTime = 2026-01-13T11:13:10.090967Z, submissionTime = 2026-01-13T11:13:10.090967Z, domainId = local::1220e43d5d01..., ...),
  completion = CompletionInfo(
    actAs = Bob::1220a82f9051...,
    commandId = 3e10f7c3-7490-48b7-b807-c2c29c65598a,
    applicationId = asset-transfer-app,
    deduplication period = (offset=Offset(Bytes(000000000000000001))),
    submissionId = Some(239e3d91-7ffd-4350-894d-88b0df73b579),
    ...
  ),
  nodes = 2,
  roots = 1,
  ...
)
2026-01-13 16:43:10,208 [canton-env-ec-71] INFO  c.d.c.p.a.s.t.TransactionServiceImpl:participant=sandbox - Received request for transaction by ID, ledgerId -> 'sandbox', transactionId -> '12203149cc4618d510f6280ded0233502f754c6b7aef78287915d4032c95ab06c38c', parties -> ['Bob::1220a82f9051f4828b80d8cf6620fba66562303f110452605ba6bb45381683dc7d49'].
2026-01-13 16:43:10,797 [canton-env-ec-76] INFO  c.d.c.p.a.s.ApiActiveContractsService:participant=sandbox tid:6d375c8207f527862530079cf1ee43ae - Received request for active contracts: GetActiveContractsRequest(sandbox,Some(TransactionFilter(Map(Bob::1220a82f9051f4828b80d8cf6620fba66562303f110452605ba6bb45381683dc7d49 -> Filters(Some(InclusiveFilters(Vector(Identifier(3871bbf7cc5081b11362b3f94db3563d34f3e61465fc4032798a77c406a862b2,Main,Asset)),Vector(),Vector())))))),true,), filters -> {Bob::1220a82f9051f4828b80d8cf6620fba66562303f110452605ba6bb45381683dc7d49: ['3871bbf7cc5081b11362b3f94db3563d34f3e61465fc4032798a77c406a862b2:Main:Asset']}.
2026-01-13 16:43:10,808 [canton-env-ec-69] INFO  c.d.c.p.a.s.t.TransactionServiceImpl:participant=sandbox tid:05afa114af1b3c98220c475f4443f500 - Received request for transactions, startExclusive -> '00000000000000001a', endInclusive -> '%end%', filters -> {Bob::1220a82f9051f4828b80d8cf6620fba66562303f110452605ba6bb45381683dc7d49: ['3871bbf7cc5081b11362b3f94db3563d34f3e61465fc4032798a77c406a862b2:Main:Asset']}, verbose -> true, ledgerId -> 'sandbox'.
2026-01-13 16:43:10,871 [canton-env-ec-74] INFO  c.d.c.p.a.s.ApiActiveContractsService:participant=sandbox tid:b49455ccddd64a871d26089bb2d0f0d8 - Received request for active contracts: GetActiveContractsRequest(sandbox,Some(TransactionFilter(Map(Bob::1220a82f9051f4828b80d8cf6620fba66562303f110452605ba6bb45381683dc7d49 -> Filters(Some(InclusiveFilters(Vector(Identifier(3871bbf7cc5081b11362b3f94db3563d34f3e61465fc4032798a77c406a862b2,Main,TransferProposal)),Vector(),Vector())))))),true,), filters -> {Bob::1220a82f9051f4828b80d8cf6620fba66562303f110452605ba6bb45381683dc7d49: ['3871bbf7cc5081b11362b3f94db3563d34f3e61465fc4032798a77c406a862b2:Main:TransferProposal']}.
2026-01-13 16:43:10,885 [canton-env-ec-68] INFO  c.d.c.p.a.s.t.TransactionServiceImpl:participant=sandbox tid:32874090899e7e5766a9b4ace7b92219 - Received request for transactions, startExclusive -> '00000000000000001a', endInclusive -> '%end%', filters -> {Bob::1220a82f9051f4828b80d8cf6620fba66562303f110452605ba6bb45381683dc7d49: ['3871bbf7cc5081b11362b3f94db3563d34f3e61465fc4032798a77c406a862b2:Main:TransferProposal']}, verbose -> true, ledgerId -> 'sandbox'.
2026-01-13 16:43:12,375 [canton-env-ec-27] INFO  c.d.c.p.a.s.c.CommandSubmissionServiceImpl:participant=sandbox tid:c24bfd8c047b4582c55fc413d0a425f8 - Phase 1 started: Submitting commands for interpretation: Commands(
  commandId = 71146c58-0632-4799-bc48-d52740a0b31e,
  submissionId = 91f91c37-de02-4737-b866-ae9927393271,
  applicationId = asset-transfer-app,
  actAs = Bob::1220a82f9051...,
  submittedAt = 2026-01-13T11:13:12.375580Z,
  ledgerEffectiveTime = 2026-01-13T11:13:12.375580Z,
  deduplicationPeriod = (duration=PT168H),
  ...
).
2026-01-13 16:43:12,391 [canton-env-ec-30] INFO  c.d.c.p.p.TransactionProcessor:participant=sandbox/domainId=local::1220e43d5d01 tid:c24bfd8c047b4582c55fc413d0a425f8 - Phase 1 completed: Submitting 3 envelopes for Transaction request, submitters Bob::1220a82f9051..., command-id 71146c58-0632-4799-bc48-d52740a0b31e
2026-01-13 16:43:12,394 [canton-env-ec-76] INFO  c.d.c.d.s.s.GrpcSequencerService:domain=local tid:c24bfd8c047b4582c55fc413d0a425f8 - 'PAR::sandbox::1220a82f9051...' sends request with id '6d4854d6-338c-4056-b98e-2b1006b12cbb' of size 2672 bytes with 3 envelopes.
2026-01-13 16:43:12,400 [canton-env-ec-80] INFO  c.d.c.p.p.DefaultMessageDispatcher:participant=sandbox/domainId=local::1220e43d5d01 tid:c24bfd8c047b4582c55fc413d0a425f8 - Processing event at sc=89, ts=2026-01-13T11:13:12.395794Z, messageId=6d4854d6-338c-4056-b98e-2b1006b12cbb, with contents=Seq(RootHashMessage(root hash = SHA-256:5952b66b6f0f..., payload size = 0), EncryptedViewMessageV2(view hash = ViewHash(SHA-256:424f5c070a6b...), view type = TransactionViewType, size = 1264))
2026-01-13 16:43:12,401 [canton-env-ec-74] INFO  c.d.c.p.p.TransactionProcessor:participant=sandbox/domainId=local::1220e43d5d01 tid:c24bfd8c047b4582c55fc413d0a425f8 - Phase 3: Validating Transaction request=2026-01-13T11:13:12.395794Z with 1 envelope(s)
2026-01-13 16:43:12,405 [canton-env-ec-74] INFO  c.d.c.d.m.ConfirmationResponseProcessor:domain=local/node=mediator tid:c24bfd8c047b4582c55fc413d0a425f8 - Phase 2: Registered request=2026-01-13T11:13:12.395794Z with 1 view(s). Initial state: ViewPosition("") -> ViewState(
  quorumsState = Seq(
    Quorum(confirmers = Map(Alice::1220a82f9051... -> 1, Bob::1220a82f9051... -> 1), threshold = 2),
    Quorum(confirmers = Alice::1220a82f9051... -> 1, threshold = 1),
    Quorum(confirmers = sandbox::1220a82f9051... -> 1, threshold = 1)
  ),
  consortiumVoting = Map(Alice::1220a82f9051... -> ConsortiumVotingState(), Bob::1220a82f9051... -> ConsortiumVotingState(), sandbox::1220a82f9051... -> ConsortiumVotingState()),
  rejections = Seq()
)
2026-01-13 16:43:12,416 [canton-env-ec-80] INFO  c.d.c.p.p.TransactionProcessor:participant=sandbox/domainId=local::1220e43d5d01 tid:c24bfd8c047b4582c55fc413d0a425f8 - Phase 4: Sending for request=2026-01-13T11:13:12.395794Z with msgId=f8530622-c32c-4985-9189-36f5f3936600 approved=1, rejected=0
2026-01-13 16:43:12,419 [canton-env-ec-80] INFO  c.d.c.d.s.s.GrpcSequencerService:domain=local tid:c24bfd8c047b4582c55fc413d0a425f8 - 'PAR::sandbox::1220a82f9051...' sends request with id 'f8530622-c32c-4985-9189-36f5f3936600' of size 736 bytes with 1 envelopes.
2026-01-13 16:43:12,427 [canton-env-ec-76] INFO  c.d.c.p.p.DefaultMessageDispatcher:participant=sandbox/domainId=local::1220e43d5d01 tid:c24bfd8c047b4582c55fc413d0a425f8 - Processing event at sc=90, ts=2026-01-13T11:13:12.420639Z, messageId=f8530622-c32c-4985-9189-36f5f3936600, with contents=Seq()
2026-01-13 16:43:12,427 [canton-env-ec-68] INFO  c.d.c.d.m.ConfirmationResponseProcessor:domain=local/node=mediator tid:c24bfd8c047b4582c55fc413d0a425f8 - Phase 5: Received responses for request=RequestId(2026-01-13T11:13:12.395794Z): ParticipantResponse(sender = PAR::sandbox::1220a82f9051..., ts = 2026-01-13T11:13:12.420639Z, approved = 1)
2026-01-13 16:43:12,428 [canton-env-ec-75] INFO  c.d.c.d.m.ConfirmationResponseProcessor:domain=local/node=mediator tid:c24bfd8c047b4582c55fc413d0a425f8 - Phase 6: Finalized request=RequestId(2026-01-13T11:13:12.395794Z) with verdict Approve
2026-01-13 16:43:12,432 [canton-env-ec-75] INFO  c.d.c.d.s.s.GrpcSequencerService:domain=local tid:c24bfd8c047b4582c55fc413d0a425f8 - 'MED::local::1220e43d5d01...' sends request with id 'mmid:verdict:1768302792395794' of size 705 bytes with 1 envelopes.
2026-01-13 16:43:12,439 [canton-env-ec-76] INFO  c.d.c.p.p.DefaultMessageDispatcher:participant=sandbox/domainId=local::1220e43d5d01 tid:c24bfd8c047b4582c55fc413d0a425f8 - Processing event at sc=91, ts=2026-01-13T11:13:12.434876Z, with contents=SignedProtocolMessage(
  TransactionResultMessage(requestId = 2026-01-13T11:13:12.395794Z, verdict = Approve, rootHash = SHA-256:5952b66b6f0f..., domainId = local::1220e43d5d01...),
  signatures = Signature(signature = 19f1a2f779c7, signedBy = 12202894b251...)
)
2026-01-13 16:43:12,445 [input-mapping-pool-10] INFO  c.d.c.p.i.p.ParallelIndexerSubscription:participant=sandbox tid:c24bfd8c047b4582c55fc413d0a425f8 - Phase 7: Storing at offset=00000000000000001b TransactionAccepted(
  recordTime = 2026-01-13T11:13:12.395794Z,
  transactionId = 12205952b66b6f0fc12a09bcfb10f82993c9a7f3a1b18df7094f4c3abf5e66adf669,
  transactionMeta = TransactionMeta(ledgerEffectiveTime = 2026-01-13T11:13:12.375580Z, submissionTime = 2026-01-13T11:13:12.375580Z, domainId = local::1220e43d5d01..., ...),
  completion = CompletionInfo(
    actAs = Bob::1220a82f9051...,
    commandId = 71146c58-0632-4799-bc48-d52740a0b31e,
    applicationId = asset-transfer-app,
    deduplication period = (offset=Offset(Bytes(000000000000000001))),
    submissionId = Some(91f91c37-de02-4737-b866-ae9927393271),
    ...
  ),
  nodes = 2,
  roots = 1,
  ...
)
2026-01-13 16:43:12,449 [canton-env-ec-75] INFO  c.d.c.p.a.s.t.TransactionServiceImpl:participant=sandbox - Received request for transaction by ID, ledgerId -> 'sandbox', transactionId -> '12205952b66b6f0fc12a09bcfb10f82993c9a7f3a1b18df7094f4c3abf5e66adf669', parties -> ['Bob::1220a82f9051f4828b80d8cf6620fba66562303f110452605ba6bb45381683dc7d49'].
2026-01-13 16:43:13,001 [canton-env-ec-30] INFO  c.d.c.p.a.s.ApiActiveContractsService:participant=sandbox tid:3ef45395f78689479edee1470eec031a - Received request for active contracts: GetActiveContractsRequest(sandbox,Some(TransactionFilter(Map(Bob::1220a82f9051f4828b80d8cf6620fba66562303f110452605ba6bb45381683dc7d49 -> Filters(Some(InclusiveFilters(Vector(Identifier(3871bbf7cc5081b11362b3f94db3563d34f3e61465fc4032798a77c406a862b2,Main,Asset)),Vector(),Vector())))))),true,), filters -> {Bob::1220a82f9051f4828b80d8cf6620fba66562303f110452605ba6bb45381683dc7d49: ['3871bbf7cc5081b11362b3f94db3563d34f3e61465fc4032798a77c406a862b2:Main:Asset']}.
2026-01-13 16:43:13,007 [canton-env-ec-75] INFO  c.d.c.p.a.s.t.TransactionServiceImpl:participant=sandbox tid:63ac21d8fc60ccc9fb5e89ecb48ad884 - Received request for transactions, startExclusive -> '00000000000000001b', endInclusive -> '%end%', filters -> {Bob::1220a82f9051f4828b80d8cf6620fba66562303f110452605ba6bb45381683dc7d49: ['3871bbf7cc5081b11362b3f94db3563d34f3e61465fc4032798a77c406a862b2:Main:Asset']}, verbose -> true, ledgerId -> 'sandbox'.
2026-01-13 16:43:13,049 [canton-env-ec-80] INFO  c.d.c.p.a.s.ApiActiveContractsService:participant=sandbox tid:ae0057f6e3fee19c9ccab5a27ef5f8d3 - Received request for active contracts: GetActiveContractsRequest(sandbox,Some(TransactionFilter(Map(Bob::1220a82f9051f4828b80d8cf6620fba66562303f110452605ba6bb45381683dc7d49 -> Filters(Some(InclusiveFilters(Vector(Identifier(3871bbf7cc5081b11362b3f94db3563d34f3e61465fc4032798a77c406a862b2,Main,TransferProposal)),Vector(),Vector())))))),true,), filters -> {Bob::1220a82f9051f4828b80d8cf6620fba66562303f110452605ba6bb45381683dc7d49: ['3871bbf7cc5081b11362b3f94db3563d34f3e61465fc4032798a77c406a862b2:Main:TransferProposal']}.
2026-01-13 16:43:13,059 [canton-env-ec-30] INFO  c.d.c.p.a.s.t.TransactionServiceImpl:participant=sandbox tid:bcbcd50a20db802c9b87df5595b70124 - Received request for transactions, startExclusive -> '00000000000000001b', endInclusive -> '%end%', filters -> {Bob::1220a82f9051f4828b80d8cf6620fba66562303f110452605ba6bb45381683dc7d49: ['3871bbf7cc5081b11362b3f94db3563d34f3e61465fc4032798a77c406a862b2:Main:TransferProposal']}, verbose -> true, ledgerId -> 'sandbox'.
2026-01-13 16:43:13,926 [canton-env-ec-74] INFO  c.d.c.p.a.s.c.CommandSubmissionServiceImpl:participant=sandbox tid:87b66f6b6d22332ea265874a79920724 - Phase 1 started: Submitting commands for interpretation: Commands(
  commandId = 81e2f1e8-7310-49f7-bfff-ed4e8119b163,
  submissionId = 74b4b260-a604-4547-920c-af102f84748d,
  applicationId = asset-transfer-app,
  actAs = Bob::1220a82f9051...,
  submittedAt = 2026-01-13T11:13:13.926234Z,
  ledgerEffectiveTime = 2026-01-13T11:13:13.926234Z,
  deduplicationPeriod = (duration=PT168H),
  ...
).
2026-01-13 16:43:13,937 [canton-env-ec-69] INFO  c.d.c.p.p.TransactionProcessor:participant=sandbox/domainId=local::1220e43d5d01 tid:87b66f6b6d22332ea265874a79920724 - Phase 1 completed: Submitting 3 envelopes for Transaction request, submitters Bob::1220a82f9051..., command-id 81e2f1e8-7310-49f7-bfff-ed4e8119b163
2026-01-13 16:43:13,940 [canton-env-ec-75] INFO  c.d.c.d.s.s.GrpcSequencerService:domain=local tid:87b66f6b6d22332ea265874a79920724 - 'PAR::sandbox::1220a82f9051...' sends request with id '28aacb70-4074-4a05-983a-7dc755b347df' of size 2664 bytes with 3 envelopes.
2026-01-13 16:43:13,947 [canton-env-ec-75] INFO  c.d.c.p.p.DefaultMessageDispatcher:participant=sandbox/domainId=local::1220e43d5d01 tid:87b66f6b6d22332ea265874a79920724 - Processing event at sc=92, ts=2026-01-13T11:13:13.942308Z, messageId=28aacb70-4074-4a05-983a-7dc755b347df, with contents=Seq(RootHashMessage(root hash = SHA-256:69657bed3450..., payload size = 0), EncryptedViewMessageV2(view hash = ViewHash(SHA-256:7947f092f912...), view type = TransactionViewType, size = 1259))
2026-01-13 16:43:13,948 [canton-env-ec-79] INFO  c.d.c.p.p.TransactionProcessor:participant=sandbox/domainId=local::1220e43d5d01 tid:87b66f6b6d22332ea265874a79920724 - Phase 3: Validating Transaction request=2026-01-13T11:13:13.942308Z with 1 envelope(s)
2026-01-13 16:43:13,949 [canton-env-ec-80] INFO  c.d.c.d.m.ConfirmationResponseProcessor:domain=local/node=mediator tid:87b66f6b6d22332ea265874a79920724 - Phase 2: Registered request=2026-01-13T11:13:13.942308Z with 1 view(s). Initial state: ViewPosition("") -> ViewState(
  quorumsState = Seq(
    Quorum(confirmers = Map(Alice::1220a82f9051... -> 1, Bob::1220a82f9051... -> 1), threshold = 2),
    Quorum(confirmers = Alice::1220a82f9051... -> 1, threshold = 1),
    Quorum(confirmers = sandbox::1220a82f9051... -> 1, threshold = 1)
  ),
  consortiumVoting = Map(Alice::1220a82f9051... -> ConsortiumVotingState(), Bob::1220a82f9051... -> ConsortiumVotingState(), sandbox::1220a82f9051... -> ConsortiumVotingState()),
  rejections = Seq()
)
2026-01-13 16:43:13,959 [canton-env-ec-69] INFO  c.d.c.p.p.TransactionProcessor:participant=sandbox/domainId=local::1220e43d5d01 tid:87b66f6b6d22332ea265874a79920724 - Phase 4: Sending for request=2026-01-13T11:13:13.942308Z with msgId=37e49325-de38-4d32-a6f1-7994fa1084a6 approved=1, rejected=0
2026-01-13 16:43:13,962 [canton-env-ec-28] INFO  c.d.c.d.s.s.GrpcSequencerService:domain=local tid:87b66f6b6d22332ea265874a79920724 - 'PAR::sandbox::1220a82f9051...' sends request with id '37e49325-de38-4d32-a6f1-7994fa1084a6' of size 736 bytes with 1 envelopes.
2026-01-13 16:43:13,966 [canton-env-ec-80] INFO  c.d.c.p.p.DefaultMessageDispatcher:participant=sandbox/domainId=local::1220e43d5d01 tid:87b66f6b6d22332ea265874a79920724 - Processing event at sc=93, ts=2026-01-13T11:13:13.963903Z, messageId=37e49325-de38-4d32-a6f1-7994fa1084a6, with contents=Seq()
2026-01-13 16:43:13,967 [canton-env-ec-75] INFO  c.d.c.d.m.ConfirmationResponseProcessor:domain=local/node=mediator tid:87b66f6b6d22332ea265874a79920724 - Phase 5: Received responses for request=RequestId(2026-01-13T11:13:13.942308Z): ParticipantResponse(sender = PAR::sandbox::1220a82f9051..., ts = 2026-01-13T11:13:13.963903Z, approved = 1)
2026-01-13 16:43:13,969 [canton-env-ec-30] INFO  c.d.c.d.m.ConfirmationResponseProcessor:domain=local/node=mediator tid:87b66f6b6d22332ea265874a79920724 - Phase 6: Finalized request=RequestId(2026-01-13T11:13:13.942308Z) with verdict Approve
2026-01-13 16:43:13,972 [canton-env-ec-68] INFO  c.d.c.d.s.s.GrpcSequencerService:domain=local tid:87b66f6b6d22332ea265874a79920724 - 'MED::local::1220e43d5d01...' sends request with id 'mmid:verdict:1768302793942308' of size 707 bytes with 1 envelopes.
2026-01-13 16:43:13,977 [canton-env-ec-30] INFO  c.d.c.p.p.DefaultMessageDispatcher:participant=sandbox/domainId=local::1220e43d5d01 tid:87b66f6b6d22332ea265874a79920724 - Processing event at sc=94, ts=2026-01-13T11:13:13.973357Z, with contents=SignedProtocolMessage(
  TransactionResultMessage(requestId = 2026-01-13T11:13:13.942308Z, verdict = Approve, rootHash = SHA-256:69657bed3450..., domainId = local::1220e43d5d01...),
  signatures = Signature(signature = d229ce28b5c8, signedBy = 12202894b251...)
)
2026-01-13 16:43:13,983 [input-mapping-pool-11] INFO  c.d.c.p.i.p.ParallelIndexerSubscription:participant=sandbox tid:87b66f6b6d22332ea265874a79920724 - Phase 7: Storing at offset=00000000000000001c TransactionAccepted(
  recordTime = 2026-01-13T11:13:13.942308Z,
  transactionId = 122069657bed34504a4ef4987685de8752741b5df2edae42682d9d9219c7652df455,
  transactionMeta = TransactionMeta(ledgerEffectiveTime = 2026-01-13T11:13:13.926234Z, submissionTime = 2026-01-13T11:13:13.926234Z, domainId = local::1220e43d5d01..., ...),
  completion = CompletionInfo(
    actAs = Bob::1220a82f9051...,
    commandId = 81e2f1e8-7310-49f7-bfff-ed4e8119b163,
    applicationId = asset-transfer-app,
    deduplication period = (offset=Offset(Bytes(000000000000000001))),
    submissionId = Some(74b4b260-a604-4547-920c-af102f84748d),
    ...
  ),
  nodes = 2,
  roots = 1,
  ...
)
2026-01-13 16:43:13,986 [canton-env-ec-76] INFO  c.d.c.p.a.s.t.TransactionServiceImpl:participant=sandbox - Received request for transaction by ID, ledgerId -> 'sandbox', transactionId -> '122069657bed34504a4ef4987685de8752741b5df2edae42682d9d9219c7652df455', parties -> ['Bob::1220a82f9051f4828b80d8cf6620fba66562303f110452605ba6bb45381683dc7d49'].
2026-01-13 16:43:14,551 [canton-env-ec-77] INFO  c.d.c.p.a.s.ApiActiveContractsService:participant=sandbox tid:255c4f84c1d43985658f41e7c5cb727d - Received request for active contracts: GetActiveContractsRequest(sandbox,Some(TransactionFilter(Map(Bob::1220a82f9051f4828b80d8cf6620fba66562303f110452605ba6bb45381683dc7d49 -> Filters(Some(InclusiveFilters(Vector(Identifier(3871bbf7cc5081b11362b3f94db3563d34f3e61465fc4032798a77c406a862b2,Main,Asset)),Vector(),Vector())))))),true,), filters -> {Bob::1220a82f9051f4828b80d8cf6620fba66562303f110452605ba6bb45381683dc7d49: ['3871bbf7cc5081b11362b3f94db3563d34f3e61465fc4032798a77c406a862b2:Main:Asset']}.
2026-01-13 16:43:14,558 [canton-env-ec-76] INFO  c.d.c.p.a.s.t.TransactionServiceImpl:participant=sandbox tid:e6fdd2d2494ce994d7ec3b785f0cb3e2 - Received request for transactions, startExclusive -> '00000000000000001c', endInclusive -> '%end%', filters -> {Bob::1220a82f9051f4828b80d8cf6620fba66562303f110452605ba6bb45381683dc7d49: ['3871bbf7cc5081b11362b3f94db3563d34f3e61465fc4032798a77c406a862b2:Main:Asset']}, verbose -> true, ledgerId -> 'sandbox'.
2026-01-13 16:43:14,599 [canton-env-ec-76] INFO  c.d.c.p.a.s.ApiActiveContractsService:participant=sandbox tid:73bfc8906c86b4e5a5a7cf4e2376e98d - Received request for active contracts: GetActiveContractsRequest(sandbox,Some(TransactionFilter(Map(Bob::1220a82f9051f4828b80d8cf6620fba66562303f110452605ba6bb45381683dc7d49 -> Filters(Some(InclusiveFilters(Vector(Identifier(3871bbf7cc5081b11362b3f94db3563d34f3e61465fc4032798a77c406a862b2,Main,TransferProposal)),Vector(),Vector())))))),true,), filters -> {Bob::1220a82f9051f4828b80d8cf6620fba66562303f110452605ba6bb45381683dc7d49: ['3871bbf7cc5081b11362b3f94db3563d34f3e61465fc4032798a77c406a862b2:Main:TransferProposal']}.
2026-01-13 16:43:14,606 [canton-env-ec-22] INFO  c.d.c.p.a.s.t.TransactionServiceImpl:participant=sandbox tid:746b86c55dbaa26debc8050640988e0d - Received request for transactions, startExclusive -> '00000000000000001c', endInclusive -> '%end%', filters -> {Bob::1220a82f9051f4828b80d8cf6620fba66562303f110452605ba6bb45381683dc7d49: ['3871bbf7cc5081b11362b3f94db3563d34f3e61465fc4032798a77c406a862b2:Main:TransferProposal']}, verbose -> true, ledgerId -> 'sandbox'.
2026-01-13 16:43:15,575 [canton-env-ec-77] INFO  c.d.c.p.a.s.c.CommandSubmissionServiceImpl:participant=sandbox tid:faffd22c9de71dc5112e27055ffdd97c - Phase 1 started: Submitting commands for interpretation: Commands(
  commandId = a62a8256-536a-41bf-bbc6-d0bf9b33349e,
  submissionId = a77a19ec-1d74-455d-a2eb-336d51891b11,
  applicationId = asset-transfer-app,
  actAs = Bob::1220a82f9051...,
  submittedAt = 2026-01-13T11:13:15.574532Z,
  ledgerEffectiveTime = 2026-01-13T11:13:15.574531Z,
  deduplicationPeriod = (duration=PT168H),
  ...
).
2026-01-13 16:43:15,594 [canton-env-ec-77] INFO  c.d.c.p.p.TransactionProcessor:participant=sandbox/domainId=local::1220e43d5d01 tid:faffd22c9de71dc5112e27055ffdd97c - Phase 1 completed: Submitting 3 envelopes for Transaction request, submitters Bob::1220a82f9051..., command-id a62a8256-536a-41bf-bbc6-d0bf9b33349e
2026-01-13 16:43:15,598 [canton-env-ec-78] INFO  c.d.c.d.s.s.GrpcSequencerService:domain=local tid:faffd22c9de71dc5112e27055ffdd97c - 'PAR::sandbox::1220a82f9051...' sends request with id '74ccdf7e-7504-42e8-930d-b446caa2fbf2' of size 2659 bytes with 3 envelopes.
2026-01-13 16:43:15,608 [canton-env-ec-69] INFO  c.d.c.p.p.DefaultMessageDispatcher:participant=sandbox/domainId=local::1220e43d5d01 tid:faffd22c9de71dc5112e27055ffdd97c - Processing event at sc=95, ts=2026-01-13T11:13:15.601935Z, messageId=74ccdf7e-7504-42e8-930d-b446caa2fbf2, with contents=Seq(RootHashMessage(root hash = SHA-256:01fe80cf2126..., payload size = 0), EncryptedViewMessageV2(view hash = ViewHash(SHA-256:3f9310713887...), view type = TransactionViewType, size = 1255))
2026-01-13 16:43:15,610 [canton-env-ec-28] INFO  c.d.c.p.p.TransactionProcessor:participant=sandbox/domainId=local::1220e43d5d01 tid:faffd22c9de71dc5112e27055ffdd97c - Phase 3: Validating Transaction request=2026-01-13T11:13:15.601935Z with 1 envelope(s)
2026-01-13 16:43:15,613 [canton-env-ec-77] INFO  c.d.c.d.m.ConfirmationResponseProcessor:domain=local/node=mediator tid:faffd22c9de71dc5112e27055ffdd97c - Phase 2: Registered request=2026-01-13T11:13:15.601935Z with 1 view(s). Initial state: ViewPosition("") -> ViewState(
  quorumsState = Seq(
    Quorum(confirmers = Map(Alice::1220a82f9051... -> 1, Bob::1220a82f9051... -> 1), threshold = 2),
    Quorum(confirmers = Alice::1220a82f9051... -> 1, threshold = 1),
    Quorum(confirmers = sandbox::1220a82f9051... -> 1, threshold = 1)
  ),
  consortiumVoting = Map(Alice::1220a82f9051... -> ConsortiumVotingState(), Bob::1220a82f9051... -> ConsortiumVotingState(), sandbox::1220a82f9051... -> ConsortiumVotingState()),
  rejections = Seq()
)
2026-01-13 16:43:15,625 [canton-env-ec-69] INFO  c.d.c.p.p.TransactionProcessor:participant=sandbox/domainId=local::1220e43d5d01 tid:faffd22c9de71dc5112e27055ffdd97c - Phase 4: Sending for request=2026-01-13T11:13:15.601935Z with msgId=ade18465-09f7-4535-9908-b77b5dd7c4e6 approved=1, rejected=0
2026-01-13 16:43:15,628 [canton-env-ec-27] INFO  c.d.c.d.s.s.GrpcSequencerService:domain=local tid:faffd22c9de71dc5112e27055ffdd97c - 'PAR::sandbox::1220a82f9051...' sends request with id 'ade18465-09f7-4535-9908-b77b5dd7c4e6' of size 731 bytes with 1 envelopes.
2026-01-13 16:43:15,635 [canton-env-ec-68] INFO  c.d.c.p.p.DefaultMessageDispatcher:participant=sandbox/domainId=local::1220e43d5d01 tid:faffd22c9de71dc5112e27055ffdd97c - Processing event at sc=96, ts=2026-01-13T11:13:15.629713Z, messageId=ade18465-09f7-4535-9908-b77b5dd7c4e6, with contents=Seq()
2026-01-13 16:43:15,635 [canton-env-ec-80] INFO  c.d.c.d.m.ConfirmationResponseProcessor:domain=local/node=mediator tid:faffd22c9de71dc5112e27055ffdd97c - Phase 5: Received responses for request=RequestId(2026-01-13T11:13:15.601935Z): ParticipantResponse(sender = PAR::sandbox::1220a82f9051..., ts = 2026-01-13T11:13:15.629713Z, approved = 1)
2026-01-13 16:43:15,637 [canton-env-ec-76] INFO  c.d.c.d.m.ConfirmationResponseProcessor:domain=local/node=mediator tid:faffd22c9de71dc5112e27055ffdd97c - Phase 6: Finalized request=RequestId(2026-01-13T11:13:15.601935Z) with verdict Approve
2026-01-13 16:43:15,639 [canton-env-ec-28] INFO  c.d.c.d.s.s.GrpcSequencerService:domain=local tid:faffd22c9de71dc5112e27055ffdd97c - 'MED::local::1220e43d5d01...' sends request with id 'mmid:verdict:1768302795601935' of size 703 bytes with 1 envelopes.
2026-01-13 16:43:15,645 [canton-env-ec-28] INFO  c.d.c.p.p.DefaultMessageDispatcher:participant=sandbox/domainId=local::1220e43d5d01 tid:faffd22c9de71dc5112e27055ffdd97c - Processing event at sc=97, ts=2026-01-13T11:13:15.641040Z, with contents=SignedProtocolMessage(
  TransactionResultMessage(requestId = 2026-01-13T11:13:15.601935Z, verdict = Approve, rootHash = SHA-256:01fe80cf2126..., domainId = local::1220e43d5d01...),
  signatures = Signature(signature = 9a03061550a6, signedBy = 12202894b251...)
)
2026-01-13 16:43:15,653 [input-mapping-pool-12] INFO  c.d.c.p.i.p.ParallelIndexerSubscription:participant=sandbox tid:faffd22c9de71dc5112e27055ffdd97c - Phase 7: Storing at offset=00000000000000001d TransactionAccepted(
  recordTime = 2026-01-13T11:13:15.601935Z,
  transactionId = 122001fe80cf212683bebe7f380390402c69be130596777ccd408291b308ad13a5a1,
  transactionMeta = TransactionMeta(ledgerEffectiveTime = 2026-01-13T11:13:15.574531Z, submissionTime = 2026-01-13T11:13:15.574531Z, domainId = local::1220e43d5d01..., ...),
  completion = CompletionInfo(
    actAs = Bob::1220a82f9051...,
    commandId = a62a8256-536a-41bf-bbc6-d0bf9b33349e,
    applicationId = asset-transfer-app,
    deduplication period = (offset=Offset(Bytes(000000000000000001))),
    submissionId = Some(a77a19ec-1d74-455d-a2eb-336d51891b11),
    ...
  ),
  nodes = 2,
  roots = 1,
  ...
)
2026-01-13 16:43:15,659 [canton-env-ec-74] INFO  c.d.c.p.a.s.t.TransactionServiceImpl:participant=sandbox - Received request for transaction by ID, ledgerId -> 'sandbox', transactionId -> '122001fe80cf212683bebe7f380390402c69be130596777ccd408291b308ad13a5a1', parties -> ['Bob::1220a82f9051f4828b80d8cf6620fba66562303f110452605ba6bb45381683dc7d49'].
2026-01-13 16:43:16,230 [canton-env-ec-27] INFO  c.d.c.p.a.s.ApiActiveContractsService:participant=sandbox tid:209d11f31f1d7d77e8a196e1ee0465d2 - Received request for active contracts: GetActiveContractsRequest(sandbox,Some(TransactionFilter(Map(Bob::1220a82f9051f4828b80d8cf6620fba66562303f110452605ba6bb45381683dc7d49 -> Filters(Some(InclusiveFilters(Vector(Identifier(3871bbf7cc5081b11362b3f94db3563d34f3e61465fc4032798a77c406a862b2,Main,Asset)),Vector(),Vector())))))),true,), filters -> {Bob::1220a82f9051f4828b80d8cf6620fba66562303f110452605ba6bb45381683dc7d49: ['3871bbf7cc5081b11362b3f94db3563d34f3e61465fc4032798a77c406a862b2:Main:Asset']}.
2026-01-13 16:43:16,238 [canton-env-ec-72] INFO  c.d.c.p.a.s.t.TransactionServiceImpl:participant=sandbox tid:c9c13ff66c68a4b04c8b6c235722e5e5 - Received request for transactions, startExclusive -> '00000000000000001d', endInclusive -> '%end%', filters -> {Bob::1220a82f9051f4828b80d8cf6620fba66562303f110452605ba6bb45381683dc7d49: ['3871bbf7cc5081b11362b3f94db3563d34f3e61465fc4032798a77c406a862b2:Main:Asset']}, verbose -> true, ledgerId -> 'sandbox'.
2026-01-13 16:43:16,283 [canton-env-ec-69] INFO  c.d.c.p.a.s.ApiActiveContractsService:participant=sandbox tid:64f33e271b22e44e1fb278eb83058a1e - Received request for active contracts: GetActiveContractsRequest(sandbox,Some(TransactionFilter(Map(Bob::1220a82f9051f4828b80d8cf6620fba66562303f110452605ba6bb45381683dc7d49 -> Filters(Some(InclusiveFilters(Vector(Identifier(3871bbf7cc5081b11362b3f94db3563d34f3e61465fc4032798a77c406a862b2,Main,TransferProposal)),Vector(),Vector())))))),true,), filters -> {Bob::1220a82f9051f4828b80d8cf6620fba66562303f110452605ba6bb45381683dc7d49: ['3871bbf7cc5081b11362b3f94db3563d34f3e61465fc4032798a77c406a862b2:Main:TransferProposal']}.
2026-01-13 16:43:16,302 [canton-env-ec-75] INFO  c.d.c.p.a.s.t.TransactionServiceImpl:participant=sandbox tid:27634278c8242fb53c85f20e3f34f449 - Received request for transactions, startExclusive -> '00000000000000001d', endInclusive -> '%end%', filters -> {Bob::1220a82f9051f4828b80d8cf6620fba66562303f110452605ba6bb45381683dc7d49: ['3871bbf7cc5081b11362b3f94db3563d34f3e61465fc4032798a77c406a862b2:Main:TransferProposal']}, verbose -> true, ledgerId -> 'sandbox'.
2026-01-13 16:43:16,326 [canton-env-ec-27] INFO  c.d.c.d.s.s.GrpcSequencerService:domain=local tid:d5973e53f432a31e0e838636d5866a68 - 'PAR::sandbox::1220a82f9051...' sends request with id 'tick-946e4a02-766f-4c84-a6c1-f7a40803d94c' of size 338 bytes with 0 envelopes.
2026-01-13 16:43:17,939 [canton-env-ec-74] INFO  c.d.c.p.a.s.c.CommandSubmissionServiceImpl:participant=sandbox tid:e282b127b017a2d315e4ade700d68c5c - Phase 1 started: Submitting commands for interpretation: Commands(
  commandId = 3bc9bb3a-6d39-4d72-ad2a-ebbc5c622ef3,
  submissionId = c01448e5-d3c7-432a-b54e-eb243effb66f,
  applicationId = asset-transfer-app,
  actAs = Bob::1220a82f9051...,
  submittedAt = 2026-01-13T11:13:17.938927Z,
  ledgerEffectiveTime = 2026-01-13T11:13:17.938927Z,
  deduplicationPeriod = (duration=PT168H),
  ...
).
2026-01-13 16:43:17,948 [canton-env-ec-77] INFO  c.d.c.p.p.TransactionProcessor:participant=sandbox/domainId=local::1220e43d5d01 tid:e282b127b017a2d315e4ade700d68c5c - Phase 1 completed: Submitting 3 envelopes for Transaction request, submitters Bob::1220a82f9051..., command-id 3bc9bb3a-6d39-4d72-ad2a-ebbc5c622ef3
2026-01-13 16:43:17,950 [canton-env-ec-29] INFO  c.d.c.d.s.s.GrpcSequencerService:domain=local tid:e282b127b017a2d315e4ade700d68c5c - 'PAR::sandbox::1220a82f9051...' sends request with id '34f45448-b6f5-4d35-8b40-391528a6b014' of size 2646 bytes with 3 envelopes.
2026-01-13 16:43:17,957 [canton-env-ec-75] INFO  c.d.c.p.p.DefaultMessageDispatcher:participant=sandbox/domainId=local::1220e43d5d01 tid:e282b127b017a2d315e4ade700d68c5c - Processing event at sc=99, ts=2026-01-13T11:13:17.952312Z, messageId=34f45448-b6f5-4d35-8b40-391528a6b014, with contents=Seq(RootHashMessage(root hash = SHA-256:5e18ac9d0298..., payload size = 0), EncryptedViewMessageV2(view hash = ViewHash(SHA-256:cd4d14a4fe0e...), view type = TransactionViewType, size = 1240))
2026-01-13 16:43:17,958 [canton-env-ec-68] INFO  c.d.c.p.p.TransactionProcessor:participant=sandbox/domainId=local::1220e43d5d01 tid:e282b127b017a2d315e4ade700d68c5c - Phase 3: Validating Transaction request=2026-01-13T11:13:17.952312Z with 1 envelope(s)
2026-01-13 16:43:17,962 [canton-env-ec-22] INFO  c.d.c.d.m.ConfirmationResponseProcessor:domain=local/node=mediator tid:e282b127b017a2d315e4ade700d68c5c - Phase 2: Registered request=2026-01-13T11:13:17.952312Z with 1 view(s). Initial state: ViewPosition("") -> ViewState(
  quorumsState = Seq(
    Quorum(confirmers = Map(Alice::1220a82f9051... -> 1, Bob::1220a82f9051... -> 1), threshold = 2),
    Quorum(confirmers = Alice::1220a82f9051... -> 1, threshold = 1),
    Quorum(confirmers = sandbox::1220a82f9051... -> 1, threshold = 1)
  ),
  consortiumVoting = Map(Alice::1220a82f9051... -> ConsortiumVotingState(), Bob::1220a82f9051... -> ConsortiumVotingState(), sandbox::1220a82f9051... -> ConsortiumVotingState()),
  rejections = Seq()
)
2026-01-13 16:43:17,973 [canton-env-ec-79] INFO  c.d.c.p.p.TransactionProcessor:participant=sandbox/domainId=local::1220e43d5d01 tid:e282b127b017a2d315e4ade700d68c5c - Phase 4: Sending for request=2026-01-13T11:13:17.952312Z with msgId=8c2f1dae-b678-4697-a5e4-faab8628634b approved=1, rejected=0
2026-01-13 16:43:17,978 [canton-env-ec-29] INFO  c.d.c.d.s.s.GrpcSequencerService:domain=local tid:e282b127b017a2d315e4ade700d68c5c - 'PAR::sandbox::1220a82f9051...' sends request with id '8c2f1dae-b678-4697-a5e4-faab8628634b' of size 733 bytes with 1 envelopes.
2026-01-13 16:43:17,986 [canton-env-ec-71] INFO  c.d.c.p.p.DefaultMessageDispatcher:participant=sandbox/domainId=local::1220e43d5d01 tid:e282b127b017a2d315e4ade700d68c5c - Processing event at sc=100, ts=2026-01-13T11:13:17.979642Z, messageId=8c2f1dae-b678-4697-a5e4-faab8628634b, with contents=Seq()
2026-01-13 16:43:17,987 [canton-env-ec-71] INFO  c.d.c.d.m.ConfirmationResponseProcessor:domain=local/node=mediator tid:e282b127b017a2d315e4ade700d68c5c - Phase 5: Received responses for request=RequestId(2026-01-13T11:13:17.952312Z): ParticipantResponse(sender = PAR::sandbox::1220a82f9051..., ts = 2026-01-13T11:13:17.979642Z, approved = 1)
2026-01-13 16:43:17,989 [canton-env-ec-72] INFO  c.d.c.d.m.ConfirmationResponseProcessor:domain=local/node=mediator tid:e282b127b017a2d315e4ade700d68c5c - Phase 6: Finalized request=RequestId(2026-01-13T11:13:17.952312Z) with verdict Approve
2026-01-13 16:43:17,992 [canton-env-ec-75] INFO  c.d.c.d.s.s.GrpcSequencerService:domain=local tid:e282b127b017a2d315e4ade700d68c5c - 'MED::local::1220e43d5d01...' sends request with id 'mmid:verdict:1768302797952312' of size 707 bytes with 1 envelopes.
2026-01-13 16:43:17,998 [canton-env-ec-68] INFO  c.d.c.p.p.DefaultMessageDispatcher:participant=sandbox/domainId=local::1220e43d5d01 tid:e282b127b017a2d315e4ade700d68c5c - Processing event at sc=101, ts=2026-01-13T11:13:17.994199Z, with contents=SignedProtocolMessage(
  TransactionResultMessage(requestId = 2026-01-13T11:13:17.952312Z, verdict = Approve, rootHash = SHA-256:5e18ac9d0298..., domainId = local::1220e43d5d01...),
  signatures = Signature(signature = cf4b4baf45f3, signedBy = 12202894b251...)
)
2026-01-13 16:43:18,003 [input-mapping-pool-13] INFO  c.d.c.p.i.p.ParallelIndexerSubscription:participant=sandbox tid:e282b127b017a2d315e4ade700d68c5c - Phase 7: Storing at offset=00000000000000001e TransactionAccepted(
  recordTime = 2026-01-13T11:13:17.952312Z,
  transactionId = 12205e18ac9d0298ee4b6a41bf2e0a6c7de3d3b066d107623eb166c66dc800350510,
  transactionMeta = TransactionMeta(ledgerEffectiveTime = 2026-01-13T11:13:17.938927Z, submissionTime = 2026-01-13T11:13:17.938927Z, domainId = local::1220e43d5d01..., ...),
  completion = CompletionInfo(
    actAs = Bob::1220a82f9051...,
    commandId = 3bc9bb3a-6d39-4d72-ad2a-ebbc5c622ef3,
    applicationId = asset-transfer-app,
    deduplication period = (offset=Offset(Bytes(000000000000000001))),
    submissionId = Some(c01448e5-d3c7-432a-b54e-eb243effb66f),
    ...
  ),
  nodes = 2,
  roots = 1,
  ...
)
2026-01-13 16:43:18,007 [canton-env-ec-80] INFO  c.d.c.p.a.s.t.TransactionServiceImpl:participant=sandbox - Received request for transaction by ID, ledgerId -> 'sandbox', transactionId -> '12205e18ac9d0298ee4b6a41bf2e0a6c7de3d3b066d107623eb166c66dc800350510', parties -> ['Bob::1220a82f9051f4828b80d8cf6620fba66562303f110452605ba6bb45381683dc7d49'].
2026-01-13 16:43:18,574 [canton-env-ec-74] INFO  c.d.c.p.a.s.ApiActiveContractsService:participant=sandbox tid:bea835f60f54610b089a8877f45b0f8d - Received request for active contracts: GetActiveContractsRequest(sandbox,Some(TransactionFilter(Map(Bob::1220a82f9051f4828b80d8cf6620fba66562303f110452605ba6bb45381683dc7d49 -> Filters(Some(InclusiveFilters(Vector(Identifier(3871bbf7cc5081b11362b3f94db3563d34f3e61465fc4032798a77c406a862b2,Main,Asset)),Vector(),Vector())))))),true,), filters -> {Bob::1220a82f9051f4828b80d8cf6620fba66562303f110452605ba6bb45381683dc7d49: ['3871bbf7cc5081b11362b3f94db3563d34f3e61465fc4032798a77c406a862b2:Main:Asset']}.
2026-01-13 16:43:18,580 [canton-env-ec-74] INFO  c.d.c.p.a.s.t.TransactionServiceImpl:participant=sandbox tid:fe0ea5507870829966c733f6995426bd - Received request for transactions, startExclusive -> '00000000000000001e', endInclusive -> '%end%', filters -> {Bob::1220a82f9051f4828b80d8cf6620fba66562303f110452605ba6bb45381683dc7d49: ['3871bbf7cc5081b11362b3f94db3563d34f3e61465fc4032798a77c406a862b2:Main:Asset']}, verbose -> true, ledgerId -> 'sandbox'.
2026-01-13 16:43:18,621 [canton-env-ec-80] INFO  c.d.c.p.a.s.ApiActiveContractsService:participant=sandbox tid:8cdc0d317659ac9e832c5a8da052221e - Received request for active contracts: GetActiveContractsRequest(sandbox,Some(TransactionFilter(Map(Bob::1220a82f9051f4828b80d8cf6620fba66562303f110452605ba6bb45381683dc7d49 -> Filters(Some(InclusiveFilters(Vector(Identifier(3871bbf7cc5081b11362b3f94db3563d34f3e61465fc4032798a77c406a862b2,Main,TransferProposal)),Vector(),Vector())))))),true,), filters -> {Bob::1220a82f9051f4828b80d8cf6620fba66562303f110452605ba6bb45381683dc7d49: ['3871bbf7cc5081b11362b3f94db3563d34f3e61465fc4032798a77c406a862b2:Main:TransferProposal']}.
2026-01-13 16:43:18,626 [canton-env-ec-74] INFO  c.d.c.p.a.s.t.TransactionServiceImpl:participant=sandbox tid:f6a6368a649b808d82d277453518e1a4 - Received request for transactions, startExclusive -> '00000000000000001e', endInclusive -> '%end%', filters -> {Bob::1220a82f9051f4828b80d8cf6620fba66562303f110452605ba6bb45381683dc7d49: ['3871bbf7cc5081b11362b3f94db3563d34f3e61465fc4032798a77c406a862b2:Main:TransferProposal']}, verbose -> true, ledgerId -> 'sandbox'.
2026-01-13 16:43:20,162 [canton-env-ec-80] INFO  c.d.c.p.a.s.ApiActiveContractsService:participant=sandbox tid:f3f240e54b4a3cd5299fa64e3ab56b4e - Received request for active contracts: GetActiveContractsRequest(sandbox,Some(TransactionFilter(Map(Alice::1220a82f9051f4828b80d8cf6620fba66562303f110452605ba6bb45381683dc7d49 -> Filters(Some(InclusiveFilters(Vector(Identifier(3871bbf7cc5081b11362b3f94db3563d34f3e61465fc4032798a77c406a862b2,Main,Asset)),Vector(),Vector())))))),true,), filters -> {Alice::1220a82f9051f4828b80d8cf6620fba66562303f110452605ba6bb45381683dc7d49: ['3871bbf7cc5081b11362b3f94db3563d34f3e61465fc4032798a77c406a862b2:Main:Asset']}.
2026-01-13 16:43:20,175 [canton-env-ec-75] INFO  c.d.c.p.a.s.t.TransactionServiceImpl:participant=sandbox tid:fde137545c83661cd616a1c57de2c968 - Received request for transactions, startExclusive -> '00000000000000001e', endInclusive -> '%end%', filters -> {Alice::1220a82f9051f4828b80d8cf6620fba66562303f110452605ba6bb45381683dc7d49: ['3871bbf7cc5081b11362b3f94db3563d34f3e61465fc4032798a77c406a862b2:Main:Asset']}, verbose -> true, ledgerId -> 'sandbox'.
2026-01-13 16:43:20,248 [canton-env-ec-72] INFO  c.d.c.p.a.s.ApiActiveContractsService:participant=sandbox tid:7d6323c43f4d167eef522a58216c7ffe - Received request for active contracts: GetActiveContractsRequest(sandbox,Some(TransactionFilter(Map(Alice::1220a82f9051f4828b80d8cf6620fba66562303f110452605ba6bb45381683dc7d49 -> Filters(Some(InclusiveFilters(Vector(Identifier(3871bbf7cc5081b11362b3f94db3563d34f3e61465fc4032798a77c406a862b2,Main,Asset)),Vector(),Vector())))))),true,), filters -> {Alice::1220a82f9051f4828b80d8cf6620fba66562303f110452605ba6bb45381683dc7d49: ['3871bbf7cc5081b11362b3f94db3563d34f3e61465fc4032798a77c406a862b2:Main:Asset']}.
2026-01-13 16:43:20,260 [canton-env-ec-22] INFO  c.d.c.p.a.s.t.TransactionServiceImpl:participant=sandbox tid:3f13f79a4a7bc5838a13c68096bf4585 - Received request for transactions, startExclusive -> '00000000000000001e', endInclusive -> '%end%', filters -> {Alice::1220a82f9051f4828b80d8cf6620fba66562303f110452605ba6bb45381683dc7d49: ['3871bbf7cc5081b11362b3f94db3563d34f3e61465fc4032798a77c406a862b2:Main:Asset']}, verbose -> true, ledgerId -> 'sandbox'.
2026-01-13 16:43:20,310 [canton-env-ec-75] INFO  c.d.c.p.a.s.ApiActiveContractsService:participant=sandbox tid:4e76e235672de4d3cd8f7ba9d55d6e98 - Received request for active contracts: GetActiveContractsRequest(sandbox,Some(TransactionFilter(Map(Alice::1220a82f9051f4828b80d8cf6620fba66562303f110452605ba6bb45381683dc7d49 -> Filters(Some(InclusiveFilters(Vector(Identifier(3871bbf7cc5081b11362b3f94db3563d34f3e61465fc4032798a77c406a862b2,Main,TransferProposal)),Vector(),Vector())))))),true,), filters -> {Alice::1220a82f9051f4828b80d8cf6620fba66562303f110452605ba6bb45381683dc7d49: ['3871bbf7cc5081b11362b3f94db3563d34f3e61465fc4032798a77c406a862b2:Main:TransferProposal']}.
2026-01-13 16:43:20,317 [canton-env-ec-72] INFO  c.d.c.p.a.s.t.TransactionServiceImpl:participant=sandbox tid:01c4232ac4ec2629539695e7937ed02b - Received request for transactions, startExclusive -> '00000000000000001e', endInclusive -> '%end%', filters -> {Alice::1220a82f9051f4828b80d8cf6620fba66562303f110452605ba6bb45381683dc7d49: ['3871bbf7cc5081b11362b3f94db3563d34f3e61465fc4032798a77c406a862b2:Main:TransferProposal']}, verbose -> true, ledgerId -> 'sandbox'.
2026-01-13 16:43:20,443 [canton-env-ec-72] INFO  c.d.c.d.s.s.GrpcSequencerService:domain=local tid:d5973e53f432a31e0e838636d5866a68 - 'MED::local::1220e43d5d01...' sends request with id 'tick-47d2abb7-4440-45bf-9031-2eb901ea86c1' of size 336 bytes with 0 envelopes.
2026-01-13 16:43:22,683 [canton-env-ec-29] INFO  c.d.c.d.s.s.GrpcSequencerService:domain=local tid:d5973e53f432a31e0e838636d5866a68 - 'PAR::sandbox::1220a82f9051...' sends request with id 'tick-6fb11933-8574-449d-8e1d-395da618f36f' of size 338 bytes with 0 envelopes.
2026-01-13 16:43:32,223 [canton-env-ec-80] INFO  c.d.c.d.s.s.GrpcSequencerService:domain=local tid:d5973e53f432a31e0e838636d5866a68 - 'MED::local::1220e43d5d01...' sends request with id 'tick-91dc54f9-64df-4c78-a08c-ef7be1b71b36' of size 336 bytes with 0 envelopes.
2026-01-13 16:43:40,419 [canton-env-ec-76] INFO  c.d.c.d.s.s.GrpcSequencerService:domain=local tid:d5973e53f432a31e0e838636d5866a68 - 'MED::local::1220e43d5d01...' sends request with id 'tick-299451d0-f565-458a-81bb-6f6f19d23f10' of size 335 bytes with 0 envelopes.
2026-01-13 16:43:42,660 [canton-env-ec-27] INFO  c.d.c.d.s.s.GrpcSequencerService:domain=local tid:d5973e53f432a31e0e838636d5866a68 - 'MED::local::1220e43d5d01...' sends request with id 'tick-23a8816d-2f69-42eb-81f4-561e7986c97e' of size 336 bytes with 0 envelopes.
2026-01-13 16:43:44,206 [canton-env-ec-76] INFO  c.d.c.d.s.s.GrpcSequencerService:domain=local tid:d5973e53f432a31e0e838636d5866a68 - 'MED::local::1220e43d5d01...' sends request with id 'tick-4d783d4e-b369-440b-b3a3-5a65fffdf4c2' of size 336 bytes with 0 envelopes.
2026-01-13 16:43:45,860 [canton-env-ec-28] INFO  c.d.c.d.s.s.GrpcSequencerService:domain=local tid:d5973e53f432a31e0e838636d5866a68 - 'MED::local::1220e43d5d01...' sends request with id 'tick-226fb546-e47d-4d5e-805d-882b988ea782' of size 335 bytes with 0 envelopes.
2026-01-13 16:43:48,214 [canton-env-ec-28] INFO  c.d.c.d.s.s.GrpcSequencerService:domain=local tid:d5973e53f432a31e0e838636d5866a68 - 'MED::local::1220e43d5d01...' sends request with id 'tick-322504a7-b952-43af-9e30-04762cb87da3' of size 336 bytes with 0 envelopes.
2026-01-13 16:43:50,440 [canton-env-ec-27] INFO  c.d.c.d.s.s.GrpcSequencerService:domain=local tid:d5973e53f432a31e0e838636d5866a68 - 'PAR::sandbox::1220a82f9051...' sends request with id 'tick-7fb64190-b017-4759-8003-00f6347310d5' of size 338 bytes with 0 envelopes.
2026-01-13 16:44:02,182 [canton-env-ec-76] INFO  c.d.c.d.s.s.GrpcSequencerService:domain=local tid:d5973e53f432a31e0e838636d5866a68 - 'PAR::sandbox::1220a82f9051...' sends request with id 'tick-d6bed05a-44bc-4cdc-ab7d-6d45b860818d' of size 338 bytes with 0 envelopes.
2026-01-13 16:44:10,383 [canton-env-ec-22] INFO  c.d.c.d.s.s.GrpcSequencerService:domain=local tid:d5973e53f432a31e0e838636d5866a68 - 'PAR::sandbox::1220a82f9051...' sends request with id 'tick-b06c1c57-d1c9-40a8-a513-80157f6ba740' of size 337 bytes with 0 envelopes.
2026-01-13 16:44:12,640 [canton-env-ec-29] INFO  c.d.c.d.s.s.GrpcSequencerService:domain=local tid:d5973e53f432a31e0e838636d5866a68 - 'PAR::sandbox::1220a82f9051...' sends request with id 'tick-6e4cc5ac-62aa-420a-bb99-7cbd80ffab28' of size 338 bytes with 0 envelopes.
2026-01-13 16:44:14,190 [canton-env-ec-29] INFO  c.d.c.d.s.s.GrpcSequencerService:domain=local tid:d5973e53f432a31e0e838636d5866a68 - 'PAR::sandbox::1220a82f9051...' sends request with id 'tick-65991b26-1099-4ae6-b5b2-ea9dc0fb2093' of size 338 bytes with 0 envelopes.
2026-01-13 16:44:15,836 [canton-env-ec-28] INFO  c.d.c.d.s.s.GrpcSequencerService:domain=local tid:d5973e53f432a31e0e838636d5866a68 - 'PAR::sandbox::1220a82f9051...' sends request with id 'tick-9b4ac6f6-2966-414c-8fc4-75db84ff1294' of size 337 bytes with 0 envelopes.
2026-01-13 16:44:18,211 [canton-env-ec-72] INFO  c.d.c.d.s.s.GrpcSequencerService:domain=local tid:d5973e53f432a31e0e838636d5866a68 - 'PAR::sandbox::1220a82f9051...' sends request with id 'tick-358d9c83-a770-4016-8753-fb6efad5fdc2' of size 338 bytes with 0 envelopes.
